timestamp,process_name,parent_name,cpu_percent,memory_mb,file_type,event_type,label
1790946111.646,System Idle Process,,,0.0,,START,Normal
1790946111.646,System,System Idle Process,,9.3,,START,Normal
1790946111.646,,,,0.1,,START,Normal
1790946111.646,Registry,,,46.7,,START,Normal
1790946111.646,Code.exe,Code.exe,,159.7,,START,Normal
1790946111.646,smss.exe,System,,1.4,,START,Normal
1790946111.646,csrss.exe,,,6.8,,START,Normal
1790946111.646,svchost.exe,services.exe,,12.7,,START,Normal
1790946111.646,wininit.exe,,,9.4,,START,Normal
1790946111.646,services.exe,wininit.exe,,10.7,,START,Normal
1790946111.646,svchost.exe,services.exe,,12.2,,START,Normal
1790946111.646,LsaIso.exe,wininit.exe,,3.9,,START,Normal
1790946111.646,lsass.exe,wininit.exe,,32.6,,START,Normal
1790946111.646,IntelCpHDCPSvc.exe,services.exe,,9.2,,START,Normal
1790946111.646,svchost.exe,services.exe,,7.6,,START,Normal
1790946111.646,svchost.exe,services.exe,,44.8,,START,Normal
1790946111.646,fontdrvhost.exe,wininit.exe,,4.3,,START,Normal
1790946111.646,WUDFHost.exe,services.exe,,21.7,,START,Normal
1790946111.646,svchost.exe,services.exe,,19.9,,START,Normal
1790946111.646,svchost.exe,services.exe,,12.8,,START,Normal
1790946111.646,svchost.exe,services.exe,,6.8,,START,Normal
1790946111.646,svchost.exe,services.exe,,12.2,,START,Normal
1790946111.646,svchost.exe,services.exe,,22.1,,START,Normal
1790946111.646,svchost.exe,services.exe,,17.1,,START,Normal
1790946111.646,igfxEM.exe,igfxCUIService.exe,,17.2,,START,Normal
1790946111.646,svchost.exe,services.exe,,16.9,,START,Normal
1790946111.646,svchost.exe,services.exe,,13.6,,START,Normal
1790946111.646,svchost.exe,services.exe,,15.0,,START,Normal
1790946111.646,svchost.exe,services.exe,,30.6,,START,Normal
1790946111.646,svchost.exe,services.exe,,12.4,,START,Normal
1790946111.646,svchost.exe,services.exe,,13.9,,START,Normal
1790946111.646,IntelCpHeciSvc.exe,services.exe,,9.3,,START,Normal
1790946111.646,svchost.exe,services.exe,,24.2,,START,Normal
1790946111.646,brave.exe,brave.exe,,392.6,,START,Normal
1790946111.646,svchost.exe,services.exe,,8.0,,START,Normal
1790946111.646,svchost.exe,services.exe,,22.4,,START,Normal
1790946111.646,smartscreen.exe,svchost.exe,,13.0,,START,Normal
1790946111.646,svchost.exe,services.exe,,10.2,,START,Normal
1790946111.646,NVDisplay.Container.exe,services.exe,,36.7,,START,Normal
1790946111.646,NVIDIA Overlay.exe,NVIDIA Overlay.exe,,94.9,,START,Normal
1790946111.646,svchost.exe,services.exe,,12.1,,START,Normal
1790946111.646,PresentationFontCache.exe,services.exe,,19.6,,START,Normal
1790946111.646,dllhost.exe,svchost.exe,,21.4,,START,Normal
1790946111.646,svchost.exe,services.exe,,20.5,,START,Normal
1790946111.646,svchost.exe,services.exe,,28.9,,START,Normal
1790946111.646,svchost.exe,services.exe,,10.1,,START,Normal
1790946111.646,svchost.exe,services.exe,,7.3,,START,Normal
1790946111.646,svchost.exe,services.exe,,18.4,,START,Normal
1790946111.646,MemCompression,System,,279.7,,START,Normal
1790946111.646,svchost.exe,services.exe,,11.6,,START,Normal
1790946111.646,svchost.exe,services.exe,,19.6,,START,Normal
1790946111.646,igfxCUIService.exe,services.exe,,12.0,,START,Normal
1790946111.646,svchost.exe,services.exe,,9.0,,START,Normal
1790946111.646,svchost.exe,services.exe,,12.4,,START,Normal
1790946111.646,svchost.exe,services.exe,,9.4,,START,Normal
1790946111.646,svchost.exe,services.exe,,24.9,,START,Normal
1790946111.646,MicrosoftStartFeedProvider.exe,svchost.exe,,48.7,,START,Normal
1790946111.646,SystemSettings.exe,svchost.exe,,3.6,,START,Normal
1790946111.646,svchost.exe,services.exe,,21.4,,START,Normal
1790946111.646,svchost.exe,services.exe,,11.2,,START,Normal
1790946111.646,svchost.exe,services.exe,,14.7,,START,Normal
1790946111.646,Code.exe,Code.exe,,52.6,,START,Normal
1790946111.646,svchost.exe,services.exe,,10.6,,START,Normal
1790946111.646,svchost.exe,services.exe,,24.5,,START,Normal
1790946111.646,svchost.exe,services.exe,,12.4,,START,Normal
1790946111.646,msedge.exe,msedge.exe,,19.2,,START,Normal
1790946111.646,svchost.exe,services.exe,,22.0,,START,Normal
1790946111.646,svchost.exe,services.exe,,10.9,,START,Normal
1790946111.646,svchost.exe,services.exe,,13.4,,START,Normal
1790946111.646,svchost.exe,services.exe,,31.1,,START,Normal
1790946111.646,powershell.exe,Code.exe,,96.6,,START,Normal
1790946111.646,brave.exe,brave.exe,,55.7,,START,Normal
1790946111.646,svchost.exe,services.exe,,9.0,,START,Normal
1790946111.646,svchost.exe,services.exe,,29.5,,START,Normal
1790946111.646,svchost.exe,services.exe,,11.3,,START,Normal
1790946111.646,AsusOptimization.exe,services.exe,,9.9,,START,Normal
1790946111.646,svchost.exe,services.exe,,20.5,,START,Normal
1790946111.646,svchost.exe,services.exe,,12.8,,START,Normal
1790946111.646,spoolsv.exe,services.exe,,26.7,,START,Normal
1790946111.646,svchost.exe,services.exe,,10.1,,START,Normal
1790946111.646,backgroundTaskHost.exe,svchost.exe,,65.9,,START,Normal
1790946111.646,ArmouryCrateControlInterface.exe,services.exe,,11.7,,START,Normal
1790946111.646,AsusSoftwareManager.exe,services.exe,,19.8,,START,Normal
1790946111.646,AsusSwitch.exe,services.exe,,9.5,,START,Normal
1790946111.646,AsusSystemAnalysis.exe,services.exe,,17.2,,START,Normal
1790946111.646,svchost.exe,services.exe,,35.2,,START,Normal
1790946111.646,AsusAppService.exe,services.exe,,25.2,,START,Normal
1790946111.646,AsusSystemDiagnosis.exe,services.exe,,12.2,,START,Normal
1790946111.646,DtsApo4Service.exe,services.exe,,20.4,,START,Normal
1790946111.646,svchost.exe,services.exe,,16.6,,START,Normal
1790946111.646,cmw_srv.exe,services.exe,,89.4,,START,Normal
1790946111.646,esif_uf.exe,services.exe,,7.3,,START,Normal
1790946111.646,OneApp.IGCC.WinService.exe,services.exe,,48.3,,START,Normal
1790946111.646,svchost.exe,services.exe,,29.0,,START,Normal
1790946111.646,svchost.exe,services.exe,,15.3,,START,Normal
1790946111.646,MpDefenderCoreService.exe,services.exe,,24.2,,START,Normal
1790946111.646,nvcontainer.exe,services.exe,,40.6,,START,Normal
1790946111.646,svchost.exe,services.exe,,12.7,,START,Normal
1790946111.646,RstMwService.exe,services.exe,,8.4,,START,Normal
1790946111.646,svchost.exe,services.exe,,7.1,,START,Normal
1790946111.646,svchost.exe,services.exe,,21.5,,START,Normal
1790946111.646,MsMpEng.exe,services.exe,,336.8,,START,Normal
1790946111.646,WMIRegistrationService.exe,services.exe,,13.1,,START,Normal
1790946111.646,RtkAudUService64.exe,services.exe,,14.9,,START,Normal
1790946111.646,svchost.exe,services.exe,,16.1,,START,Normal
1790946111.646,brave.exe,brave.exe,,76.8,,START,Normal
1790946111.646,msedgewebview2.exe,msedgewebview2.exe,,12.9,,START,Normal
1790946111.646,svchost.exe,services.exe,,14.1,,START,Normal
1790946111.646,jhi_service.exe,services.exe,,7.9,,START,Normal
1790946111.646,brave.exe,brave.exe,,124.6,,START,Normal
1790946111.646,svchost.exe,services.exe,,15.4,,START,Normal
1790946111.646,msedgewebview2.exe,msedgewebview2.exe,,19.8,,START,Normal
1790946111.646,csrss.exe,,,8.6,,START,Normal
1790946111.646,svchost.exe,services.exe,,28.3,,START,Normal
1790946111.646,Code.exe,Code.exe,,166.3,,START,Normal
1790946111.646,dwm.exe,winlogon.exe,,167.3,,START,Normal
1790946111.646,NgcIso.exe,svchost.exe,,4.1,,START,Normal
1790946111.646,winlogon.exe,,,23.7,,START,Normal
1790946111.646,brave.exe,explorer.exe,,318.2,,START,Normal
1790946111.646,fontdrvhost.exe,winlogon.exe,,9.0,,START,Normal
1790946111.646,IGCC.exe,svchost.exe,,14.9,,START,Normal
1790946111.646,brave.exe,brave.exe,,279.4,,START,Normal
1790946111.646,brave.exe,brave.exe,,193.7,,START,Normal
1790946111.646,svchost.exe,services.exe,,10.9,,START,Normal
1790946111.646,brave.exe,brave.exe,,9.2,,START,Normal
1790946111.646,brave.exe,brave.exe,,111.0,,START,Normal
1790946111.646,NVIDIA Overlay.exe,NVIDIA Overlay.exe,,70.6,,START,Normal
1790946111.646,WmiPrvSE.exe,svchost.exe,,17.4,,START,Normal
1790946111.646,nvcontainer.exe,nvcontainer.exe,,33.2,,START,Normal
1790946111.646,unsecapp.exe,svchost.exe,,10.1,,START,Normal
1790946111.646,svchost.exe,services.exe,,9.6,,START,Normal
1790946111.646,NVIDIA Overlay.exe,nvcontainer.exe,,149.1,,START,Normal
1790946111.646,AsusOptimizationStartupTask.exe,AsusOptimization.exe,,19.6,,START,Normal
1790946111.646,SecurityHealthSystray.exe,explorer.exe,,13.1,,START,Normal
1790946111.646,svchost.exe,services.exe,,27.8,,START,Normal
1790946111.646,brave.exe,brave.exe,,79.1,,START,Normal
1790946111.646,msedge.exe,msedge.exe,,41.4,,START,Normal
1790946111.646,svchost.exe,services.exe,,10.3,,START,Normal
1790946111.646,sihost.exe,svchost.exe,,48.3,,START,Normal
1790946111.646,AppVShNotify.exe,OfficeClickToRun.exe,,9.8,,START,Normal
1790946111.646,brave.exe,brave.exe,,123.8,,START,Normal
1790946111.646,msedgewebview2.exe,SearchHost.exe,,123.9,,START,Normal
1790946111.646,AsusOSD.exe,,,16.7,,START,Normal
1790946111.646,ApplicationFrameHost.exe,svchost.exe,,49.6,,START,Normal
1790946111.646,Code.exe,Code.exe,,147.1,,START,Normal
1790946111.646,brave.exe,brave.exe,,119.3,,START,Normal
1790946111.646,NVIDIA Overlay.exe,NVIDIA Overlay.exe,,22.3,,START,Normal
1790946111.646,svchost.exe,services.exe,,22.1,,START,Normal
1790946111.646,msedge.exe,,,144.6,,START,Normal
1790946111.646,nvcontainer.exe,nvcontainer.exe,,39.9,,START,Normal
1790946111.646,svchost.exe,services.exe,,29.1,,START,Normal
1790946111.646,NisSrv.exe,services.exe,,14.0,,START,Normal
1790946111.646,NVDisplay.Container.exe,NVDisplay.Container.exe,,44.6,,START,Normal
1790946111.646,ctfmon.exe,svchost.exe,,31.4,,START,Normal
1790946111.646,taskhostw.exe,svchost.exe,,21.3,,START,Normal
1790946111.646,svchost.exe,services.exe,,9.9,,START,Normal
1790946111.646,explorer.exe,,,341.2,,START,Normal
1790946111.646,StartMenuExperienceHost.exe,svchost.exe,,150.9,,START,Normal
1790946111.646,RuntimeBroker.exe,svchost.exe,,81.6,,START,Normal
1790946111.646,brave.exe,brave.exe,,490.5,,START,Normal
1790946111.646,msedge.exe,msedge.exe,,49.9,,START,Normal
1790946111.646,svchost.exe,services.exe,,12.6,,START,Normal
1790946111.646,svchost.exe,services.exe,,26.4,,START,Normal
1790946111.646,svchost.exe,services.exe,,42.3,,START,Normal
1790946111.646,SpotifyXboxGamebarWebView.exe,svchost.exe,,69.8,,START,Normal
1790946111.646,SearchIndexer.exe,services.exe,,45.4,,START,Normal
1790946111.646,Code.exe,explorer.exe,,170.9,,START,Normal
1790946111.646,svchost.exe,services.exe,,44.0,,START,Normal
1790946111.646,svchost.exe,services.exe,,11.2,,START,Normal
1790946111.646,CrossDeviceResume.exe,sihost.exe,,52.4,,START,Normal
1790946111.646,ShellHost.exe,sihost.exe,,129.1,,START,Normal
1790946111.646,brave.exe,brave.exe,,299.8,,START,Normal
1790946111.646,svchost.exe,services.exe,,9.0,,START,Normal
1790946111.646,dllhost.exe,svchost.exe,,20.5,,START,Normal
1790946111.646,Code.exe,Code.exe,,286.9,,START,Normal
1790946111.646,brave.exe,brave.exe,,26.6,,START,Normal
1790946111.646,WidgetService.exe,svchost.exe,,24.9,,START,Normal
1790946111.646,nvcontainer.exe,nvcontainer.exe,,93.2,,START,Normal
1790946111.646,svchost.exe,services.exe,,29.3,,START,Normal
1790946111.646,DefenderSessionHelper.exe,MsMpEng.exe,,6.4,,START,Normal
1790946111.646,svchost.exe,services.exe,,70.9,,START,Normal
1790946111.646,UserOOBEBroker.exe,svchost.exe,,11.1,,START,Normal
1790946111.646,nvsphelper64.exe,nvcontainer.exe,,16.0,,START,Normal
1790946111.646,powershell.exe,explorer.exe,,79.2,,START,Normal
1790946111.646,svchost.exe,services.exe,,37.5,,START,Normal
1790946111.646,WidgetBoard.exe,svchost.exe,,29.1,,START,Normal
1790946111.646,brave.exe,brave.exe,,52.6,,START,Normal
1790946111.646,SecurityHealthService.exe,services.exe,,23.0,,START,Normal
1790946111.646,svchost.exe,services.exe,,14.8,,START,Normal
1790946111.646,dllhost.exe,svchost.exe,,12.6,,START,Normal
1790946111.646,svchost.exe,services.exe,,18.6,,START,Normal
1790946111.646,ArmouryCrateKeyControl.exe,ArmouryCrateControlInterface.exe,,46.3,,START,Normal
1790946111.646,conhost.exe,powershell.exe,,23.5,,START,Normal
1790946111.646,Code.exe,Code.exe,,118.8,,START,Normal
1790946111.646,pet.exe,Code.exe,,9.1,,START,Normal
1790946111.646,svchost.exe,services.exe,,10.2,,START,Normal
1790946111.646,SDXHelper.exe,svchost.exe,,31.2,,START,Normal
1790946111.646,NVIDIA Overlay.exe,NVIDIA Overlay.exe,,37.0,,START,Normal
1790946111.646,svchost.exe,services.exe,,16.0,,START,Normal
1790946111.646,OfficeClickToRun.exe,services.exe,,57.9,,START,Normal
1790946111.646,brave.exe,brave.exe,,59.0,,START,Normal
1790946111.646,conhost.exe,pet.exe,,6.8,,START,Normal
1790946111.646,RuntimeBroker.exe,svchost.exe,,19.1,,START,Normal
1790946111.646,TextInputHost.exe,svchost.exe,,128.6,,START,Normal
1790946111.646,svchost.exe,services.exe,,7.6,,START,Normal
1790946111.646,msedge.exe,msedge.exe,,12.7,,START,Normal
1790946111.646,AsusSoftwareManagerAgent.exe,AsusSoftwareManager.exe,,41.6,,START,Normal
1790946111.646,wlanext.exe,svchost.exe,,11.2,,START,Normal
1790946111.646,copilot-runtime.exe,Code.exe,,19.2,,START,Normal
1790946111.646,AppActions.exe,svchost.exe,,39.7,,START,Normal
1790946111.646,brave.exe,brave.exe,,66.7,,START,Normal
1790946111.646,SearchHost.exe,svchost.exe,,151.2,,START,Normal
1790946111.646,svchost.exe,services.exe,,24.9,,START,Normal
1790946111.646,brave.exe,brave.exe,,235.1,,START,Normal
1790946111.646,msedgewebview2.exe,msedgewebview2.exe,,136.3,,START,Normal
1790946111.646,brave.exe,brave.exe,,69.3,,START,Normal
1790946111.646,OpenConsole.exe,Code.exe,,11.4,,START,Normal
1790946111.646,brave.exe,brave.exe,,72.3,,START,Normal
1790946111.646,svchost.exe,services.exe,,7.6,,START,Normal
1790946111.646,BraveUpdate.exe,svchost.exe,,12.0,,START,Normal
1790946111.646,RuntimeBroker.exe,svchost.exe,,29.3,,START,Normal
1790946111.646,Intel_PIE_Service.exe,services.exe,,11.8,,START,Normal
1790946111.646,Code.exe,Code.exe,,106.4,,START,Normal
1790946111.646,Code.exe,Code.exe,,33.5,,START,Normal
1790946111.646,brave.exe,brave.exe,,272.2,,START,Normal
1790946111.646,dllhost.exe,svchost.exe,,11.3,,START,Normal
1790946111.646,msedgewebview2.exe,msedgewebview2.exe,,91.4,,START,Normal
1790946111.646,msedgewebview2.exe,msedgewebview2.exe,,43.8,,START,Normal
1790946111.646,Code.exe,Code.exe,,345.0,,START,Normal
1790946111.646,conhost.exe,copilot-runtime.exe,,7.0,,START,Normal
1790946111.646,brave.exe,brave.exe,,20.9,,START,Normal
1790946111.646,brave.exe,brave.exe,,31.9,,START,Normal
1790946111.646,brave.exe,brave.exe,,82.4,,START,Normal
1790946111.646,Code.exe,Code.exe,,582.8,,START,Normal
1790946111.646,svchost.exe,services.exe,,8.5,,START,Normal
1790946119.773,brave.exe,brave.exe,,,,EXIT,Normal
1790946129.803,brave.exe,brave.exe,,32.3,,START,Normal
1790946129.803,BraveUpdate.exe,services.exe,,13.5,,START,Normal
1790946131.773,BraveUpdate.exe,svchost.exe,,,,EXIT,Normal
1790946131.773,BraveUpdate.exe,services.exe,,,,EXIT,Normal
1790946133.823,brave.exe,brave.exe,,32.3,,START,Normal
1790946133.823,audiodg.exe,svchost.exe,,32.6,,START,Normal
1790946133.823,brave.exe,brave.exe,,57.2,,START,Normal
1790946133.823,brave.exe,brave.exe,,89.1,,START,Normal
1790946133.823,brave.exe,brave.exe,,,,EXIT,Normal
1790946141.773,System Idle Process,,97.66,0.0,,STATS,Normal
1790946141.773,System,System Idle Process,0.0,9.3,,STATS,Normal
1790946141.773,,,0.0,0.1,,STATS,Normal
1790946141.773,Registry,,0.0,46.8,,STATS,Normal
1790946141.773,Code.exe,Code.exe,0.0,159.7,,STATS,Normal
1790946141.773,smss.exe,System,0.0,1.4,,STATS,Normal
1790946141.773,csrss.exe,,0.0,6.8,,STATS,Normal
1790946141.773,svchost.exe,services.exe,0.0,12.7,,STATS,Normal
1790946141.773,wininit.exe,,0.0,9.4,,STATS,Normal
1790946141.773,services.exe,wininit.exe,0.1,10.7,,STATS,Normal
1790946141.773,svchost.exe,services.exe,0.0,12.2,,STATS,Normal
1790946141.773,LsaIso.exe,wininit.exe,0.0,3.9,,STATS,Normal
1790946141.773,lsass.exe,wininit.exe,0.0,32.6,,STATS,Normal
1790946141.773,IntelCpHDCPSvc.exe,services.exe,0.0,9.2,,STATS,Normal
1790946141.773,svchost.exe,services.exe,0.0,7.6,,STATS,Normal
1790946141.773,svchost.exe,services.exe,0.0,44.8,,STATS,Normal
1790946141.773,fontdrvhost.exe,wininit.exe,0.0,4.3,,STATS,Normal
1790946141.773,WUDFHost.exe,services.exe,0.0,21.7,,STATS,Normal
1790946141.773,svchost.exe,services.exe,0.0,19.9,,STATS,Normal
1790946141.773,svchost.exe,services.exe,0.0,12.8,,STATS,Normal
1790946141.773,svchost.exe,services.exe,0.0,6.7,,STATS,Normal
1790946141.773,svchost.exe,services.exe,0.0,12.2,,STATS,Normal
1790946141.773,svchost.exe,services.exe,0.0,22.2,,STATS,Normal
1790946141.773,svchost.exe,services.exe,0.0,17.1,,STATS,Normal
1790946141.773,igfxEM.exe,igfxCUIService.exe,0.0,17.2,,STATS,Normal
1790946141.773,svchost.exe,services.exe,0.0,17.0,,STATS,Normal
1790946141.773,svchost.exe,services.exe,0.0,13.5,,STATS,Normal
1790946141.773,svchost.exe,services.exe,0.0,14.9,,STATS,Normal
1790946141.773,svchost.exe,services.exe,0.0,30.6,,STATS,Normal
1790946141.773,svchost.exe,services.exe,0.0,12.4,,STATS,Normal
1790946141.773,svchost.exe,services.exe,0.0,13.9,,STATS,Normal
1790946141.773,IntelCpHeciSvc.exe,services.exe,0.0,9.3,,STATS,Normal
1790946141.773,svchost.exe,services.exe,0.0,24.2,,STATS,Normal
1790946141.773,brave.exe,brave.exe,0.0,409.2,,STATS,Normal
1790946141.773,svchost.exe,services.exe,0.0,8.0,,STATS,Normal
1790946141.773,svchost.exe,services.exe,0.0,22.4,,STATS,Normal
1790946141.773,smartscreen.exe,svchost.exe,0.0,13.0,,STATS,Normal
1790946141.773,svchost.exe,services.exe,0.0,10.2,,STATS,Normal
1790946141.773,NVDisplay.Container.exe,services.exe,0.0,36.8,,STATS,Normal
1790946141.773,NVIDIA Overlay.exe,NVIDIA Overlay.exe,0.0,95.0,,STATS,Normal
1790946141.773,svchost.exe,services.exe,0.0,12.0,,STATS,Normal
1790946141.773,PresentationFontCache.exe,services.exe,0.0,19.6,,STATS,Normal
1790946141.773,dllhost.exe,svchost.exe,0.0,21.4,,STATS,Normal
1790946141.773,svchost.exe,services.exe,0.0,18.7,,STATS,Normal
1790946141.773,svchost.exe,services.exe,0.0,28.8,,STATS,Normal
1790946141.773,svchost.exe,services.exe,0.0,10.1,,STATS,Normal
1790946141.773,svchost.exe,services.exe,0.0,7.3,,STATS,Normal
1790946141.773,svchost.exe,services.exe,0.0,18.4,,STATS,Normal
1790946141.773,MemCompression,System,0.0,279.9,,STATS,Normal
1790946141.773,svchost.exe,services.exe,0.0,11.6,,STATS,Normal
1790946141.773,svchost.exe,services.exe,0.0,19.7,,STATS,Normal
1790946141.773,igfxCUIService.exe,services.exe,0.0,12.0,,STATS,Normal
1790946141.773,svchost.exe,services.exe,0.0,9.0,,STATS,Normal
1790946141.773,svchost.exe,services.exe,0.0,12.4,,STATS,Normal
1790946141.773,svchost.exe,services.exe,0.0,9.4,,STATS,Normal
1790946141.773,svchost.exe,services.exe,0.0,24.9,,STATS,Normal
1790946141.773,MicrosoftStartFeedProvider.exe,svchost.exe,0.0,48.7,,STATS,Normal
1790946141.773,SystemSettings.exe,svchost.exe,0.0,3.6,,STATS,Normal
1790946141.773,svchost.exe,services.exe,0.0,57.7,,STATS,Normal
1790946141.773,svchost.exe,services.exe,0.0,11.2,,STATS,Normal
1790946141.773,svchost.exe,services.exe,0.0,14.7,,STATS,Normal
1790946141.773,Code.exe,Code.exe,0.0,52.6,,STATS,Normal
1790946141.773,svchost.exe,services.exe,0.0,10.6,,STATS,Normal
1790946141.773,svchost.exe,services.exe,0.0,24.5,,STATS,Normal
1790946141.773,svchost.exe,services.exe,0.0,12.5,,STATS,Normal
1790946141.773,msedge.exe,msedge.exe,0.0,19.2,,STATS,Normal
1790946141.773,svchost.exe,services.exe,0.0,22.1,,STATS,Normal
1790946141.773,svchost.exe,services.exe,0.0,11.0,,STATS,Normal
1790946141.773,svchost.exe,services.exe,0.0,13.4,,STATS,Normal
1790946141.773,svchost.exe,services.exe,0.0,31.1,,STATS,Normal
1790946141.773,powershell.exe,Code.exe,0.0,96.7,,STATS,Normal
1790946141.773,brave.exe,brave.exe,0.0,55.5,,STATS,Normal
1790946141.773,svchost.exe,services.exe,0.0,9.0,,STATS,Normal
1790946141.773,svchost.exe,services.exe,0.0,29.5,,STATS,Normal
1790946141.773,svchost.exe,services.exe,0.0,11.3,,STATS,Normal
1790946141.773,AsusOptimization.exe,services.exe,0.0,9.9,,STATS,Normal
1790946141.773,svchost.exe,services.exe,0.0,20.5,,STATS,Normal
1790946141.773,svchost.exe,services.exe,0.0,12.9,,STATS,Normal
1790946141.773,spoolsv.exe,services.exe,0.0,26.7,,STATS,Normal
1790946141.773,svchost.exe,services.exe,0.0,10.0,,STATS,Normal
1790946141.773,backgroundTaskHost.exe,svchost.exe,0.0,65.9,,STATS,Normal
1790946141.773,ArmouryCrateControlInterface.exe,services.exe,0.0,11.7,,STATS,Normal
1790946141.773,AsusSoftwareManager.exe,services.exe,0.0,19.8,,STATS,Normal
1790946141.773,AsusSwitch.exe,services.exe,0.0,9.5,,STATS,Normal
1790946141.773,AsusSystemAnalysis.exe,services.exe,0.0,17.2,,STATS,Normal
1790946141.773,svchost.exe,services.exe,0.0,35.4,,STATS,Normal
1790946141.773,AsusAppService.exe,services.exe,0.0,25.2,,STATS,Normal
1790946141.773,AsusSystemDiagnosis.exe,services.exe,0.0,12.2,,STATS,Normal
1790946141.773,DtsApo4Service.exe,services.exe,0.0,20.4,,STATS,Normal
1790946141.773,svchost.exe,services.exe,0.0,16.6,,STATS,Normal
1790946141.773,cmw_srv.exe,services.exe,0.49,89.4,,STATS,Normal
1790946141.773,esif_uf.exe,services.exe,0.0,7.3,,STATS,Normal
1790946141.773,OneApp.IGCC.WinService.exe,services.exe,0.0,48.3,,STATS,Normal
1790946141.773,svchost.exe,services.exe,0.0,29.4,,STATS,Normal
1790946141.773,svchost.exe,services.exe,0.0,15.3,,STATS,Normal
1790946141.773,MpDefenderCoreService.exe,services.exe,0.0,24.2,,STATS,Normal
1790946141.773,nvcontainer.exe,services.exe,0.0,40.6,,STATS,Normal
1790946141.773,svchost.exe,services.exe,0.0,12.7,,STATS,Normal
1790946141.773,RstMwService.exe,services.exe,0.0,8.4,,STATS,Normal
1790946141.773,svchost.exe,services.exe,0.0,7.1,,STATS,Normal
1790946141.773,svchost.exe,services.exe,0.0,21.5,,STATS,Normal
1790946141.773,MsMpEng.exe,services.exe,0.0,337.7,,STATS,Normal
1790946141.773,WMIRegistrationService.exe,services.exe,0.0,13.1,,STATS,Normal
1790946141.773,RtkAudUService64.exe,services.exe,0.0,15.0,,STATS,Normal
1790946141.773,svchost.exe,services.exe,0.0,16.1,,STATS,Normal
1790946141.773,brave.exe,brave.exe,0.0,76.8,,STATS,Normal
1790946141.773,msedgewebview2.exe,msedgewebview2.exe,0.0,12.9,,STATS,Normal
1790946141.773,svchost.exe,services.exe,0.0,14.1,,STATS,Normal
1790946141.773,jhi_service.exe,services.exe,0.0,7.9,,STATS,Normal
1790946141.773,brave.exe,brave.exe,0.0,148.5,,STATS,Normal
1790946141.773,svchost.exe,services.exe,0.0,15.4,,STATS,Normal
1790946141.773,msedgewebview2.exe,msedgewebview2.exe,0.0,19.8,,STATS,Normal
1790946141.773,csrss.exe,,0.0,8.6,,STATS,Normal
1790946141.773,svchost.exe,services.exe,0.0,28.3,,STATS,Normal
1790946141.773,Code.exe,Code.exe,0.0,166.3,,STATS,Normal
1790946141.773,dwm.exe,winlogon.exe,0.2,167.4,,STATS,Normal
1790946141.773,NgcIso.exe,svchost.exe,0.0,4.1,,STATS,Normal
1790946141.773,winlogon.exe,,0.0,23.7,,STATS,Normal
1790946141.773,brave.exe,explorer.exe,0.0,319.8,,STATS,Normal
1790946141.773,fontdrvhost.exe,winlogon.exe,0.0,9.0,,STATS,Normal
1790946141.773,IGCC.exe,svchost.exe,0.0,14.8,,STATS,Normal
1790946141.773,brave.exe,brave.exe,0.1,289.1,,STATS,Normal
1790946141.773,brave.exe,brave.exe,0.0,193.7,,STATS,Normal
1790946141.773,svchost.exe,services.exe,0.0,10.9,,STATS,Normal
1790946141.773,brave.exe,brave.exe,0.0,9.2,,STATS,Normal
1790946141.773,brave.exe,brave.exe,0.0,111.0,,STATS,Normal
1790946141.773,NVIDIA Overlay.exe,NVIDIA Overlay.exe,0.0,70.6,,STATS,Normal
1790946141.773,WmiPrvSE.exe,svchost.exe,0.0,17.4,,STATS,Normal
1790946141.773,nvcontainer.exe,nvcontainer.exe,0.0,33.2,,STATS,Normal
1790946141.773,unsecapp.exe,svchost.exe,0.0,10.1,,STATS,Normal
1790946141.773,svchost.exe,services.exe,0.0,9.6,,STATS,Normal
1790946141.773,NVIDIA Overlay.exe,nvcontainer.exe,0.0,149.1,,STATS,Normal
1790946141.773,AsusOptimizationStartupTask.exe,AsusOptimization.exe,0.0,19.6,,STATS,Normal
1790946141.773,SecurityHealthSystray.exe,explorer.exe,0.0,13.1,,STATS,Normal
1790946141.773,svchost.exe,services.exe,0.0,27.8,,STATS,Normal
1790946141.773,brave.exe,brave.exe,0.0,79.1,,STATS,Normal
1790946141.773,msedge.exe,msedge.exe,0.0,41.4,,STATS,Normal
1790946141.773,svchost.exe,services.exe,0.0,10.3,,STATS,Normal
1790946141.773,sihost.exe,svchost.exe,0.0,48.5,,STATS,Normal
1790946141.773,AppVShNotify.exe,OfficeClickToRun.exe,0.0,9.8,,STATS,Normal
1790946141.773,brave.exe,brave.exe,0.0,123.8,,STATS,Normal
1790946141.773,msedgewebview2.exe,SearchHost.exe,0.0,123.9,,STATS,Normal
1790946141.773,AsusOSD.exe,,0.0,16.7,,STATS,Normal
1790946141.773,ApplicationFrameHost.exe,svchost.exe,0.0,49.6,,STATS,Normal
1790946141.773,Code.exe,Code.exe,0.0,147.1,,STATS,Normal
1790946141.773,brave.exe,brave.exe,0.0,121.4,,STATS,Normal
1790946141.773,NVIDIA Overlay.exe,NVIDIA Overlay.exe,0.0,22.3,,STATS,Normal
1790946141.773,svchost.exe,services.exe,0.0,22.1,,STATS,Normal
1790946141.773,msedge.exe,,0.0,144.6,,STATS,Normal
1790946141.773,nvcontainer.exe,nvcontainer.exe,0.0,39.9,,STATS,Normal
1790946141.773,svchost.exe,services.exe,0.0,29.1,,STATS,Normal
1790946141.773,NisSrv.exe,services.exe,0.0,14.0,,STATS,Normal
1790946141.773,NVDisplay.Container.exe,NVDisplay.Container.exe,0.0,44.7,,STATS,Normal
1790946141.773,ctfmon.exe,svchost.exe,0.0,31.4,,STATS,Normal
1790946141.773,taskhostw.exe,svchost.exe,0.0,21.3,,STATS,Normal
1790946141.773,svchost.exe,services.exe,0.0,9.8,,STATS,Normal
1790946141.773,explorer.exe,,0.2,341.1,,STATS,Normal
1790946141.773,StartMenuExperienceHost.exe,svchost.exe,0.0,150.9,,STATS,Normal
1790946141.773,RuntimeBroker.exe,svchost.exe,0.0,81.6,,STATS,Normal
1790946141.773,brave.exe,brave.exe,0.59,434.7,,STATS,Normal
1790946141.773,msedge.exe,msedge.exe,0.0,49.9,,STATS,Normal
1790946141.773,svchost.exe,services.exe,0.0,12.6,,STATS,Normal
1790946141.773,svchost.exe,services.exe,0.0,26.4,,STATS,Normal
1790946141.773,svchost.exe,services.exe,0.0,42.3,,STATS,Normal
1790946141.773,SpotifyXboxGamebarWebView.exe,svchost.exe,0.0,69.8,,STATS,Normal
1790946141.773,SearchIndexer.exe,services.exe,0.0,45.4,,STATS,Normal
1790946141.773,Code.exe,explorer.exe,0.0,171.2,,STATS,Normal
1790946141.773,svchost.exe,services.exe,0.0,44.0,,STATS,Normal
1790946141.773,svchost.exe,services.exe,0.0,11.2,,STATS,Normal
1790946141.773,CrossDeviceResume.exe,sihost.exe,0.0,52.4,,STATS,Normal
1790946141.773,ShellHost.exe,sihost.exe,0.0,129.2,,STATS,Normal
1790946141.773,brave.exe,brave.exe,0.0,304.5,,STATS,Normal
1790946141.773,svchost.exe,services.exe,0.0,9.0,,STATS,Normal
1790946141.773,dllhost.exe,svchost.exe,0.0,20.6,,STATS,Normal
1790946141.773,Code.exe,Code.exe,0.0,288.7,,STATS,Normal
1790946141.773,brave.exe,brave.exe,0.0,26.7,,STATS,Normal
1790946141.773,WidgetService.exe,svchost.exe,0.0,24.9,,STATS,Normal
1790946141.773,nvcontainer.exe,nvcontainer.exe,0.0,93.2,,STATS,Normal
1790946141.773,svchost.exe,services.exe,0.0,29.4,,STATS,Normal
1790946141.773,DefenderSessionHelper.exe,MsMpEng.exe,0.0,6.4,,STATS,Normal
1790946141.773,svchost.exe,services.exe,0.0,70.9,,STATS,Normal
1790946141.773,UserOOBEBroker.exe,svchost.exe,0.0,11.1,,STATS,Normal
1790946141.773,nvsphelper64.exe,nvcontainer.exe,0.0,16.0,,STATS,Normal
1790946141.773,powershell.exe,explorer.exe,0.0,79.2,,STATS,Normal
1790946141.773,svchost.exe,services.exe,0.0,37.5,,STATS,Normal
1790946141.773,WidgetBoard.exe,svchost.exe,0.0,29.1,,STATS,Normal
1790946141.773,brave.exe,brave.exe,0.0,52.6,,STATS,Normal
1790946141.773,SecurityHealthService.exe,services.exe,0.0,23.0,,STATS,Normal
1790946141.773,svchost.exe,services.exe,0.0,14.8,,STATS,Normal
1790946141.773,dllhost.exe,svchost.exe,0.0,12.6,,STATS,Normal
1790946141.773,svchost.exe,services.exe,0.0,18.6,,STATS,Normal
1790946141.773,ArmouryCrateKeyControl.exe,ArmouryCrateControlInterface.exe,0.0,46.3,,STATS,Normal
1790946141.773,conhost.exe,powershell.exe,0.2,23.5,,STATS,Normal
1790946141.773,Code.exe,Code.exe,0.0,118.8,,STATS,Normal
1790946141.773,pet.exe,Code.exe,0.0,9.1,,STATS,Normal
1790946141.773,svchost.exe,services.exe,0.0,10.2,,STATS,Normal
1790946141.773,SDXHelper.exe,svchost.exe,0.0,31.2,,STATS,Normal
1790946141.773,NVIDIA Overlay.exe,NVIDIA Overlay.exe,0.0,37.0,,STATS,Normal
1790946141.773,svchost.exe,services.exe,0.0,16.0,,STATS,Normal
1790946141.773,OfficeClickToRun.exe,services.exe,0.0,57.9,,STATS,Normal
1790946141.773,brave.exe,brave.exe,0.0,59.7,,STATS,Normal
1790946141.773,conhost.exe,pet.exe,0.0,6.8,,STATS,Normal
1790946141.773,RuntimeBroker.exe,svchost.exe,0.0,19.2,,STATS,Normal
1790946141.773,TextInputHost.exe,svchost.exe,0.0,128.6,,STATS,Normal
1790946141.773,svchost.exe,services.exe,0.0,7.6,,STATS,Normal
1790946141.773,msedge.exe,msedge.exe,0.0,12.7,,STATS,Normal
1790946141.773,AsusSoftwareManagerAgent.exe,AsusSoftwareManager.exe,0.0,41.6,,STATS,Normal
1790946141.773,wlanext.exe,svchost.exe,0.0,11.2,,STATS,Normal
1790946141.773,copilot-runtime.exe,Code.exe,0.0,19.2,,STATS,Normal
1790946141.773,AppActions.exe,svchost.exe,0.0,39.7,,STATS,Normal
1790946141.773,brave.exe,brave.exe,0.0,66.8,,STATS,Normal
1790946141.773,SearchHost.exe,svchost.exe,0.0,151.2,,STATS,Normal
1790946141.773,svchost.exe,services.exe,0.0,24.9,,STATS,Normal
1790946141.773,brave.exe,brave.exe,0.0,235.1,,STATS,Normal
1790946141.773,msedgewebview2.exe,msedgewebview2.exe,0.0,136.3,,STATS,Normal
1790946141.773,OpenConsole.exe,Code.exe,0.0,11.4,,STATS,Normal
1790946141.773,brave.exe,brave.exe,0.0,78.1,,STATS,Normal
1790946141.773,svchost.exe,services.exe,0.0,7.6,,STATS,Normal
1790946141.773,RuntimeBroker.exe,svchost.exe,0.0,29.3,,STATS,Normal
1790946141.773,Intel_PIE_Service.exe,services.exe,0.0,11.8,,STATS,Normal
1790946141.773,Code.exe,Code.exe,0.0,106.4,,STATS,Normal
1790946141.773,Code.exe,Code.exe,0.0,33.5,,STATS,Normal
1790946141.773,brave.exe,brave.exe,0.0,275.8,,STATS,Normal
1790946141.773,dllhost.exe,svchost.exe,0.0,11.4,,STATS,Normal
1790946141.773,msedgewebview2.exe,msedgewebview2.exe,0.0,91.4,,STATS,Normal
1790946141.773,msedgewebview2.exe,msedgewebview2.exe,0.0,43.8,,STATS,Normal
1790946141.773,Code.exe,Code.exe,0.0,345.0,,STATS,Normal
1790946141.773,conhost.exe,copilot-runtime.exe,0.0,7.0,,STATS,Normal
1790946141.773,brave.exe,brave.exe,0.0,23.4,,STATS,Normal
1790946141.773,brave.exe,brave.exe,0.0,80.4,,STATS,Normal
1790946141.773,brave.exe,brave.exe,0.0,82.5,,STATS,Normal
1790946141.773,Code.exe,Code.exe,0.0,582.8,,STATS,Normal
1790946141.773,svchost.exe,services.exe,0.0,8.5,,STATS,Normal
1790946141.773,brave.exe,brave.exe,0.0,32.4,,STATS,Normal
1790946141.773,audiodg.exe,svchost.exe,0.0,20.4,,STATS,Normal
1790946141.773,brave.exe,brave.exe,0.0,58.2,,STATS,Normal
1790946141.773,brave.exe,brave.exe,0.0,89.1,,STATS,Normal
1790946143.775,brave.exe,brave.exe,,,,EXIT,Normal
1790946145.778,brave.exe,brave.exe,,,,EXIT,Normal
1790946161.829,ctfmon.exe,svchost.exe,,20.2,,START,Normal
1790946161.829,conhost.exe,powershell.exe,,21.5,,START,Normal
1790946161.829,powershell.exe,explorer.exe,,17.1,,START,Normal
1790946165.774,ctfmon.exe,svchost.exe,,,,EXIT,Normal
1790946171.775,System Idle Process,,96.36,0.0,,STATS,Normal
1790946171.775,System,System Idle Process,0.1,9.3,,STATS,Normal
1790946171.775,,,0.0,0.1,,STATS,Normal
1790946171.775,Registry,,0.0,46.8,,STATS,Normal
1790946171.775,Code.exe,Code.exe,0.0,159.9,,STATS,Normal
1790946171.775,smss.exe,System,0.0,1.4,,STATS,Normal
1790946171.775,csrss.exe,,0.0,6.8,,STATS,Normal
1790946171.775,svchost.exe,services.exe,0.0,12.7,,STATS,Normal
1790946171.775,wininit.exe,,0.0,9.4,,STATS,Normal
1790946171.775,services.exe,wininit.exe,0.0,10.7,,STATS,Normal
1790946171.775,svchost.exe,services.exe,0.0,12.2,,STATS,Normal
1790946171.775,LsaIso.exe,wininit.exe,0.0,3.9,,STATS,Normal
1790946171.775,lsass.exe,wininit.exe,0.0,32.6,,STATS,Normal
1790946171.775,IntelCpHDCPSvc.exe,services.exe,0.0,9.2,,STATS,Normal
1790946171.775,svchost.exe,services.exe,0.0,7.6,,STATS,Normal
1790946171.775,svchost.exe,services.exe,0.0,44.7,,STATS,Normal
1790946171.775,fontdrvhost.exe,wininit.exe,0.0,4.3,,STATS,Normal
1790946171.775,WUDFHost.exe,services.exe,0.0,21.7,,STATS,Normal
1790946171.775,svchost.exe,services.exe,0.0,20.1,,STATS,Normal
1790946171.775,svchost.exe,services.exe,0.0,12.9,,STATS,Normal
1790946171.775,svchost.exe,services.exe,0.0,6.8,,STATS,Normal
1790946171.775,svchost.exe,services.exe,0.0,12.2,,STATS,Normal
1790946171.775,svchost.exe,services.exe,0.0,22.2,,STATS,Normal
1790946171.775,svchost.exe,services.exe,0.0,17.1,,STATS,Normal
1790946171.775,igfxEM.exe,igfxCUIService.exe,0.0,17.2,,STATS,Normal
1790946171.775,svchost.exe,services.exe,0.0,16.9,,STATS,Normal
1790946171.775,svchost.exe,services.exe,0.0,13.5,,STATS,Normal
1790946171.775,svchost.exe,services.exe,0.0,15.0,,STATS,Normal
1790946171.775,svchost.exe,services.exe,0.0,30.6,,STATS,Normal
1790946171.775,svchost.exe,services.exe,0.0,13.1,,STATS,Normal
1790946171.775,svchost.exe,services.exe,0.0,14.1,,STATS,Normal
1790946171.775,IntelCpHeciSvc.exe,services.exe,0.0,9.3,,STATS,Normal
1790946171.775,svchost.exe,services.exe,0.0,24.4,,STATS,Normal
1790946171.775,brave.exe,brave.exe,0.0,404.0,,STATS,Normal
1790946171.775,svchost.exe,services.exe,0.0,8.0,,STATS,Normal
1790946171.775,svchost.exe,services.exe,0.0,22.6,,STATS,Normal
1790946171.775,smartscreen.exe,svchost.exe,0.0,13.1,,STATS,Normal
1790946171.775,svchost.exe,services.exe,0.0,10.2,,STATS,Normal
1790946171.775,NVDisplay.Container.exe,services.exe,0.0,36.8,,STATS,Normal
1790946171.775,NVIDIA Overlay.exe,NVIDIA Overlay.exe,0.0,95.0,,STATS,Normal
1790946171.775,svchost.exe,services.exe,0.0,12.0,,STATS,Normal
1790946171.775,PresentationFontCache.exe,services.exe,0.0,19.6,,STATS,Normal
1790946171.775,dllhost.exe,svchost.exe,0.0,21.4,,STATS,Normal
1790946171.775,svchost.exe,services.exe,0.0,18.8,,STATS,Normal
1790946171.775,svchost.exe,services.exe,0.0,28.8,,STATS,Normal
1790946171.775,svchost.exe,services.exe,0.0,10.1,,STATS,Normal
1790946171.775,svchost.exe,services.exe,0.0,7.3,,STATS,Normal
1790946171.775,svchost.exe,services.exe,0.0,18.8,,STATS,Normal
1790946171.775,MemCompression,System,0.0,279.7,,STATS,Normal
1790946171.775,svchost.exe,services.exe,0.0,11.6,,STATS,Normal
1790946171.775,svchost.exe,services.exe,0.0,19.7,,STATS,Normal
1790946171.775,igfxCUIService.exe,services.exe,0.0,12.0,,STATS,Normal
1790946171.775,svchost.exe,services.exe,0.0,9.0,,STATS,Normal
1790946171.775,svchost.exe,services.exe,0.0,12.4,,STATS,Normal
1790946171.775,svchost.exe,services.exe,0.0,9.4,,STATS,Normal
1790946171.775,svchost.exe,services.exe,0.0,25.0,,STATS,Normal
1790946171.775,MicrosoftStartFeedProvider.exe,svchost.exe,0.0,47.6,,STATS,Normal
1790946171.775,SystemSettings.exe,svchost.exe,0.0,3.6,,STATS,Normal
1790946171.775,svchost.exe,services.exe,0.0,57.7,,STATS,Normal
1790946171.775,svchost.exe,services.exe,0.0,11.2,,STATS,Normal
1790946171.775,svchost.exe,services.exe,0.0,14.7,,STATS,Normal
1790946171.775,Code.exe,Code.exe,0.0,52.6,,STATS,Normal
1790946171.775,svchost.exe,services.exe,0.0,10.6,,STATS,Normal
1790946171.775,svchost.exe,services.exe,0.0,24.6,,STATS,Normal
1790946171.775,svchost.exe,services.exe,0.0,12.5,,STATS,Normal
1790946171.775,msedge.exe,msedge.exe,0.0,19.2,,STATS,Normal
1790946171.775,svchost.exe,services.exe,0.0,22.4,,STATS,Normal
1790946171.775,svchost.exe,services.exe,0.0,11.0,,STATS,Normal
1790946171.775,svchost.exe,services.exe,0.0,13.4,,STATS,Normal
1790946171.775,svchost.exe,services.exe,0.0,31.1,,STATS,Normal
1790946171.775,powershell.exe,Code.exe,0.1,96.7,,STATS,Normal
1790946171.775,brave.exe,brave.exe,0.2,55.6,,STATS,Normal
1790946171.775,svchost.exe,services.exe,0.0,9.0,,STATS,Normal
1790946171.775,svchost.exe,services.exe,0.0,29.5,,STATS,Normal
1790946171.775,svchost.exe,services.exe,0.0,11.3,,STATS,Normal
1790946171.775,AsusOptimization.exe,services.exe,0.0,9.9,,STATS,Normal
1790946171.775,svchost.exe,services.exe,0.0,20.5,,STATS,Normal
1790946171.775,svchost.exe,services.exe,0.0,12.9,,STATS,Normal
1790946171.775,spoolsv.exe,services.exe,0.0,26.7,,STATS,Normal
1790946171.775,svchost.exe,services.exe,0.0,10.0,,STATS,Normal
1790946171.775,backgroundTaskHost.exe,svchost.exe,0.0,66.2,,STATS,Normal
1790946171.775,ArmouryCrateControlInterface.exe,services.exe,0.0,11.7,,STATS,Normal
1790946171.775,AsusSoftwareManager.exe,services.exe,0.0,19.8,,STATS,Normal
1790946171.775,AsusSwitch.exe,services.exe,0.0,9.5,,STATS,Normal
1790946171.775,AsusSystemAnalysis.exe,services.exe,0.0,17.2,,STATS,Normal
1790946171.775,svchost.exe,services.exe,0.0,35.4,,STATS,Normal
1790946171.775,AsusAppService.exe,services.exe,0.0,25.2,,STATS,Normal
1790946171.775,AsusSystemDiagnosis.exe,services.exe,0.0,12.2,,STATS,Normal
1790946171.775,DtsApo4Service.exe,services.exe,0.0,20.4,,STATS,Normal
1790946171.775,svchost.exe,services.exe,0.0,16.7,,STATS,Normal
1790946171.775,cmw_srv.exe,services.exe,0.0,89.4,,STATS,Normal
1790946171.775,esif_uf.exe,services.exe,0.0,7.3,,STATS,Normal
1790946171.775,OneApp.IGCC.WinService.exe,services.exe,0.0,48.3,,STATS,Normal
1790946171.775,svchost.exe,services.exe,0.0,29.0,,STATS,Normal
1790946171.775,svchost.exe,services.exe,0.0,15.3,,STATS,Normal
1790946171.775,MpDefenderCoreService.exe,services.exe,0.0,24.2,,STATS,Normal
1790946171.775,nvcontainer.exe,services.exe,0.0,40.6,,STATS,Normal
1790946171.775,svchost.exe,services.exe,0.0,12.8,,STATS,Normal
1790946171.775,RstMwService.exe,services.exe,0.0,8.4,,STATS,Normal
1790946171.775,svchost.exe,services.exe,0.0,7.1,,STATS,Normal
1790946171.775,svchost.exe,services.exe,0.0,21.5,,STATS,Normal
1790946171.775,MsMpEng.exe,services.exe,0.2,337.4,,STATS,Normal
1790946171.775,WMIRegistrationService.exe,services.exe,0.0,13.1,,STATS,Normal
1790946171.775,RtkAudUService64.exe,services.exe,0.0,15.0,,STATS,Normal
1790946171.775,svchost.exe,services.exe,0.0,16.1,,STATS,Normal
1790946171.775,brave.exe,brave.exe,0.0,76.8,,STATS,Normal
1790946171.775,msedgewebview2.exe,msedgewebview2.exe,0.0,12.9,,STATS,Normal
1790946171.775,svchost.exe,services.exe,0.0,14.1,,STATS,Normal
1790946171.775,jhi_service.exe,services.exe,0.0,7.9,,STATS,Normal
1790946171.775,brave.exe,brave.exe,0.0,147.7,,STATS,Normal
1790946171.775,svchost.exe,services.exe,0.0,15.5,,STATS,Normal
1790946171.775,msedgewebview2.exe,msedgewebview2.exe,0.0,19.8,,STATS,Normal
1790946171.775,csrss.exe,,0.0,8.6,,STATS,Normal
1790946171.775,svchost.exe,services.exe,0.0,28.3,,STATS,Normal
1790946171.775,Code.exe,Code.exe,0.0,166.3,,STATS,Normal
1790946171.775,dwm.exe,winlogon.exe,0.2,180.4,,STATS,Normal
1790946171.775,NgcIso.exe,svchost.exe,0.0,4.1,,STATS,Normal
1790946171.775,winlogon.exe,,0.0,23.7,,STATS,Normal
1790946171.775,brave.exe,explorer.exe,0.1,319.8,,STATS,Normal
1790946171.775,fontdrvhost.exe,winlogon.exe,0.0,9.0,,STATS,Normal
1790946171.775,IGCC.exe,svchost.exe,0.0,14.8,,STATS,Normal
1790946171.775,brave.exe,brave.exe,0.0,286.8,,STATS,Normal
1790946171.775,brave.exe,brave.exe,0.1,193.7,,STATS,Normal
1790946171.775,svchost.exe,services.exe,0.0,10.9,,STATS,Normal
1790946171.775,brave.exe,brave.exe,0.0,9.2,,STATS,Normal
1790946171.775,brave.exe,brave.exe,0.0,111.0,,STATS,Normal
1790946171.775,NVIDIA Overlay.exe,NVIDIA Overlay.exe,0.0,79.0,,STATS,Normal
1790946171.775,WmiPrvSE.exe,svchost.exe,0.0,17.4,,STATS,Normal
1790946171.775,nvcontainer.exe,nvcontainer.exe,0.0,33.2,,STATS,Normal
1790946171.775,unsecapp.exe,svchost.exe,0.0,10.1,,STATS,Normal
1790946171.775,svchost.exe,services.exe,0.0,9.6,,STATS,Normal
1790946171.775,NVIDIA Overlay.exe,nvcontainer.exe,0.0,149.1,,STATS,Normal
1790946171.775,AsusOptimizationStartupTask.exe,AsusOptimization.exe,0.0,19.6,,STATS,Normal
1790946171.775,SecurityHealthSystray.exe,explorer.exe,0.0,13.1,,STATS,Normal
1790946171.775,svchost.exe,services.exe,0.0,27.9,,STATS,Normal
1790946171.775,brave.exe,brave.exe,0.0,79.1,,STATS,Normal
1790946171.775,msedge.exe,msedge.exe,0.0,41.4,,STATS,Normal
1790946171.775,svchost.exe,services.exe,0.0,10.3,,STATS,Normal
1790946171.775,sihost.exe,svchost.exe,0.0,48.6,,STATS,Normal
1790946171.775,AppVShNotify.exe,OfficeClickToRun.exe,0.0,9.8,,STATS,Normal
1790946171.775,brave.exe,brave.exe,0.0,123.8,,STATS,Normal
1790946171.775,msedgewebview2.exe,SearchHost.exe,0.0,125.0,,STATS,Normal
1790946171.775,AsusOSD.exe,,0.0,16.7,,STATS,Normal
1790946171.775,ApplicationFrameHost.exe,svchost.exe,0.0,49.6,,STATS,Normal
1790946171.775,Code.exe,Code.exe,0.0,146.8,,STATS,Normal
1790946171.775,brave.exe,brave.exe,0.0,121.6,,STATS,Normal
1790946171.775,NVIDIA Overlay.exe,NVIDIA Overlay.exe,0.0,22.3,,STATS,Normal
1790946171.775,svchost.exe,services.exe,0.0,22.1,,STATS,Normal
1790946171.775,msedge.exe,,0.0,144.6,,STATS,Normal
1790946171.775,nvcontainer.exe,nvcontainer.exe,0.1,40.0,,STATS,Normal
1790946171.775,svchost.exe,services.exe,0.0,29.1,,STATS,Normal
1790946171.775,NisSrv.exe,services.exe,0.0,14.0,,STATS,Normal
1790946171.775,NVDisplay.Container.exe,NVDisplay.Container.exe,0.0,44.9,,STATS,Normal
1790946171.775,ctfmon.exe,svchost.exe,0.0,31.4,,STATS,Normal
1790946171.775,taskhostw.exe,svchost.exe,0.0,21.3,,STATS,Normal
1790946171.775,svchost.exe,services.exe,0.0,9.8,,STATS,Normal
1790946171.775,explorer.exe,,0.0,341.8,,STATS,Normal
1790946171.775,StartMenuExperienceHost.exe,svchost.exe,0.0,152.1,,STATS,Normal
1790946171.775,RuntimeBroker.exe,svchost.exe,0.0,82.2,,STATS,Normal
1790946171.775,brave.exe,brave.exe,1.36,457.6,,STATS,Normal
1790946171.775,msedge.exe,msedge.exe,0.0,49.9,,STATS,Normal
1790946171.775,svchost.exe,services.exe,0.0,12.7,,STATS,Normal
1790946171.775,svchost.exe,services.exe,0.0,26.4,,STATS,Normal
1790946171.775,svchost.exe,services.exe,0.0,42.3,,STATS,Normal
1790946171.775,SpotifyXboxGamebarWebView.exe,svchost.exe,0.0,69.8,,STATS,Normal
1790946171.775,SearchIndexer.exe,services.exe,0.0,46.7,,STATS,Normal
1790946171.775,Code.exe,explorer.exe,0.0,169.5,,STATS,Normal
1790946171.775,svchost.exe,services.exe,0.0,44.0,,STATS,Normal
1790946171.775,svchost.exe,services.exe,0.0,11.2,,STATS,Normal
1790946171.775,CrossDeviceResume.exe,sihost.exe,0.0,52.4,,STATS,Normal
1790946171.775,ShellHost.exe,sihost.exe,0.0,129.2,,STATS,Normal
1790946171.775,brave.exe,brave.exe,0.0,300.4,,STATS,Normal
1790946171.775,svchost.exe,services.exe,0.0,9.0,,STATS,Normal
1790946171.775,dllhost.exe,svchost.exe,0.0,20.6,,STATS,Normal
1790946171.775,Code.exe,Code.exe,0.0,292.7,,STATS,Normal
1790946171.775,brave.exe,brave.exe,0.0,26.6,,STATS,Normal
1790946171.775,WidgetService.exe,svchost.exe,0.0,24.9,,STATS,Normal
1790946171.775,nvcontainer.exe,nvcontainer.exe,0.0,93.2,,STATS,Normal
1790946171.775,svchost.exe,services.exe,0.0,29.6,,STATS,Normal
1790946171.775,DefenderSessionHelper.exe,MsMpEng.exe,0.0,6.4,,STATS,Normal
1790946171.775,svchost.exe,services.exe,0.0,70.9,,STATS,Normal
1790946171.775,UserOOBEBroker.exe,svchost.exe,0.0,11.2,,STATS,Normal
1790946171.775,nvsphelper64.exe,nvcontainer.exe,0.1,16.0,,STATS,Normal
1790946171.775,powershell.exe,explorer.exe,0.0,79.2,,STATS,Normal
1790946171.775,svchost.exe,services.exe,0.0,37.5,,STATS,Normal
1790946171.775,WidgetBoard.exe,svchost.exe,0.0,29.1,,STATS,Normal
1790946171.775,brave.exe,brave.exe,0.0,52.6,,STATS,Normal
1790946171.775,SecurityHealthService.exe,services.exe,0.0,23.0,,STATS,Normal
1790946171.775,svchost.exe,services.exe,0.0,14.8,,STATS,Normal
1790946171.775,dllhost.exe,svchost.exe,0.0,12.6,,STATS,Normal
1790946171.775,svchost.exe,services.exe,0.0,18.6,,STATS,Normal
1790946171.775,ArmouryCrateKeyControl.exe,ArmouryCrateControlInterface.exe,0.0,46.3,,STATS,Normal
1790946171.775,conhost.exe,powershell.exe,0.0,23.5,,STATS,Normal
1790946171.775,Code.exe,Code.exe,0.0,118.8,,STATS,Normal
1790946171.775,pet.exe,Code.exe,0.0,9.1,,STATS,Normal
1790946171.775,svchost.exe,services.exe,0.0,10.2,,STATS,Normal
1790946171.775,SDXHelper.exe,svchost.exe,0.0,31.3,,STATS,Normal
1790946171.775,NVIDIA Overlay.exe,NVIDIA Overlay.exe,0.1,37.0,,STATS,Normal
1790946171.775,svchost.exe,services.exe,0.0,16.0,,STATS,Normal
1790946171.775,OfficeClickToRun.exe,services.exe,0.0,57.9,,STATS,Normal
1790946171.775,conhost.exe,pet.exe,0.0,6.8,,STATS,Normal
1790946171.775,RuntimeBroker.exe,svchost.exe,0.0,19.2,,STATS,Normal
1790946171.775,TextInputHost.exe,svchost.exe,0.0,128.7,,STATS,Normal
1790946171.775,svchost.exe,services.exe,0.0,7.6,,STATS,Normal
1790946171.775,msedge.exe,msedge.exe,0.0,12.7,,STATS,Normal
1790946171.775,AsusSoftwareManagerAgent.exe,AsusSoftwareManager.exe,0.0,41.6,,STATS,Normal
1790946171.775,wlanext.exe,svchost.exe,0.0,11.2,,STATS,Normal
1790946171.775,copilot-runtime.exe,Code.exe,0.0,19.2,,STATS,Normal
1790946171.775,AppActions.exe,svchost.exe,0.0,39.7,,STATS,Normal
1790946171.775,brave.exe,brave.exe,0.0,66.8,,STATS,Normal
1790946171.775,SearchHost.exe,svchost.exe,0.0,156.6,,STATS,Normal
1790946171.775,svchost.exe,services.exe,0.0,24.9,,STATS,Normal
1790946171.775,brave.exe,brave.exe,0.0,235.1,,STATS,Normal
1790946171.775,msedgewebview2.exe,msedgewebview2.exe,0.0,152.7,,STATS,Normal
1790946171.775,OpenConsole.exe,Code.exe,0.0,11.4,,STATS,Normal
1790946171.775,brave.exe,brave.exe,0.0,69.1,,STATS,Normal
1790946171.775,svchost.exe,services.exe,0.0,7.6,,STATS,Normal
1790946171.775,RuntimeBroker.exe,svchost.exe,0.0,29.9,,STATS,Normal
1790946171.775,Intel_PIE_Service.exe,services.exe,0.0,11.8,,STATS,Normal
1790946171.775,Code.exe,Code.exe,0.49,106.4,,STATS,Normal
1790946171.775,Code.exe,Code.exe,0.0,33.5,,STATS,Normal
1790946171.775,brave.exe,brave.exe,0.0,268.2,,STATS,Normal
1790946171.775,dllhost.exe,svchost.exe,0.0,11.4,,STATS,Normal
1790946171.775,msedgewebview2.exe,msedgewebview2.exe,0.0,97.4,,STATS,Normal
1790946171.775,msedgewebview2.exe,msedgewebview2.exe,0.0,44.0,,STATS,Normal
1790946171.775,Code.exe,Code.exe,0.0,344.9,,STATS,Normal
1790946171.775,conhost.exe,copilot-runtime.exe,0.0,7.0,,STATS,Normal
1790946171.775,brave.exe,brave.exe,0.0,23.4,,STATS,Normal
1790946171.775,brave.exe,brave.exe,0.0,70.1,,STATS,Normal
1790946171.775,brave.exe,brave.exe,0.0,82.5,,STATS,Normal
1790946171.775,Code.exe,Code.exe,0.0,582.8,,STATS,Normal
1790946171.775,svchost.exe,services.exe,0.0,8.5,,STATS,Normal
1790946171.775,brave.exe,brave.exe,0.0,31.9,,STATS,Normal
1790946171.775,audiodg.exe,svchost.exe,0.0,22.6,,STATS,Normal
1790946171.775,brave.exe,brave.exe,0.0,56.0,,STATS,Normal
1790946171.775,conhost.exe,powershell.exe,0.0,21.7,,STATS,Normal
1790946171.775,powershell.exe,explorer.exe,0.1,78.8,,STATS,Normal
1790946187.785,python.exe,powershell.exe,,20.9,,START,Normal
1790946203.785,powershell.exe,python.exe,,63.8,,START,Normal
1790946203.785,System Idle Process,,82.0,0.0,,STATS,Normal
1790946203.785,System,System Idle Process,0.39,9.3,,STATS,Normal
1790946203.785,,,0.0,0.1,,STATS,Normal
1790946203.785,Registry,,0.0,46.8,,STATS,Normal
1790946203.785,Code.exe,Code.exe,0.0,159.8,,STATS,Normal
1790946203.785,smss.exe,System,0.0,1.4,,STATS,Normal
1790946203.785,csrss.exe,,0.0,6.8,,STATS,Normal
1790946203.785,svchost.exe,services.exe,0.0,12.7,,STATS,Normal
1790946203.785,wininit.exe,,0.0,9.4,,STATS,Normal
1790946203.785,services.exe,wininit.exe,0.0,10.7,,STATS,Normal
1790946203.785,svchost.exe,services.exe,0.0,12.2,,STATS,Normal
1790946203.785,LsaIso.exe,wininit.exe,0.0,3.9,,STATS,Normal
1790946203.785,lsass.exe,wininit.exe,0.0,32.6,,STATS,Normal
1790946203.785,IntelCpHDCPSvc.exe,services.exe,0.0,9.2,,STATS,Normal
1790946203.785,svchost.exe,services.exe,0.0,7.6,,STATS,Normal
1790946203.785,svchost.exe,services.exe,0.0,44.6,,STATS,Normal
1790946203.785,fontdrvhost.exe,wininit.exe,0.0,4.3,,STATS,Normal
1790946203.785,WUDFHost.exe,services.exe,0.0,21.7,,STATS,Normal
1790946203.785,svchost.exe,services.exe,0.1,20.3,,STATS,Normal
1790946203.785,svchost.exe,services.exe,0.0,12.9,,STATS,Normal
1790946203.785,svchost.exe,services.exe,0.0,6.8,,STATS,Normal
1790946203.785,svchost.exe,services.exe,0.0,12.2,,STATS,Normal
1790946203.785,svchost.exe,services.exe,0.0,22.2,,STATS,Normal
1790946203.785,svchost.exe,services.exe,0.0,17.1,,STATS,Normal
1790946203.785,igfxEM.exe,igfxCUIService.exe,0.0,17.2,,STATS,Normal
1790946203.785,svchost.exe,services.exe,0.0,16.9,,STATS,Normal
1790946203.785,svchost.exe,services.exe,0.0,13.5,,STATS,Normal
1790946203.785,svchost.exe,services.exe,0.0,15.0,,STATS,Normal
1790946203.785,svchost.exe,services.exe,0.0,30.6,,STATS,Normal
1790946203.785,svchost.exe,services.exe,0.0,12.5,,STATS,Normal
1790946203.785,svchost.exe,services.exe,0.0,14.0,,STATS,Normal
1790946203.785,IntelCpHeciSvc.exe,services.exe,0.0,9.3,,STATS,Normal
1790946203.785,svchost.exe,services.exe,0.0,24.2,,STATS,Normal
1790946203.785,brave.exe,brave.exe,0.0,406.1,,STATS,Normal
1790946203.785,svchost.exe,services.exe,0.0,8.0,,STATS,Normal
1790946203.785,svchost.exe,services.exe,0.0,22.6,,STATS,Normal
1790946203.785,smartscreen.exe,svchost.exe,0.0,13.1,,STATS,Normal
1790946203.785,svchost.exe,services.exe,0.0,10.2,,STATS,Normal
1790946203.785,NVDisplay.Container.exe,services.exe,0.0,36.8,,STATS,Normal
1790946203.785,NVIDIA Overlay.exe,NVIDIA Overlay.exe,0.0,95.0,,STATS,Normal
1790946203.785,svchost.exe,services.exe,0.0,12.0,,STATS,Normal
1790946203.785,PresentationFontCache.exe,services.exe,0.0,19.6,,STATS,Normal
1790946203.785,dllhost.exe,svchost.exe,0.0,21.4,,STATS,Normal
1790946203.785,svchost.exe,services.exe,0.59,18.8,,STATS,Normal
1790946203.785,svchost.exe,services.exe,0.0,28.8,,STATS,Normal
1790946203.785,svchost.exe,services.exe,0.0,10.1,,STATS,Normal
1790946203.785,svchost.exe,services.exe,0.0,7.3,,STATS,Normal
1790946203.785,svchost.exe,services.exe,0.0,18.4,,STATS,Normal
1790946203.785,MemCompression,System,0.0,279.4,,STATS,Normal
1790946203.785,svchost.exe,services.exe,0.0,11.6,,STATS,Normal
1790946203.785,svchost.exe,services.exe,0.0,19.7,,STATS,Normal
1790946203.785,igfxCUIService.exe,services.exe,0.0,12.0,,STATS,Normal
1790946203.785,svchost.exe,services.exe,0.0,9.0,,STATS,Normal
1790946203.785,svchost.exe,services.exe,0.0,12.4,,STATS,Normal
1790946203.785,svchost.exe,services.exe,0.0,9.4,,STATS,Normal
1790946203.785,svchost.exe,services.exe,0.0,25.0,,STATS,Normal
1790946203.785,MicrosoftStartFeedProvider.exe,svchost.exe,0.0,42.8,,STATS,Normal
1790946203.785,SystemSettings.exe,svchost.exe,0.0,3.6,,STATS,Normal
1790946203.785,svchost.exe,services.exe,0.0,57.7,,STATS,Normal
1790946203.785,svchost.exe,services.exe,0.0,11.2,,STATS,Normal
1790946203.785,svchost.exe,services.exe,0.0,14.7,,STATS,Normal
1790946203.785,Code.exe,Code.exe,0.0,52.6,,STATS,Normal
1790946203.785,svchost.exe,services.exe,0.0,10.6,,STATS,Normal
1790946203.785,svchost.exe,services.exe,0.0,24.8,,STATS,Normal
1790946203.785,svchost.exe,services.exe,0.0,12.4,,STATS,Normal
1790946203.785,msedge.exe,msedge.exe,0.0,19.2,,STATS,Normal
1790946203.785,svchost.exe,services.exe,0.0,22.2,,STATS,Normal
1790946203.785,svchost.exe,services.exe,0.0,11.0,,STATS,Normal
1790946203.785,svchost.exe,services.exe,0.0,13.4,,STATS,Normal
1790946203.785,svchost.exe,services.exe,0.0,31.1,,STATS,Normal
1790946203.785,powershell.exe,Code.exe,0.0,96.7,,STATS,Normal
1790946203.785,brave.exe,brave.exe,0.29,56.1,,STATS,Normal
1790946203.785,svchost.exe,services.exe,0.0,9.0,,STATS,Normal
1790946203.785,svchost.exe,services.exe,0.0,29.5,,STATS,Normal
1790946203.785,svchost.exe,services.exe,0.0,11.3,,STATS,Normal
1790946203.785,AsusOptimization.exe,services.exe,0.0,9.9,,STATS,Normal
1790946203.785,svchost.exe,services.exe,0.0,20.5,,STATS,Normal
1790946203.785,svchost.exe,services.exe,0.0,12.9,,STATS,Normal
1790946203.785,spoolsv.exe,services.exe,0.0,26.7,,STATS,Normal
1790946203.785,svchost.exe,services.exe,0.0,10.0,,STATS,Normal
1790946203.785,backgroundTaskHost.exe,svchost.exe,0.0,66.1,,STATS,Normal
1790946203.785,ArmouryCrateControlInterface.exe,services.exe,0.0,11.7,,STATS,Normal
1790946203.785,AsusSoftwareManager.exe,services.exe,0.0,19.8,,STATS,Normal
1790946203.785,AsusSwitch.exe,services.exe,0.0,9.5,,STATS,Normal
1790946203.785,AsusSystemAnalysis.exe,services.exe,0.0,17.2,,STATS,Normal
1790946203.785,svchost.exe,services.exe,0.0,35.7,,STATS,Normal
1790946203.785,AsusAppService.exe,services.exe,0.0,25.2,,STATS,Normal
1790946203.785,AsusSystemDiagnosis.exe,services.exe,0.0,12.2,,STATS,Normal
1790946203.785,DtsApo4Service.exe,services.exe,0.0,20.4,,STATS,Normal
1790946203.785,svchost.exe,services.exe,0.0,16.7,,STATS,Normal
1790946203.785,cmw_srv.exe,services.exe,0.1,89.4,,STATS,Normal
1790946203.785,esif_uf.exe,services.exe,0.0,7.3,,STATS,Normal
1790946203.785,OneApp.IGCC.WinService.exe,services.exe,0.0,48.3,,STATS,Normal
1790946203.785,svchost.exe,services.exe,0.0,29.0,,STATS,Normal
1790946203.785,svchost.exe,services.exe,0.0,15.3,,STATS,Normal
1790946203.785,MpDefenderCoreService.exe,services.exe,0.0,24.2,,STATS,Normal
1790946203.785,nvcontainer.exe,services.exe,0.0,40.6,,STATS,Normal
1790946203.785,svchost.exe,services.exe,0.0,12.8,,STATS,Normal
1790946203.785,RstMwService.exe,services.exe,0.0,8.4,,STATS,Normal
1790946203.785,svchost.exe,services.exe,0.0,7.1,,STATS,Normal
1790946203.785,svchost.exe,services.exe,0.0,21.5,,STATS,Normal
1790946203.785,MsMpEng.exe,services.exe,0.78,340.8,,STATS,Normal
1790946203.785,WMIRegistrationService.exe,services.exe,0.0,13.1,,STATS,Normal
1790946203.785,RtkAudUService64.exe,services.exe,0.0,15.0,,STATS,Normal
1790946203.785,svchost.exe,services.exe,0.0,16.1,,STATS,Normal
1790946203.785,brave.exe,brave.exe,0.0,76.8,,STATS,Normal
1790946203.785,msedgewebview2.exe,msedgewebview2.exe,0.0,12.9,,STATS,Normal
1790946203.785,svchost.exe,services.exe,0.0,14.1,,STATS,Normal
1790946203.785,jhi_service.exe,services.exe,0.0,7.9,,STATS,Normal
1790946203.785,brave.exe,brave.exe,0.0,147.6,,STATS,Normal
1790946203.785,svchost.exe,services.exe,0.0,15.5,,STATS,Normal
1790946203.785,msedgewebview2.exe,msedgewebview2.exe,0.0,19.8,,STATS,Normal
1790946203.785,csrss.exe,,0.29,8.6,,STATS,Normal
1790946203.785,svchost.exe,services.exe,0.0,28.3,,STATS,Normal
1790946203.785,Code.exe,Code.exe,0.0,166.3,,STATS,Normal
1790946203.785,dwm.exe,winlogon.exe,0.1,164.4,,STATS,Normal
1790946203.785,NgcIso.exe,svchost.exe,0.0,4.1,,STATS,Normal
1790946203.785,winlogon.exe,,0.0,23.7,,STATS,Normal
1790946203.785,brave.exe,explorer.exe,0.49,320.3,,STATS,Normal
1790946203.785,fontdrvhost.exe,winlogon.exe,0.0,9.0,,STATS,Normal
1790946203.785,IGCC.exe,svchost.exe,0.0,14.8,,STATS,Normal
1790946203.785,brave.exe,brave.exe,1.26,290.3,,STATS,Normal
1790946203.785,brave.exe,brave.exe,0.0,193.7,,STATS,Normal
1790946203.785,svchost.exe,services.exe,0.0,10.9,,STATS,Normal
1790946203.785,brave.exe,brave.exe,0.0,9.2,,STATS,Normal
1790946203.785,brave.exe,brave.exe,0.0,111.0,,STATS,Normal
1790946203.785,NVIDIA Overlay.exe,NVIDIA Overlay.exe,0.0,70.7,,STATS,Normal
1790946203.785,WmiPrvSE.exe,svchost.exe,0.0,17.4,,STATS,Normal
1790946203.785,nvcontainer.exe,nvcontainer.exe,0.0,33.2,,STATS,Normal
1790946203.785,unsecapp.exe,svchost.exe,0.0,10.1,,STATS,Normal
1790946203.785,svchost.exe,services.exe,0.0,9.6,,STATS,Normal
1790946203.785,NVIDIA Overlay.exe,nvcontainer.exe,0.0,149.3,,STATS,Normal
1790946203.785,AsusOptimizationStartupTask.exe,AsusOptimization.exe,0.0,19.6,,STATS,Normal
1790946203.785,SecurityHealthSystray.exe,explorer.exe,0.0,13.1,,STATS,Normal
1790946203.785,svchost.exe,services.exe,0.0,27.9,,STATS,Normal
1790946203.785,brave.exe,brave.exe,0.0,79.1,,STATS,Normal
1790946203.785,msedge.exe,msedge.exe,0.0,41.4,,STATS,Normal
1790946203.785,svchost.exe,services.exe,0.0,10.3,,STATS,Normal
1790946203.785,sihost.exe,svchost.exe,0.0,48.6,,STATS,Normal
1790946203.785,AppVShNotify.exe,OfficeClickToRun.exe,0.0,9.8,,STATS,Normal
1790946203.785,brave.exe,brave.exe,0.0,123.8,,STATS,Normal
1790946203.785,msedgewebview2.exe,SearchHost.exe,0.0,125.0,,STATS,Normal
1790946203.785,AsusOSD.exe,,0.0,16.7,,STATS,Normal
1790946203.785,ApplicationFrameHost.exe,svchost.exe,0.0,49.6,,STATS,Normal
1790946203.785,Code.exe,Code.exe,0.0,146.8,,STATS,Normal
1790946203.785,brave.exe,brave.exe,0.0,120.1,,STATS,Normal
1790946203.785,NVIDIA Overlay.exe,NVIDIA Overlay.exe,0.0,22.3,,STATS,Normal
1790946203.785,svchost.exe,services.exe,0.0,22.1,,STATS,Normal
1790946203.785,msedge.exe,,0.0,144.6,,STATS,Normal
1790946203.785,nvcontainer.exe,nvcontainer.exe,0.0,40.0,,STATS,Normal
1790946203.785,svchost.exe,services.exe,0.0,29.2,,STATS,Normal
1790946203.785,NisSrv.exe,services.exe,0.0,14.0,,STATS,Normal
1790946203.785,NVDisplay.Container.exe,NVDisplay.Container.exe,0.0,44.9,,STATS,Normal
1790946203.785,ctfmon.exe,svchost.exe,0.1,31.4,,STATS,Normal
1790946203.785,taskhostw.exe,svchost.exe,0.0,21.3,,STATS,Normal
1790946203.785,svchost.exe,services.exe,0.0,9.8,,STATS,Normal
1790946203.785,explorer.exe,,0.1,341.8,,STATS,Normal
1790946203.785,StartMenuExperienceHost.exe,svchost.exe,0.0,152.0,,STATS,Normal
1790946203.785,RuntimeBroker.exe,svchost.exe,0.0,82.0,,STATS,Normal
1790946203.785,brave.exe,brave.exe,8.68,471.0,,STATS,Normal
1790946203.785,msedge.exe,msedge.exe,0.0,49.9,,STATS,Normal
1790946203.785,svchost.exe,services.exe,0.0,12.6,,STATS,Normal
1790946203.785,svchost.exe,services.exe,0.0,26.4,,STATS,Normal
1790946203.785,svchost.exe,services.exe,0.0,42.3,,STATS,Normal
1790946203.785,SpotifyXboxGamebarWebView.exe,svchost.exe,0.0,69.8,,STATS,Normal
1790946203.785,SearchIndexer.exe,services.exe,0.0,46.7,,STATS,Normal
1790946203.785,Code.exe,explorer.exe,0.0,169.8,,STATS,Normal
1790946203.785,svchost.exe,services.exe,0.0,44.0,,STATS,Normal
1790946203.785,svchost.exe,services.exe,0.0,11.2,,STATS,Normal
1790946203.785,CrossDeviceResume.exe,sihost.exe,0.0,52.4,,STATS,Normal
1790946203.785,ShellHost.exe,sihost.exe,0.0,129.2,,STATS,Normal
1790946203.785,brave.exe,brave.exe,0.0,300.8,,STATS,Normal
1790946203.785,svchost.exe,services.exe,0.0,9.0,,STATS,Normal
1790946203.785,dllhost.exe,svchost.exe,0.0,20.6,,STATS,Normal
1790946203.785,Code.exe,Code.exe,0.0,288.2,,STATS,Normal
1790946203.785,brave.exe,brave.exe,0.0,26.6,,STATS,Normal
1790946203.785,WidgetService.exe,svchost.exe,0.0,25.0,,STATS,Normal
1790946203.785,nvcontainer.exe,nvcontainer.exe,0.1,93.2,,STATS,Normal
1790946203.785,svchost.exe,services.exe,0.0,29.4,,STATS,Normal
1790946203.785,DefenderSessionHelper.exe,MsMpEng.exe,0.0,6.4,,STATS,Normal
1790946203.785,svchost.exe,services.exe,0.0,70.9,,STATS,Normal
1790946203.785,UserOOBEBroker.exe,svchost.exe,0.0,11.1,,STATS,Normal
1790946203.785,nvsphelper64.exe,nvcontainer.exe,0.1,16.0,,STATS,Normal
1790946203.785,powershell.exe,explorer.exe,0.0,79.2,,STATS,Normal
1790946203.785,svchost.exe,services.exe,0.0,37.5,,STATS,Normal
1790946203.785,WidgetBoard.exe,svchost.exe,0.0,29.1,,STATS,Normal
1790946203.785,brave.exe,brave.exe,0.0,52.6,,STATS,Normal
1790946203.785,SecurityHealthService.exe,services.exe,0.0,23.0,,STATS,Normal
1790946203.785,svchost.exe,services.exe,0.0,14.8,,STATS,Normal
1790946203.785,dllhost.exe,svchost.exe,0.0,12.6,,STATS,Normal
1790946203.785,svchost.exe,services.exe,0.0,18.6,,STATS,Normal
1790946203.785,ArmouryCrateKeyControl.exe,ArmouryCrateControlInterface.exe,0.0,46.3,,STATS,Normal
1790946203.785,conhost.exe,powershell.exe,0.0,23.5,,STATS,Normal
1790946203.785,Code.exe,Code.exe,0.0,118.8,,STATS,Normal
1790946203.785,pet.exe,Code.exe,0.0,9.1,,STATS,Normal
1790946203.785,svchost.exe,services.exe,0.0,10.2,,STATS,Normal
1790946203.785,SDXHelper.exe,svchost.exe,0.0,31.3,,STATS,Normal
1790946203.785,NVIDIA Overlay.exe,NVIDIA Overlay.exe,0.0,37.0,,STATS,Normal
1790946203.785,svchost.exe,services.exe,0.0,16.0,,STATS,Normal
1790946203.785,OfficeClickToRun.exe,services.exe,0.0,57.9,,STATS,Normal
1790946203.785,conhost.exe,pet.exe,0.0,6.8,,STATS,Normal
1790946203.785,RuntimeBroker.exe,svchost.exe,0.0,19.2,,STATS,Normal
1790946203.785,TextInputHost.exe,svchost.exe,0.0,128.7,,STATS,Normal
1790946203.785,svchost.exe,services.exe,0.0,7.6,,STATS,Normal
1790946203.785,msedge.exe,msedge.exe,0.0,12.7,,STATS,Normal
1790946203.785,AsusSoftwareManagerAgent.exe,AsusSoftwareManager.exe,0.0,41.6,,STATS,Normal
1790946203.785,wlanext.exe,svchost.exe,0.0,11.2,,STATS,Normal
1790946203.785,copilot-runtime.exe,Code.exe,0.1,19.2,,STATS,Normal
1790946203.785,AppActions.exe,svchost.exe,0.0,39.7,,STATS,Normal
1790946203.785,brave.exe,brave.exe,0.0,66.8,,STATS,Normal
1790946203.785,SearchHost.exe,svchost.exe,0.0,155.5,,STATS,Normal
1790946203.785,svchost.exe,services.exe,0.0,24.9,,STATS,Normal
1790946203.785,brave.exe,brave.exe,0.0,235.1,,STATS,Normal
1790946203.785,msedgewebview2.exe,msedgewebview2.exe,0.0,146.8,,STATS,Normal
1790946203.785,OpenConsole.exe,Code.exe,0.0,11.4,,STATS,Normal
1790946203.785,brave.exe,brave.exe,0.0,68.3,,STATS,Normal
1790946203.785,svchost.exe,services.exe,0.0,7.6,,STATS,Normal
1790946203.785,RuntimeBroker.exe,svchost.exe,0.0,29.8,,STATS,Normal
1790946203.785,Intel_PIE_Service.exe,services.exe,0.0,11.8,,STATS,Normal
1790946203.785,Code.exe,Code.exe,0.0,106.5,,STATS,Normal
1790946203.785,Code.exe,Code.exe,0.0,33.5,,STATS,Normal
1790946203.785,brave.exe,brave.exe,0.0,268.5,,STATS,Normal
1790946203.785,dllhost.exe,svchost.exe,0.0,11.4,,STATS,Normal
1790946203.785,msedgewebview2.exe,msedgewebview2.exe,0.0,93.2,,STATS,Normal
1790946203.785,msedgewebview2.exe,msedgewebview2.exe,0.0,43.8,,STATS,Normal
1790946203.785,Code.exe,Code.exe,0.0,344.9,,STATS,Normal
1790946203.785,conhost.exe,copilot-runtime.exe,0.0,7.0,,STATS,Normal
1790946203.785,brave.exe,brave.exe,0.0,23.4,,STATS,Normal
1790946203.785,brave.exe,brave.exe,0.0,69.7,,STATS,Normal
1790946203.785,brave.exe,brave.exe,0.0,82.5,,STATS,Normal
1790946203.785,Code.exe,Code.exe,0.0,582.8,,STATS,Normal
1790946203.785,svchost.exe,services.exe,0.0,8.6,,STATS,Normal
1790946203.785,brave.exe,brave.exe,0.0,31.9,,STATS,Normal
1790946203.785,audiodg.exe,svchost.exe,0.0,22.5,,STATS,Normal
1790946203.785,brave.exe,brave.exe,0.0,56.0,,STATS,Normal
1790946203.785,conhost.exe,powershell.exe,0.0,21.7,,STATS,Normal
1790946203.785,powershell.exe,explorer.exe,0.0,78.4,,STATS,Normal
1790946203.785,python.exe,powershell.exe,0.0,21.1,,STATS,Normal
1790946203.785,powershell.exe,python.exe,,63.8,,STATS,Normal
1790946205.78,powershell.exe,python.exe,,,,EXIT,Normal
1790946211.781,ShellHost.exe,sihost.exe,,54.9,,START,Normal
1790946211.781,ShellHost.exe,sihost.exe,,,,EXIT,Normal
1790946227.783,brave.exe,brave.exe,,59.8,,START,Normal
1790946233.809,brave.exe,brave.exe,,32.3,,START,Normal
1790946233.809,powershell.exe,python.exe,,67.8,,START,Normal
1790946233.809,System Idle Process,,87.06,0.0,,STATS,Normal
1790946233.809,System,System Idle Process,0.59,9.3,,STATS,Normal
1790946233.809,,,0.0,0.1,,STATS,Normal
1790946233.809,Registry,,0.0,60.4,,STATS,Normal
1790946233.809,Code.exe,Code.exe,0.0,159.8,,STATS,Normal
1790946233.809,smss.exe,System,0.0,1.4,,STATS,Normal
1790946233.809,csrss.exe,,0.0,6.8,,STATS,Normal
1790946233.809,svchost.exe,services.exe,0.0,12.7,,STATS,Normal
1790946233.809,wininit.exe,,0.0,9.4,,STATS,Normal
1790946233.809,services.exe,wininit.exe,0.0,10.7,,STATS,Normal
1790946233.809,svchost.exe,services.exe,0.0,12.2,,STATS,Normal
1790946233.809,LsaIso.exe,wininit.exe,0.0,3.9,,STATS,Normal
1790946233.809,lsass.exe,wininit.exe,0.0,32.7,,STATS,Normal
1790946233.809,IntelCpHDCPSvc.exe,services.exe,0.0,9.2,,STATS,Normal
1790946233.809,svchost.exe,services.exe,0.0,7.6,,STATS,Normal
1790946233.809,svchost.exe,services.exe,0.0,44.7,,STATS,Normal
1790946233.809,fontdrvhost.exe,wininit.exe,0.0,4.3,,STATS,Normal
1790946233.809,WUDFHost.exe,services.exe,0.0,21.7,,STATS,Normal
1790946233.809,svchost.exe,services.exe,0.1,20.4,,STATS,Normal
1790946233.809,svchost.exe,services.exe,0.0,12.8,,STATS,Normal
1790946233.809,svchost.exe,services.exe,0.0,6.8,,STATS,Normal
1790946233.809,svchost.exe,services.exe,0.0,12.2,,STATS,Normal
1790946233.809,svchost.exe,services.exe,0.0,22.1,,STATS,Normal
1790946233.809,svchost.exe,services.exe,0.0,17.1,,STATS,Normal
1790946233.809,igfxEM.exe,igfxCUIService.exe,0.0,17.2,,STATS,Normal
1790946233.809,svchost.exe,services.exe,0.0,16.9,,STATS,Normal
1790946233.809,svchost.exe,services.exe,0.0,13.5,,STATS,Normal
1790946233.809,svchost.exe,services.exe,0.0,14.9,,STATS,Normal
1790946233.809,svchost.exe,services.exe,0.0,30.6,,STATS,Normal
1790946233.809,svchost.exe,services.exe,0.0,12.5,,STATS,Normal
1790946233.809,svchost.exe,services.exe,0.0,14.0,,STATS,Normal
1790946233.809,IntelCpHeciSvc.exe,services.exe,0.0,9.3,,STATS,Normal
1790946233.809,svchost.exe,services.exe,0.0,24.2,,STATS,Normal
1790946233.809,brave.exe,brave.exe,0.2,408.2,,STATS,Normal
1790946233.809,svchost.exe,services.exe,0.0,8.0,,STATS,Normal
1790946233.809,svchost.exe,services.exe,0.0,22.4,,STATS,Normal
1790946233.809,smartscreen.exe,svchost.exe,0.0,13.0,,STATS,Normal
1790946233.809,svchost.exe,services.exe,0.0,10.2,,STATS,Normal
1790946233.809,NVDisplay.Container.exe,services.exe,0.0,36.8,,STATS,Normal
1790946233.809,NVIDIA Overlay.exe,NVIDIA Overlay.exe,0.0,94.9,,STATS,Normal
1790946233.809,svchost.exe,services.exe,0.0,12.0,,STATS,Normal
1790946233.809,PresentationFontCache.exe,services.exe,0.0,19.6,,STATS,Normal
1790946233.809,dllhost.exe,svchost.exe,0.0,21.4,,STATS,Normal
1790946233.809,svchost.exe,services.exe,0.49,19.3,,STATS,Normal
1790946233.809,svchost.exe,services.exe,0.0,28.8,,STATS,Normal
1790946233.809,svchost.exe,services.exe,0.0,10.1,,STATS,Normal
1790946233.809,svchost.exe,services.exe,0.0,7.3,,STATS,Normal
1790946233.809,svchost.exe,services.exe,0.0,18.4,,STATS,Normal
1790946233.809,MemCompression,System,0.0,279.1,,STATS,Normal
1790946233.809,svchost.exe,services.exe,0.0,11.6,,STATS,Normal
1790946233.809,svchost.exe,services.exe,0.0,19.6,,STATS,Normal
1790946233.809,igfxCUIService.exe,services.exe,0.0,12.0,,STATS,Normal
1790946233.809,svchost.exe,services.exe,0.0,9.0,,STATS,Normal
1790946233.809,svchost.exe,services.exe,0.0,12.4,,STATS,Normal
1790946233.809,svchost.exe,services.exe,0.0,9.4,,STATS,Normal
1790946233.809,svchost.exe,services.exe,0.0,24.9,,STATS,Normal
1790946233.809,MicrosoftStartFeedProvider.exe,svchost.exe,0.0,42.8,,STATS,Normal
1790946233.809,SystemSettings.exe,svchost.exe,0.0,3.6,,STATS,Normal
1790946233.809,svchost.exe,services.exe,0.0,57.6,,STATS,Normal
1790946233.809,svchost.exe,services.exe,0.0,11.2,,STATS,Normal
1790946233.809,svchost.exe,services.exe,0.0,14.7,,STATS,Normal
1790946233.809,Code.exe,Code.exe,0.0,52.6,,STATS,Normal
1790946233.809,svchost.exe,services.exe,0.0,10.6,,STATS,Normal
1790946233.809,svchost.exe,services.exe,0.0,24.7,,STATS,Normal
1790946233.809,svchost.exe,services.exe,0.0,12.4,,STATS,Normal
1790946233.809,msedge.exe,msedge.exe,0.0,19.2,,STATS,Normal
1790946233.809,svchost.exe,services.exe,0.0,22.2,,STATS,Normal
1790946233.809,svchost.exe,services.exe,0.0,11.0,,STATS,Normal
1790946233.809,svchost.exe,services.exe,0.0,13.4,,STATS,Normal
1790946233.809,svchost.exe,services.exe,0.0,31.1,,STATS,Normal
1790946233.809,powershell.exe,Code.exe,0.0,96.7,,STATS,Normal
1790946233.809,brave.exe,brave.exe,0.0,55.6,,STATS,Normal
1790946233.809,svchost.exe,services.exe,0.0,9.0,,STATS,Normal
1790946233.809,svchost.exe,services.exe,0.0,29.5,,STATS,Normal
1790946233.809,svchost.exe,services.exe,0.0,11.3,,STATS,Normal
1790946233.809,AsusOptimization.exe,services.exe,0.0,9.9,,STATS,Normal
1790946233.809,svchost.exe,services.exe,0.0,20.5,,STATS,Normal
1790946233.809,svchost.exe,services.exe,0.0,12.9,,STATS,Normal
1790946233.809,spoolsv.exe,services.exe,0.0,26.7,,STATS,Normal
1790946233.809,svchost.exe,services.exe,0.0,10.0,,STATS,Normal
1790946233.809,backgroundTaskHost.exe,svchost.exe,0.0,66.1,,STATS,Normal
1790946233.809,ArmouryCrateControlInterface.exe,services.exe,0.0,11.7,,STATS,Normal
1790946233.809,AsusSoftwareManager.exe,services.exe,0.0,19.8,,STATS,Normal
1790946233.809,AsusSwitch.exe,services.exe,0.0,9.5,,STATS,Normal
1790946233.809,AsusSystemAnalysis.exe,services.exe,0.0,17.2,,STATS,Normal
1790946233.809,svchost.exe,services.exe,0.0,35.6,,STATS,Normal
1790946233.809,AsusAppService.exe,services.exe,0.0,25.2,,STATS,Normal
1790946233.809,AsusSystemDiagnosis.exe,services.exe,0.0,12.2,,STATS,Normal
1790946233.809,DtsApo4Service.exe,services.exe,0.0,20.4,,STATS,Normal
1790946233.809,svchost.exe,services.exe,0.0,16.7,,STATS,Normal
1790946233.809,cmw_srv.exe,services.exe,0.0,89.4,,STATS,Normal
1790946233.809,esif_uf.exe,services.exe,0.0,7.3,,STATS,Normal
1790946233.809,OneApp.IGCC.WinService.exe,services.exe,0.0,48.3,,STATS,Normal
1790946233.809,svchost.exe,services.exe,0.0,29.0,,STATS,Normal
1790946233.809,svchost.exe,services.exe,0.0,15.3,,STATS,Normal
1790946233.809,MpDefenderCoreService.exe,services.exe,0.0,24.2,,STATS,Normal
1790946233.809,nvcontainer.exe,services.exe,0.0,40.6,,STATS,Normal
1790946233.809,svchost.exe,services.exe,0.0,12.8,,STATS,Normal
1790946233.809,RstMwService.exe,services.exe,0.0,8.4,,STATS,Normal
1790946233.809,svchost.exe,services.exe,0.0,7.1,,STATS,Normal
1790946233.809,svchost.exe,services.exe,0.0,21.5,,STATS,Normal
1790946233.809,MsMpEng.exe,services.exe,1.36,337.0,,STATS,Normal
1790946233.809,WMIRegistrationService.exe,services.exe,0.0,13.1,,STATS,Normal
1790946233.809,RtkAudUService64.exe,services.exe,0.0,15.0,,STATS,Normal
1790946233.809,svchost.exe,services.exe,0.0,16.2,,STATS,Normal
1790946233.809,brave.exe,brave.exe,0.0,76.8,,STATS,Normal
1790946233.809,msedgewebview2.exe,msedgewebview2.exe,0.0,12.9,,STATS,Normal
1790946233.809,svchost.exe,services.exe,0.0,14.1,,STATS,Normal
1790946233.809,jhi_service.exe,services.exe,0.0,7.9,,STATS,Normal
1790946233.809,brave.exe,brave.exe,0.0,147.6,,STATS,Normal
1790946233.809,svchost.exe,services.exe,0.0,15.5,,STATS,Normal
1790946233.809,msedgewebview2.exe,msedgewebview2.exe,0.0,19.8,,STATS,Normal
1790946233.809,csrss.exe,,0.0,8.6,,STATS,Normal
1790946233.809,svchost.exe,services.exe,0.0,28.3,,STATS,Normal
1790946233.809,Code.exe,Code.exe,0.0,166.3,,STATS,Normal
1790946233.809,dwm.exe,winlogon.exe,2.24,164.2,,STATS,Normal
1790946233.809,NgcIso.exe,svchost.exe,0.0,4.1,,STATS,Normal
1790946233.809,winlogon.exe,,0.0,23.7,,STATS,Normal
1790946233.809,brave.exe,explorer.exe,0.88,323.8,,STATS,Normal
1790946233.809,fontdrvhost.exe,winlogon.exe,0.0,9.0,,STATS,Normal
1790946233.809,IGCC.exe,svchost.exe,0.0,14.8,,STATS,Normal
1790946233.809,brave.exe,brave.exe,0.1,303.3,,STATS,Normal
1790946233.809,brave.exe,brave.exe,0.0,193.6,,STATS,Normal
1790946233.809,svchost.exe,services.exe,0.0,10.9,,STATS,Normal
1790946233.809,brave.exe,brave.exe,0.0,9.2,,STATS,Normal
1790946233.809,brave.exe,brave.exe,0.0,111.0,,STATS,Normal
1790946233.809,NVIDIA Overlay.exe,NVIDIA Overlay.exe,0.0,70.7,,STATS,Normal
1790946233.809,WmiPrvSE.exe,svchost.exe,0.0,17.4,,STATS,Normal
1790946233.809,nvcontainer.exe,nvcontainer.exe,0.0,33.1,,STATS,Normal
1790946233.809,unsecapp.exe,svchost.exe,0.0,10.1,,STATS,Normal
1790946233.809,svchost.exe,services.exe,0.0,9.6,,STATS,Normal
1790946233.809,NVIDIA Overlay.exe,nvcontainer.exe,0.0,149.3,,STATS,Normal
1790946233.809,AsusOptimizationStartupTask.exe,AsusOptimization.exe,0.0,19.6,,STATS,Normal
1790946233.809,SecurityHealthSystray.exe,explorer.exe,0.0,13.1,,STATS,Normal
1790946233.809,svchost.exe,services.exe,0.29,27.9,,STATS,Normal
1790946233.809,brave.exe,brave.exe,0.97,153.4,,STATS,Normal
1790946233.809,msedge.exe,msedge.exe,0.0,41.4,,STATS,Normal
1790946233.809,svchost.exe,services.exe,0.0,10.3,,STATS,Normal
1790946233.809,sihost.exe,svchost.exe,0.0,48.6,,STATS,Normal
1790946233.809,AppVShNotify.exe,OfficeClickToRun.exe,0.0,9.8,,STATS,Normal
1790946233.809,brave.exe,brave.exe,0.0,123.8,,STATS,Normal
1790946233.809,msedgewebview2.exe,SearchHost.exe,0.0,124.0,,STATS,Normal
1790946233.809,AsusOSD.exe,,0.0,16.7,,STATS,Normal
1790946233.809,ApplicationFrameHost.exe,svchost.exe,0.0,49.6,,STATS,Normal
1790946233.809,Code.exe,Code.exe,0.0,146.8,,STATS,Normal
1790946233.809,brave.exe,brave.exe,0.1,121.1,,STATS,Normal
1790946233.809,NVIDIA Overlay.exe,NVIDIA Overlay.exe,0.0,22.3,,STATS,Normal
1790946233.809,svchost.exe,services.exe,0.0,22.1,,STATS,Normal
1790946233.809,msedge.exe,,0.0,144.7,,STATS,Normal
1790946233.809,nvcontainer.exe,nvcontainer.exe,0.2,40.0,,STATS,Normal
1790946233.809,svchost.exe,services.exe,0.0,29.2,,STATS,Normal
1790946233.809,NisSrv.exe,services.exe,0.0,14.0,,STATS,Normal
1790946233.809,NVDisplay.Container.exe,NVDisplay.Container.exe,0.0,44.9,,STATS,Normal
1790946233.809,ctfmon.exe,svchost.exe,0.39,31.4,,STATS,Normal
1790946233.809,taskhostw.exe,svchost.exe,0.0,21.3,,STATS,Normal
1790946233.809,svchost.exe,services.exe,0.0,9.8,,STATS,Normal
1790946233.809,explorer.exe,,0.59,342.7,,STATS,Normal
1790946233.809,StartMenuExperienceHost.exe,svchost.exe,0.0,151.9,,STATS,Normal
1790946233.809,RuntimeBroker.exe,svchost.exe,0.0,82.1,,STATS,Normal
1790946233.809,brave.exe,brave.exe,0.0,479.4,,STATS,Normal
1790946233.809,msedge.exe,msedge.exe,0.0,49.9,,STATS,Normal
1790946233.809,svchost.exe,services.exe,0.0,12.6,,STATS,Normal
1790946233.809,svchost.exe,services.exe,0.0,26.4,,STATS,Normal
1790946233.809,svchost.exe,services.exe,0.0,42.3,,STATS,Normal
1790946233.809,SpotifyXboxGamebarWebView.exe,svchost.exe,0.0,69.8,,STATS,Normal
1790946233.809,SearchIndexer.exe,services.exe,0.0,46.7,,STATS,Normal
1790946233.809,Code.exe,explorer.exe,0.0,170.3,,STATS,Normal
1790946233.809,svchost.exe,services.exe,0.0,43.9,,STATS,Normal
1790946233.809,svchost.exe,services.exe,0.0,11.2,,STATS,Normal
1790946233.809,CrossDeviceResume.exe,sihost.exe,0.0,52.4,,STATS,Normal
1790946233.809,brave.exe,brave.exe,0.0,300.8,,STATS,Normal
1790946233.809,svchost.exe,services.exe,0.0,9.0,,STATS,Normal
1790946233.809,dllhost.exe,svchost.exe,0.0,20.6,,STATS,Normal
1790946233.809,Code.exe,Code.exe,0.0,283.0,,STATS,Normal
1790946233.809,brave.exe,brave.exe,0.1,26.7,,STATS,Normal
1790946233.809,WidgetService.exe,svchost.exe,0.0,25.0,,STATS,Normal
1790946233.809,nvcontainer.exe,nvcontainer.exe,0.1,93.5,,STATS,Normal
1790946233.809,svchost.exe,services.exe,0.0,29.4,,STATS,Normal
1790946233.809,DefenderSessionHelper.exe,MsMpEng.exe,0.0,6.4,,STATS,Normal
1790946233.809,svchost.exe,services.exe,0.0,70.9,,STATS,Normal
1790946233.809,UserOOBEBroker.exe,svchost.exe,0.0,11.1,,STATS,Normal
1790946233.809,nvsphelper64.exe,nvcontainer.exe,0.0,16.0,,STATS,Normal
1790946233.809,powershell.exe,explorer.exe,0.0,79.2,,STATS,Normal
1790946233.809,svchost.exe,services.exe,0.0,37.5,,STATS,Normal
1790946233.809,WidgetBoard.exe,svchost.exe,0.0,29.1,,STATS,Normal
1790946233.809,brave.exe,brave.exe,0.0,52.6,,STATS,Normal
1790946233.809,SecurityHealthService.exe,services.exe,0.0,23.0,,STATS,Normal
1790946233.809,svchost.exe,services.exe,0.0,14.8,,STATS,Normal
1790946233.809,dllhost.exe,svchost.exe,0.0,12.6,,STATS,Normal
1790946233.809,svchost.exe,services.exe,0.0,18.6,,STATS,Normal
1790946233.809,ArmouryCrateKeyControl.exe,ArmouryCrateControlInterface.exe,0.0,46.3,,STATS,Normal
1790946233.809,conhost.exe,powershell.exe,0.1,23.5,,STATS,Normal
1790946233.809,Code.exe,Code.exe,0.0,118.8,,STATS,Normal
1790946233.809,pet.exe,Code.exe,0.0,9.1,,STATS,Normal
1790946233.809,svchost.exe,services.exe,0.0,10.2,,STATS,Normal
1790946233.809,SDXHelper.exe,svchost.exe,0.0,31.3,,STATS,Normal
1790946233.809,NVIDIA Overlay.exe,NVIDIA Overlay.exe,0.0,37.0,,STATS,Normal
1790946233.809,svchost.exe,services.exe,0.0,16.0,,STATS,Normal
1790946233.809,OfficeClickToRun.exe,services.exe,0.0,57.9,,STATS,Normal
1790946233.809,conhost.exe,pet.exe,0.0,6.8,,STATS,Normal
1790946233.809,RuntimeBroker.exe,svchost.exe,0.0,19.2,,STATS,Normal
1790946233.809,TextInputHost.exe,svchost.exe,0.0,128.7,,STATS,Normal
1790946233.809,svchost.exe,services.exe,0.0,7.6,,STATS,Normal
1790946233.809,msedge.exe,msedge.exe,0.0,12.7,,STATS,Normal
1790946233.809,AsusSoftwareManagerAgent.exe,AsusSoftwareManager.exe,0.0,41.6,,STATS,Normal
1790946233.809,wlanext.exe,svchost.exe,0.0,11.2,,STATS,Normal
1790946233.809,copilot-runtime.exe,Code.exe,0.0,19.2,,STATS,Normal
1790946233.809,AppActions.exe,svchost.exe,0.0,39.7,,STATS,Normal
1790946233.809,brave.exe,brave.exe,0.0,66.8,,STATS,Normal
1790946233.809,SearchHost.exe,svchost.exe,0.0,155.4,,STATS,Normal
1790946233.809,svchost.exe,services.exe,0.0,24.9,,STATS,Normal
1790946233.809,brave.exe,brave.exe,0.0,235.1,,STATS,Normal
1790946233.809,msedgewebview2.exe,msedgewebview2.exe,0.0,146.8,,STATS,Normal
1790946233.809,OpenConsole.exe,Code.exe,0.0,11.4,,STATS,Normal
1790946233.809,brave.exe,brave.exe,0.0,80.3,,STATS,Normal
1790946233.809,svchost.exe,services.exe,0.0,7.6,,STATS,Normal
1790946233.809,RuntimeBroker.exe,svchost.exe,0.0,29.8,,STATS,Normal
1790946233.809,Intel_PIE_Service.exe,services.exe,0.0,11.8,,STATS,Normal
1790946233.809,Code.exe,Code.exe,0.0,106.5,,STATS,Normal
1790946233.809,Code.exe,Code.exe,0.0,33.5,,STATS,Normal
1790946233.809,brave.exe,brave.exe,0.0,268.9,,STATS,Normal
1790946233.809,dllhost.exe,svchost.exe,0.0,11.4,,STATS,Normal
1790946233.809,msedgewebview2.exe,msedgewebview2.exe,0.0,92.8,,STATS,Normal
1790946233.809,msedgewebview2.exe,msedgewebview2.exe,0.0,43.8,,STATS,Normal
1790946233.809,Code.exe,Code.exe,0.0,345.0,,STATS,Normal
1790946233.809,conhost.exe,copilot-runtime.exe,0.0,7.0,,STATS,Normal
1790946233.809,brave.exe,brave.exe,0.0,23.4,,STATS,Normal
1790946233.809,brave.exe,brave.exe,0.0,70.4,,STATS,Normal
1790946233.809,brave.exe,brave.exe,0.0,82.5,,STATS,Normal
1790946233.809,Code.exe,Code.exe,0.0,582.8,,STATS,Normal
1790946233.809,svchost.exe,services.exe,0.0,8.6,,STATS,Normal
1790946233.809,brave.exe,brave.exe,0.0,36.1,,STATS,Normal
1790946233.809,audiodg.exe,svchost.exe,0.0,22.5,,STATS,Normal
1790946233.809,brave.exe,brave.exe,0.0,56.7,,STATS,Normal
1790946233.809,conhost.exe,powershell.exe,0.2,21.7,,STATS,Normal
1790946233.809,powershell.exe,explorer.exe,0.0,78.2,,STATS,Normal
1790946233.809,python.exe,powershell.exe,0.1,23.3,,STATS,Normal
1790946233.809,ShellHost.exe,sihost.exe,0.0,54.9,,STATS,Normal
1790946233.809,brave.exe,brave.exe,0.0,60.8,,STATS,Normal
1790946233.809,brave.exe,brave.exe,,32.3,,STATS,Normal
1790946233.809,powershell.exe,python.exe,,67.8,,STATS,Normal
1790946235.776,brave.exe,brave.exe,,,,EXIT,Normal
1790946235.776,powershell.exe,python.exe,,,,EXIT,Normal
1790946237.777,brave.exe,brave.exe,,,,EXIT,Normal
1790946249.781,powershell.exe,python.exe,,70.6,,START,Normal
1790946251.773,powershell.exe,python.exe,,,,EXIT,Normal
1790946259.773,svchost.exe,services.exe,,,,EXIT,Normal
1790946263.782,powershell.exe,python.exe,,71.2,,START,Normal
1790946265.772,powershell.exe,python.exe,,,,EXIT,Normal
1790946265.772,System Idle Process,,93.1,0.0,,STATS,Normal
1790946265.772,System,System Idle Process,0.69,9.3,,STATS,Normal
1790946265.772,,,0.0,0.1,,STATS,Normal
1790946265.772,Registry,,0.0,60.4,,STATS,Normal
1790946265.772,Code.exe,Code.exe,0.0,159.8,,STATS,Normal
1790946265.772,smss.exe,System,0.0,1.4,,STATS,Normal
1790946265.772,csrss.exe,,0.0,6.8,,STATS,Normal
1790946265.772,svchost.exe,services.exe,0.0,12.7,,STATS,Normal
1790946265.772,wininit.exe,,0.0,9.4,,STATS,Normal
1790946265.772,services.exe,wininit.exe,0.1,10.7,,STATS,Normal
1790946265.772,svchost.exe,services.exe,0.0,12.2,,STATS,Normal
1790946265.772,LsaIso.exe,wininit.exe,0.0,3.9,,STATS,Normal
1790946265.772,lsass.exe,wininit.exe,0.0,32.5,,STATS,Normal
1790946265.772,IntelCpHDCPSvc.exe,services.exe,0.0,9.2,,STATS,Normal
1790946265.772,svchost.exe,services.exe,0.0,7.6,,STATS,Normal
1790946265.772,svchost.exe,services.exe,0.0,44.6,,STATS,Normal
1790946265.772,fontdrvhost.exe,wininit.exe,0.0,4.3,,STATS,Normal
1790946265.772,WUDFHost.exe,services.exe,0.0,21.7,,STATS,Normal
1790946265.772,svchost.exe,services.exe,0.0,19.9,,STATS,Normal
1790946265.772,svchost.exe,services.exe,0.0,12.8,,STATS,Normal
1790946265.772,svchost.exe,services.exe,0.0,6.8,,STATS,Normal
1790946265.772,svchost.exe,services.exe,0.0,12.2,,STATS,Normal
1790946265.772,svchost.exe,services.exe,0.0,22.1,,STATS,Normal
1790946265.772,svchost.exe,services.exe,0.0,17.1,,STATS,Normal
1790946265.772,igfxEM.exe,igfxCUIService.exe,0.0,17.2,,STATS,Normal
1790946265.772,svchost.exe,services.exe,0.0,16.9,,STATS,Normal
1790946265.772,svchost.exe,services.exe,0.0,13.5,,STATS,Normal
1790946265.772,svchost.exe,services.exe,0.0,14.9,,STATS,Normal
1790946265.772,svchost.exe,services.exe,0.0,30.6,,STATS,Normal
1790946265.772,svchost.exe,services.exe,0.0,12.4,,STATS,Normal
1790946265.772,svchost.exe,services.exe,0.0,14.0,,STATS,Normal
1790946265.772,IntelCpHeciSvc.exe,services.exe,0.0,9.3,,STATS,Normal
1790946265.772,svchost.exe,services.exe,0.0,24.1,,STATS,Normal
1790946265.772,brave.exe,brave.exe,0.0,407.9,,STATS,Normal
1790946265.772,svchost.exe,services.exe,0.0,8.0,,STATS,Normal
1790946265.772,svchost.exe,services.exe,0.0,22.4,,STATS,Normal
1790946265.772,smartscreen.exe,svchost.exe,0.0,13.0,,STATS,Normal
1790946265.772,svchost.exe,services.exe,0.0,10.2,,STATS,Normal
1790946265.772,NVDisplay.Container.exe,services.exe,0.0,36.8,,STATS,Normal
1790946265.772,NVIDIA Overlay.exe,NVIDIA Overlay.exe,0.0,94.6,,STATS,Normal
1790946265.772,svchost.exe,services.exe,0.0,12.1,,STATS,Normal
1790946265.772,PresentationFontCache.exe,services.exe,0.0,19.6,,STATS,Normal
1790946265.772,dllhost.exe,svchost.exe,0.0,21.3,,STATS,Normal
1790946265.772,svchost.exe,services.exe,1.36,19.4,,STATS,Normal
1790946265.772,svchost.exe,services.exe,0.0,28.7,,STATS,Normal
1790946265.772,svchost.exe,services.exe,0.0,10.1,,STATS,Normal
1790946265.772,svchost.exe,services.exe,0.0,7.3,,STATS,Normal
1790946265.772,svchost.exe,services.exe,0.0,18.5,,STATS,Normal
1790946265.772,MemCompression,System,0.0,279.1,,STATS,Normal
1790946265.772,svchost.exe,services.exe,0.0,11.6,,STATS,Normal
1790946265.772,svchost.exe,services.exe,0.0,19.6,,STATS,Normal
1790946265.772,igfxCUIService.exe,services.exe,0.0,12.0,,STATS,Normal
1790946265.772,svchost.exe,services.exe,0.0,9.0,,STATS,Normal
1790946265.772,svchost.exe,services.exe,0.0,12.4,,STATS,Normal
1790946265.772,svchost.exe,services.exe,0.0,9.4,,STATS,Normal
1790946265.772,svchost.exe,services.exe,0.0,24.9,,STATS,Normal
1790946265.772,MicrosoftStartFeedProvider.exe,svchost.exe,0.0,42.8,,STATS,Normal
1790946265.772,SystemSettings.exe,svchost.exe,0.0,3.6,,STATS,Normal
1790946265.772,svchost.exe,services.exe,0.0,57.6,,STATS,Normal
1790946265.772,svchost.exe,services.exe,0.0,11.2,,STATS,Normal
1790946265.772,svchost.exe,services.exe,0.0,14.7,,STATS,Normal
1790946265.772,Code.exe,Code.exe,0.0,52.6,,STATS,Normal
1790946265.772,svchost.exe,services.exe,0.0,10.6,,STATS,Normal
1790946265.772,svchost.exe,services.exe,0.0,24.5,,STATS,Normal
1790946265.772,svchost.exe,services.exe,0.0,12.4,,STATS,Normal
1790946265.772,msedge.exe,msedge.exe,0.0,19.3,,STATS,Normal
1790946265.772,svchost.exe,services.exe,0.0,22.1,,STATS,Normal
1790946265.772,svchost.exe,services.exe,0.0,11.0,,STATS,Normal
1790946265.772,svchost.exe,services.exe,0.0,13.4,,STATS,Normal
1790946265.772,svchost.exe,services.exe,0.0,30.8,,STATS,Normal
1790946265.772,powershell.exe,Code.exe,0.0,96.7,,STATS,Normal
1790946265.772,brave.exe,brave.exe,0.0,55.3,,STATS,Normal
1790946265.772,svchost.exe,services.exe,0.0,9.0,,STATS,Normal
1790946265.772,svchost.exe,services.exe,0.0,29.5,,STATS,Normal
1790946265.772,svchost.exe,services.exe,0.0,11.3,,STATS,Normal
1790946265.772,AsusOptimization.exe,services.exe,0.0,9.9,,STATS,Normal
1790946265.772,svchost.exe,services.exe,0.0,20.5,,STATS,Normal
1790946265.772,svchost.exe,services.exe,0.0,12.9,,STATS,Normal
1790946265.772,spoolsv.exe,services.exe,0.0,26.7,,STATS,Normal
1790946265.772,svchost.exe,services.exe,0.0,10.0,,STATS,Normal
1790946265.772,backgroundTaskHost.exe,svchost.exe,0.0,66.0,,STATS,Normal
1790946265.772,ArmouryCrateControlInterface.exe,services.exe,0.0,11.7,,STATS,Normal
1790946265.772,AsusSoftwareManager.exe,services.exe,0.0,19.8,,STATS,Normal
1790946265.772,AsusSwitch.exe,services.exe,0.0,9.5,,STATS,Normal
1790946265.772,AsusSystemAnalysis.exe,services.exe,0.0,17.2,,STATS,Normal
1790946265.772,svchost.exe,services.exe,0.0,34.7,,STATS,Normal
1790946265.772,AsusAppService.exe,services.exe,0.0,25.2,,STATS,Normal
1790946265.772,AsusSystemDiagnosis.exe,services.exe,0.0,12.2,,STATS,Normal
1790946265.772,DtsApo4Service.exe,services.exe,0.0,20.4,,STATS,Normal
1790946265.772,svchost.exe,services.exe,0.0,16.7,,STATS,Normal
1790946265.772,cmw_srv.exe,services.exe,0.0,89.3,,STATS,Normal
1790946265.772,esif_uf.exe,services.exe,0.0,7.3,,STATS,Normal
1790946265.772,OneApp.IGCC.WinService.exe,services.exe,0.0,48.3,,STATS,Normal
1790946265.772,svchost.exe,services.exe,0.0,29.1,,STATS,Normal
1790946265.772,svchost.exe,services.exe,0.0,15.3,,STATS,Normal
1790946265.772,MpDefenderCoreService.exe,services.exe,0.0,24.2,,STATS,Normal
1790946265.772,nvcontainer.exe,services.exe,0.0,40.6,,STATS,Normal
1790946265.772,svchost.exe,services.exe,0.0,12.8,,STATS,Normal
1790946265.772,RstMwService.exe,services.exe,0.0,8.4,,STATS,Normal
1790946265.772,svchost.exe,services.exe,0.0,7.1,,STATS,Normal
1790946265.772,svchost.exe,services.exe,0.0,21.5,,STATS,Normal
1790946265.772,MsMpEng.exe,services.exe,0.29,335.7,,STATS,Normal
1790946265.772,WMIRegistrationService.exe,services.exe,0.0,13.1,,STATS,Normal
1790946265.772,RtkAudUService64.exe,services.exe,0.0,15.0,,STATS,Normal
1790946265.772,svchost.exe,services.exe,0.0,16.2,,STATS,Normal
1790946265.772,brave.exe,brave.exe,0.0,76.3,,STATS,Normal
1790946265.772,msedgewebview2.exe,msedgewebview2.exe,0.0,12.7,,STATS,Normal
1790946265.772,svchost.exe,services.exe,0.0,14.1,,STATS,Normal
1790946265.772,jhi_service.exe,services.exe,0.0,7.9,,STATS,Normal
1790946265.772,brave.exe,brave.exe,0.0,146.9,,STATS,Normal
1790946265.772,svchost.exe,services.exe,0.0,15.5,,STATS,Normal
1790946265.772,msedgewebview2.exe,msedgewebview2.exe,0.0,19.2,,STATS,Normal
1790946265.772,csrss.exe,,0.0,8.6,,STATS,Normal
1790946265.772,svchost.exe,services.exe,0.0,28.3,,STATS,Normal
1790946265.772,Code.exe,Code.exe,0.0,166.2,,STATS,Normal
1790946265.772,dwm.exe,winlogon.exe,0.0,158.4,,STATS,Normal
1790946265.772,NgcIso.exe,svchost.exe,0.0,4.1,,STATS,Normal
1790946265.772,winlogon.exe,,0.0,23.7,,STATS,Normal
1790946265.772,brave.exe,explorer.exe,0.1,318.5,,STATS,Normal
1790946265.772,fontdrvhost.exe,winlogon.exe,0.0,8.9,,STATS,Normal
1790946265.772,IGCC.exe,svchost.exe,0.0,14.8,,STATS,Normal
1790946265.772,brave.exe,brave.exe,0.0,282.1,,STATS,Normal
1790946265.772,brave.exe,brave.exe,0.0,193.3,,STATS,Normal
1790946265.772,svchost.exe,services.exe,0.0,10.9,,STATS,Normal
1790946265.772,brave.exe,brave.exe,0.0,9.2,,STATS,Normal
1790946265.772,brave.exe,brave.exe,0.0,109.5,,STATS,Normal
1790946265.772,NVIDIA Overlay.exe,NVIDIA Overlay.exe,0.0,70.5,,STATS,Normal
1790946265.772,WmiPrvSE.exe,svchost.exe,0.0,17.4,,STATS,Normal
1790946265.772,nvcontainer.exe,nvcontainer.exe,0.0,33.2,,STATS,Normal
1790946265.772,unsecapp.exe,svchost.exe,0.0,10.1,,STATS,Normal
1790946265.772,svchost.exe,services.exe,0.0,9.6,,STATS,Normal
1790946265.772,NVIDIA Overlay.exe,nvcontainer.exe,0.0,149.0,,STATS,Normal
1790946265.772,AsusOptimizationStartupTask.exe,AsusOptimization.exe,0.0,19.6,,STATS,Normal
1790946265.772,SecurityHealthSystray.exe,explorer.exe,0.0,13.1,,STATS,Normal
1790946265.772,svchost.exe,services.exe,0.0,27.8,,STATS,Normal
1790946265.772,brave.exe,brave.exe,0.0,140.2,,STATS,Normal
1790946265.772,msedge.exe,msedge.exe,0.0,41.4,,STATS,Normal
1790946265.772,svchost.exe,services.exe,0.0,10.3,,STATS,Normal
1790946265.772,sihost.exe,svchost.exe,0.0,48.5,,STATS,Normal
1790946265.772,AppVShNotify.exe,OfficeClickToRun.exe,0.0,9.8,,STATS,Normal
1790946265.772,brave.exe,brave.exe,0.0,123.5,,STATS,Normal
1790946265.772,msedgewebview2.exe,SearchHost.exe,0.0,117.9,,STATS,Normal
1790946265.772,AsusOSD.exe,,0.0,16.7,,STATS,Normal
1790946265.772,ApplicationFrameHost.exe,svchost.exe,0.0,49.6,,STATS,Normal
1790946265.772,Code.exe,Code.exe,0.0,146.8,,STATS,Normal
1790946265.772,brave.exe,brave.exe,0.0,120.5,,STATS,Normal
1790946265.772,NVIDIA Overlay.exe,NVIDIA Overlay.exe,0.0,22.3,,STATS,Normal
1790946265.772,svchost.exe,services.exe,0.0,22.1,,STATS,Normal
1790946265.772,msedge.exe,,0.0,144.6,,STATS,Normal
1790946265.772,nvcontainer.exe,nvcontainer.exe,0.0,39.9,,STATS,Normal
1790946265.772,svchost.exe,services.exe,0.0,29.2,,STATS,Normal
1790946265.772,NisSrv.exe,services.exe,0.0,14.0,,STATS,Normal
1790946265.772,NVDisplay.Container.exe,NVDisplay.Container.exe,0.0,44.8,,STATS,Normal
1790946265.772,ctfmon.exe,svchost.exe,0.0,31.4,,STATS,Normal
1790946265.772,taskhostw.exe,svchost.exe,0.0,21.3,,STATS,Normal
1790946265.772,explorer.exe,,0.0,339.8,,STATS,Normal
1790946265.772,StartMenuExperienceHost.exe,svchost.exe,0.0,151.6,,STATS,Normal
1790946265.772,RuntimeBroker.exe,svchost.exe,0.0,81.7,,STATS,Normal
1790946265.772,brave.exe,brave.exe,0.1,478.4,,STATS,Normal
1790946265.772,msedge.exe,msedge.exe,0.0,50.0,,STATS,Normal
1790946265.772,svchost.exe,services.exe,0.0,12.6,,STATS,Normal
1790946265.772,svchost.exe,services.exe,0.0,26.4,,STATS,Normal
1790946265.772,svchost.exe,services.exe,0.0,42.6,,STATS,Normal
1790946265.772,SpotifyXboxGamebarWebView.exe,svchost.exe,0.0,69.8,,STATS,Normal
1790946265.772,SearchIndexer.exe,services.exe,0.0,46.7,,STATS,Normal
1790946265.772,Code.exe,explorer.exe,0.1,170.8,,STATS,Normal
1790946265.772,svchost.exe,services.exe,0.0,43.9,,STATS,Normal
1790946265.772,svchost.exe,services.exe,0.0,11.2,,STATS,Normal
1790946265.772,CrossDeviceResume.exe,sihost.exe,0.0,52.4,,STATS,Normal
1790946265.772,brave.exe,brave.exe,0.0,300.4,,STATS,Normal
1790946265.772,svchost.exe,services.exe,0.0,8.9,,STATS,Normal
1790946265.772,dllhost.exe,svchost.exe,0.0,20.5,,STATS,Normal
1790946265.772,Code.exe,Code.exe,0.2,285.6,,STATS,Normal
1790946265.772,brave.exe,brave.exe,0.0,26.5,,STATS,Normal
1790946265.772,WidgetService.exe,svchost.exe,0.0,25.0,,STATS,Normal
1790946265.772,nvcontainer.exe,nvcontainer.exe,0.0,93.4,,STATS,Normal
1790946265.772,svchost.exe,services.exe,0.0,29.4,,STATS,Normal
1790946265.772,DefenderSessionHelper.exe,MsMpEng.exe,0.0,6.4,,STATS,Normal
1790946265.772,svchost.exe,services.exe,0.0,70.7,,STATS,Normal
1790946265.772,UserOOBEBroker.exe,svchost.exe,0.0,11.1,,STATS,Normal
1790946265.772,nvsphelper64.exe,nvcontainer.exe,0.1,16.0,,STATS,Normal
1790946265.772,powershell.exe,explorer.exe,0.0,79.2,,STATS,Normal
1790946265.772,svchost.exe,services.exe,0.0,37.5,,STATS,Normal
1790946265.772,WidgetBoard.exe,svchost.exe,0.0,29.1,,STATS,Normal
1790946265.772,brave.exe,brave.exe,0.0,50.5,,STATS,Normal
1790946265.772,SecurityHealthService.exe,services.exe,0.0,23.0,,STATS,Normal
1790946265.772,svchost.exe,services.exe,0.0,14.8,,STATS,Normal
1790946265.772,dllhost.exe,svchost.exe,0.0,12.6,,STATS,Normal
1790946265.772,svchost.exe,services.exe,0.0,18.6,,STATS,Normal
1790946265.772,ArmouryCrateKeyControl.exe,ArmouryCrateControlInterface.exe,0.0,46.3,,STATS,Normal
1790946265.772,conhost.exe,powershell.exe,0.0,23.5,,STATS,Normal
1790946265.772,Code.exe,Code.exe,0.0,118.8,,STATS,Normal
1790946265.772,pet.exe,Code.exe,0.0,9.1,,STATS,Normal
1790946265.772,svchost.exe,services.exe,0.0,10.2,,STATS,Normal
1790946265.772,SDXHelper.exe,svchost.exe,0.0,30.9,,STATS,Normal
1790946265.772,NVIDIA Overlay.exe,NVIDIA Overlay.exe,0.0,37.0,,STATS,Normal
1790946265.772,svchost.exe,services.exe,0.0,16.0,,STATS,Normal
1790946265.772,OfficeClickToRun.exe,services.exe,0.0,57.9,,STATS,Normal
1790946265.772,conhost.exe,pet.exe,0.0,6.8,,STATS,Normal
1790946265.772,RuntimeBroker.exe,svchost.exe,0.0,19.2,,STATS,Normal
1790946265.772,TextInputHost.exe,svchost.exe,0.0,128.7,,STATS,Normal
1790946265.772,svchost.exe,services.exe,0.0,7.6,,STATS,Normal
1790946265.772,msedge.exe,msedge.exe,0.0,12.7,,STATS,Normal
1790946265.772,AsusSoftwareManagerAgent.exe,AsusSoftwareManager.exe,0.0,41.6,,STATS,Normal
1790946265.772,wlanext.exe,svchost.exe,0.0,11.2,,STATS,Normal
1790946265.772,copilot-runtime.exe,Code.exe,0.0,19.2,,STATS,Normal
1790946265.772,AppActions.exe,svchost.exe,0.0,39.7,,STATS,Normal
1790946265.772,brave.exe,brave.exe,0.0,66.7,,STATS,Normal
1790946265.772,SearchHost.exe,svchost.exe,0.0,144.8,,STATS,Normal
1790946265.772,svchost.exe,services.exe,0.0,24.9,,STATS,Normal
1790946265.772,brave.exe,brave.exe,0.0,234.0,,STATS,Normal
1790946265.772,msedgewebview2.exe,msedgewebview2.exe,0.0,143.8,,STATS,Normal
1790946265.772,OpenConsole.exe,Code.exe,0.0,11.5,,STATS,Normal
1790946265.772,brave.exe,brave.exe,0.0,73.6,,STATS,Normal
1790946265.772,svchost.exe,services.exe,0.0,7.6,,STATS,Normal
1790946265.772,RuntimeBroker.exe,svchost.exe,0.0,29.8,,STATS,Normal
1790946265.772,Intel_PIE_Service.exe,services.exe,0.0,11.8,,STATS,Normal
1790946265.772,Code.exe,Code.exe,0.0,106.5,,STATS,Normal
1790946265.772,Code.exe,Code.exe,0.0,33.5,,STATS,Normal
1790946265.772,brave.exe,brave.exe,2.75,225.7,,STATS,Normal
1790946265.772,dllhost.exe,svchost.exe,0.0,11.4,,STATS,Normal
1790946265.772,msedgewebview2.exe,msedgewebview2.exe,0.0,87.7,,STATS,Normal
1790946265.772,msedgewebview2.exe,msedgewebview2.exe,0.0,41.5,,STATS,Normal
1790946265.772,Code.exe,Code.exe,0.0,340.2,,STATS,Normal
1790946265.772,conhost.exe,copilot-runtime.exe,0.0,7.0,,STATS,Normal
1790946265.772,brave.exe,brave.exe,0.0,23.3,,STATS,Normal
1790946265.772,brave.exe,brave.exe,0.0,70.5,,STATS,Normal
1790946265.772,brave.exe,brave.exe,0.0,82.2,,STATS,Normal
1790946265.772,Code.exe,Code.exe,0.0,582.8,,STATS,Normal
1790946265.772,svchost.exe,services.exe,0.2,8.5,,STATS,Normal
1790946265.772,audiodg.exe,svchost.exe,0.0,22.6,,STATS,Normal
1790946265.772,conhost.exe,powershell.exe,0.0,21.7,,STATS,Normal
1790946265.772,powershell.exe,explorer.exe,0.0,78.2,,STATS,Normal
1790946265.772,python.exe,powershell.exe,0.1,23.3,,STATS,Normal
1790946265.772,ShellHost.exe,sihost.exe,0.0,54.9,,STATS,Normal
1790946265.772,brave.exe,brave.exe,0.0,58.6,,STATS,Normal
1790946265.772,brave.exe,brave.exe,0.0,31.9,,STATS,Normal
1790946281.772,svchost.exe,services.exe,,,,EXIT,Normal
1790946293.788,powershell.exe,python.exe,,71.4,,START,Normal
1790946295.772,powershell.exe,python.exe,,,,EXIT,Normal
1790946297.772,System Idle Process,,95.8,0.0,,STATS,Normal
1790946297.772,System,System Idle Process,0.79,9.3,,STATS,Normal
1790946297.772,,,0.0,0.1,,STATS,Normal
1790946297.772,Registry,,0.0,60.4,,STATS,Normal
1790946297.772,Code.exe,Code.exe,0.0,159.9,,STATS,Normal
1790946297.772,smss.exe,System,0.0,1.4,,STATS,Normal
1790946297.772,csrss.exe,,0.0,6.8,,STATS,Normal
1790946297.772,svchost.exe,services.exe,0.0,12.7,,STATS,Normal
1790946297.772,wininit.exe,,0.0,9.4,,STATS,Normal
1790946297.772,services.exe,wininit.exe,0.0,10.7,,STATS,Normal
1790946297.772,svchost.exe,services.exe,0.0,12.2,,STATS,Normal
1790946297.772,LsaIso.exe,wininit.exe,0.0,3.9,,STATS,Normal
1790946297.772,lsass.exe,wininit.exe,0.0,32.4,,STATS,Normal
1790946297.772,IntelCpHDCPSvc.exe,services.exe,0.0,9.2,,STATS,Normal
1790946297.772,svchost.exe,services.exe,0.0,7.6,,STATS,Normal
1790946297.772,svchost.exe,services.exe,0.0,44.6,,STATS,Normal
1790946297.772,fontdrvhost.exe,wininit.exe,0.0,4.3,,STATS,Normal
1790946297.772,WUDFHost.exe,services.exe,0.0,21.7,,STATS,Normal
1790946297.772,svchost.exe,services.exe,0.0,19.9,,STATS,Normal
1790946297.772,svchost.exe,services.exe,0.0,12.8,,STATS,Normal
1790946297.772,svchost.exe,services.exe,0.0,6.8,,STATS,Normal
1790946297.772,svchost.exe,services.exe,0.0,12.2,,STATS,Normal
1790946297.772,svchost.exe,services.exe,0.0,22.1,,STATS,Normal
1790946297.772,svchost.exe,services.exe,0.0,17.1,,STATS,Normal
1790946297.772,igfxEM.exe,igfxCUIService.exe,0.0,17.2,,STATS,Normal
1790946297.772,svchost.exe,services.exe,0.0,16.9,,STATS,Normal
1790946297.772,svchost.exe,services.exe,0.0,13.5,,STATS,Normal
1790946297.772,svchost.exe,services.exe,0.0,14.9,,STATS,Normal
1790946297.772,svchost.exe,services.exe,0.0,30.6,,STATS,Normal
1790946297.772,svchost.exe,services.exe,0.0,12.5,,STATS,Normal
1790946297.772,svchost.exe,services.exe,0.0,13.9,,STATS,Normal
1790946297.772,IntelCpHeciSvc.exe,services.exe,0.0,9.3,,STATS,Normal
1790946297.772,svchost.exe,services.exe,0.0,24.2,,STATS,Normal
1790946297.772,brave.exe,brave.exe,0.0,404.5,,STATS,Normal
1790946297.772,svchost.exe,services.exe,0.0,8.0,,STATS,Normal
1790946297.772,svchost.exe,services.exe,0.0,22.3,,STATS,Normal
1790946297.772,smartscreen.exe,svchost.exe,0.0,13.0,,STATS,Normal
1790946297.772,svchost.exe,services.exe,0.0,10.2,,STATS,Normal
1790946297.772,NVDisplay.Container.exe,services.exe,0.0,36.8,,STATS,Normal
1790946297.772,NVIDIA Overlay.exe,NVIDIA Overlay.exe,0.0,94.6,,STATS,Normal
1790946297.772,svchost.exe,services.exe,0.0,12.0,,STATS,Normal
1790946297.772,PresentationFontCache.exe,services.exe,0.0,19.6,,STATS,Normal
1790946297.772,dllhost.exe,svchost.exe,0.0,21.3,,STATS,Normal
1790946297.772,svchost.exe,services.exe,0.97,19.2,,STATS,Normal
1790946297.772,svchost.exe,services.exe,0.0,28.7,,STATS,Normal
1790946297.772,svchost.exe,services.exe,0.0,10.1,,STATS,Normal
1790946297.772,svchost.exe,services.exe,0.0,7.3,,STATS,Normal
1790946297.772,svchost.exe,services.exe,0.0,18.4,,STATS,Normal
1790946297.772,MemCompression,System,0.0,279.1,,STATS,Normal
1790946297.772,svchost.exe,services.exe,0.0,11.6,,STATS,Normal
1790946297.772,svchost.exe,services.exe,0.0,19.6,,STATS,Normal
1790946297.772,igfxCUIService.exe,services.exe,0.0,12.0,,STATS,Normal
1790946297.772,svchost.exe,services.exe,0.0,9.0,,STATS,Normal
1790946297.772,svchost.exe,services.exe,0.0,12.4,,STATS,Normal
1790946297.772,svchost.exe,services.exe,0.0,9.4,,STATS,Normal
1790946297.772,svchost.exe,services.exe,0.0,24.9,,STATS,Normal
1790946297.772,MicrosoftStartFeedProvider.exe,svchost.exe,0.0,42.8,,STATS,Normal
1790946297.772,SystemSettings.exe,svchost.exe,0.0,3.6,,STATS,Normal
1790946297.772,svchost.exe,services.exe,0.0,57.6,,STATS,Normal
1790946297.772,svchost.exe,services.exe,0.0,11.2,,STATS,Normal
1790946297.772,svchost.exe,services.exe,0.0,14.7,,STATS,Normal
1790946297.772,Code.exe,Code.exe,0.0,52.6,,STATS,Normal
1790946297.772,svchost.exe,services.exe,0.0,10.6,,STATS,Normal
1790946297.772,svchost.exe,services.exe,0.0,24.5,,STATS,Normal
1790946297.772,svchost.exe,services.exe,0.0,12.4,,STATS,Normal
1790946297.772,msedge.exe,msedge.exe,0.0,19.3,,STATS,Normal
1790946297.772,svchost.exe,services.exe,0.0,22.0,,STATS,Normal
1790946297.772,svchost.exe,services.exe,0.0,11.0,,STATS,Normal
1790946297.772,svchost.exe,services.exe,0.0,13.4,,STATS,Normal
1790946297.772,svchost.exe,services.exe,0.0,30.8,,STATS,Normal
1790946297.772,powershell.exe,Code.exe,0.0,96.7,,STATS,Normal
1790946297.772,brave.exe,brave.exe,0.0,55.3,,STATS,Normal
1790946297.772,svchost.exe,services.exe,0.0,9.0,,STATS,Normal
1790946297.772,svchost.exe,services.exe,0.0,29.5,,STATS,Normal
1790946297.772,svchost.exe,services.exe,0.0,11.3,,STATS,Normal
1790946297.772,AsusOptimization.exe,services.exe,0.0,9.9,,STATS,Normal
1790946297.772,svchost.exe,services.exe,0.0,20.5,,STATS,Normal
1790946297.772,svchost.exe,services.exe,0.0,12.9,,STATS,Normal
1790946297.772,spoolsv.exe,services.exe,0.0,26.7,,STATS,Normal
1790946297.772,svchost.exe,services.exe,0.0,10.0,,STATS,Normal
1790946297.772,backgroundTaskHost.exe,svchost.exe,0.0,66.0,,STATS,Normal
1790946297.772,ArmouryCrateControlInterface.exe,services.exe,0.0,11.7,,STATS,Normal
1790946297.772,AsusSoftwareManager.exe,services.exe,0.0,19.8,,STATS,Normal
1790946297.772,AsusSwitch.exe,services.exe,0.0,9.5,,STATS,Normal
1790946297.772,AsusSystemAnalysis.exe,services.exe,0.0,17.2,,STATS,Normal
1790946297.772,svchost.exe,services.exe,0.0,34.7,,STATS,Normal
1790946297.772,AsusAppService.exe,services.exe,0.0,25.2,,STATS,Normal
1790946297.772,AsusSystemDiagnosis.exe,services.exe,0.0,12.2,,STATS,Normal
1790946297.772,DtsApo4Service.exe,services.exe,0.0,20.4,,STATS,Normal
1790946297.772,svchost.exe,services.exe,0.0,16.6,,STATS,Normal
1790946297.772,cmw_srv.exe,services.exe,0.0,89.3,,STATS,Normal
1790946297.772,esif_uf.exe,services.exe,0.0,7.3,,STATS,Normal
1790946297.772,OneApp.IGCC.WinService.exe,services.exe,0.0,48.3,,STATS,Normal
1790946297.772,svchost.exe,services.exe,0.0,29.0,,STATS,Normal
1790946297.772,svchost.exe,services.exe,0.0,15.3,,STATS,Normal
1790946297.772,MpDefenderCoreService.exe,services.exe,0.0,24.3,,STATS,Normal
1790946297.772,nvcontainer.exe,services.exe,0.0,40.6,,STATS,Normal
1790946297.772,svchost.exe,services.exe,0.0,12.8,,STATS,Normal
1790946297.772,RstMwService.exe,services.exe,0.0,8.4,,STATS,Normal
1790946297.772,svchost.exe,services.exe,0.0,7.1,,STATS,Normal
1790946297.772,svchost.exe,services.exe,0.0,21.5,,STATS,Normal
1790946297.772,MsMpEng.exe,services.exe,0.2,324.4,,STATS,Normal
1790946297.772,WMIRegistrationService.exe,services.exe,0.0,13.1,,STATS,Normal
1790946297.772,RtkAudUService64.exe,services.exe,0.0,15.0,,STATS,Normal
1790946297.772,svchost.exe,services.exe,0.0,16.2,,STATS,Normal
1790946297.772,brave.exe,brave.exe,0.0,76.3,,STATS,Normal
1790946297.772,msedgewebview2.exe,msedgewebview2.exe,0.0,12.7,,STATS,Normal
1790946297.772,svchost.exe,services.exe,0.0,14.1,,STATS,Normal
1790946297.772,jhi_service.exe,services.exe,0.0,7.9,,STATS,Normal
1790946297.772,brave.exe,brave.exe,0.0,147.2,,STATS,Normal
1790946297.772,svchost.exe,services.exe,0.0,15.4,,STATS,Normal
1790946297.772,msedgewebview2.exe,msedgewebview2.exe,0.0,19.2,,STATS,Normal
1790946297.772,csrss.exe,,0.0,8.6,,STATS,Normal
1790946297.772,svchost.exe,services.exe,0.0,28.3,,STATS,Normal
1790946297.772,Code.exe,Code.exe,0.0,166.2,,STATS,Normal
1790946297.772,dwm.exe,winlogon.exe,0.0,158.4,,STATS,Normal
1790946297.772,NgcIso.exe,svchost.exe,0.0,4.1,,STATS,Normal
1790946297.772,winlogon.exe,,0.0,23.6,,STATS,Normal
1790946297.772,brave.exe,explorer.exe,0.29,318.7,,STATS,Normal
1790946297.772,fontdrvhost.exe,winlogon.exe,0.0,8.9,,STATS,Normal
1790946297.772,IGCC.exe,svchost.exe,0.0,14.8,,STATS,Normal
1790946297.772,brave.exe,brave.exe,0.49,289.2,,STATS,Normal
1790946297.772,brave.exe,brave.exe,0.0,193.5,,STATS,Normal
1790946297.772,svchost.exe,services.exe,0.0,10.9,,STATS,Normal
1790946297.772,brave.exe,brave.exe,0.0,9.2,,STATS,Normal
1790946297.772,brave.exe,brave.exe,0.0,109.5,,STATS,Normal
1790946297.772,NVIDIA Overlay.exe,NVIDIA Overlay.exe,0.0,70.5,,STATS,Normal
1790946297.772,WmiPrvSE.exe,svchost.exe,0.0,17.4,,STATS,Normal
1790946297.772,nvcontainer.exe,nvcontainer.exe,0.0,33.2,,STATS,Normal
1790946297.772,unsecapp.exe,svchost.exe,0.0,10.1,,STATS,Normal
1790946297.772,svchost.exe,services.exe,0.0,9.6,,STATS,Normal
1790946297.772,NVIDIA Overlay.exe,nvcontainer.exe,0.0,149.0,,STATS,Normal
1790946297.772,AsusOptimizationStartupTask.exe,AsusOptimization.exe,0.0,19.6,,STATS,Normal
1790946297.772,SecurityHealthSystray.exe,explorer.exe,0.0,13.1,,STATS,Normal
1790946297.772,svchost.exe,services.exe,0.0,27.8,,STATS,Normal
1790946297.772,brave.exe,brave.exe,0.1,133.1,,STATS,Normal
1790946297.772,msedge.exe,msedge.exe,0.0,41.4,,STATS,Normal
1790946297.772,svchost.exe,services.exe,0.0,10.3,,STATS,Normal
1790946297.772,sihost.exe,svchost.exe,0.0,48.4,,STATS,Normal
1790946297.772,AppVShNotify.exe,OfficeClickToRun.exe,0.0,9.8,,STATS,Normal
1790946297.772,brave.exe,brave.exe,0.0,123.5,,STATS,Normal
1790946297.772,msedgewebview2.exe,SearchHost.exe,0.0,117.9,,STATS,Normal
1790946297.772,AsusOSD.exe,,0.0,16.7,,STATS,Normal
1790946297.772,ApplicationFrameHost.exe,svchost.exe,0.0,49.7,,STATS,Normal
1790946297.772,Code.exe,Code.exe,0.0,146.8,,STATS,Normal
1790946297.772,brave.exe,brave.exe,0.0,120.5,,STATS,Normal
1790946297.772,NVIDIA Overlay.exe,NVIDIA Overlay.exe,0.0,22.3,,STATS,Normal
1790946297.772,svchost.exe,services.exe,0.0,22.1,,STATS,Normal
1790946297.772,msedge.exe,,0.0,144.6,,STATS,Normal
1790946297.772,nvcontainer.exe,nvcontainer.exe,0.1,39.9,,STATS,Normal
1790946297.772,svchost.exe,services.exe,0.0,29.4,,STATS,Normal
1790946297.772,NisSrv.exe,services.exe,0.0,14.0,,STATS,Normal
1790946297.772,NVDisplay.Container.exe,NVDisplay.Container.exe,0.0,44.8,,STATS,Normal
1790946297.772,ctfmon.exe,svchost.exe,0.0,31.4,,STATS,Normal
1790946297.772,taskhostw.exe,svchost.exe,0.0,21.3,,STATS,Normal
1790946297.772,explorer.exe,,0.0,339.7,,STATS,Normal
1790946297.772,StartMenuExperienceHost.exe,svchost.exe,0.0,151.7,,STATS,Normal
1790946297.772,RuntimeBroker.exe,svchost.exe,0.0,81.6,,STATS,Normal
1790946297.772,brave.exe,brave.exe,0.0,478.7,,STATS,Normal
1790946297.772,msedge.exe,msedge.exe,0.0,50.1,,STATS,Normal
1790946297.772,svchost.exe,services.exe,0.0,12.6,,STATS,Normal
1790946297.772,svchost.exe,services.exe,0.0,26.4,,STATS,Normal
1790946297.772,svchost.exe,services.exe,0.0,42.6,,STATS,Normal
1790946297.772,SpotifyXboxGamebarWebView.exe,svchost.exe,0.0,69.8,,STATS,Normal
1790946297.772,SearchIndexer.exe,services.exe,0.0,45.3,,STATS,Normal
1790946297.772,Code.exe,explorer.exe,0.0,171.2,,STATS,Normal
1790946297.772,svchost.exe,services.exe,0.0,43.8,,STATS,Normal
1790946297.772,svchost.exe,services.exe,0.0,11.2,,STATS,Normal
1790946297.772,CrossDeviceResume.exe,sihost.exe,0.0,52.4,,STATS,Normal
1790946297.772,brave.exe,brave.exe,0.0,300.4,,STATS,Normal
1790946297.772,dllhost.exe,svchost.exe,0.0,20.5,,STATS,Normal
1790946297.772,Code.exe,Code.exe,0.0,286.3,,STATS,Normal
1790946297.772,brave.exe,brave.exe,0.0,26.5,,STATS,Normal
1790946297.772,WidgetService.exe,svchost.exe,0.0,24.9,,STATS,Normal
1790946297.772,nvcontainer.exe,nvcontainer.exe,0.0,93.5,,STATS,Normal
1790946297.772,svchost.exe,services.exe,0.0,29.3,,STATS,Normal
1790946297.772,DefenderSessionHelper.exe,MsMpEng.exe,0.0,6.4,,STATS,Normal
1790946297.772,svchost.exe,services.exe,0.0,70.7,,STATS,Normal
1790946297.772,UserOOBEBroker.exe,svchost.exe,0.0,11.1,,STATS,Normal
1790946297.772,nvsphelper64.exe,nvcontainer.exe,0.1,16.0,,STATS,Normal
1790946297.772,powershell.exe,explorer.exe,0.0,79.2,,STATS,Normal
1790946297.772,svchost.exe,services.exe,0.0,37.5,,STATS,Normal
1790946297.772,WidgetBoard.exe,svchost.exe,0.0,29.1,,STATS,Normal
1790946297.772,brave.exe,brave.exe,0.0,50.5,,STATS,Normal
1790946297.772,SecurityHealthService.exe,services.exe,0.0,23.0,,STATS,Normal
1790946297.772,svchost.exe,services.exe,0.0,14.8,,STATS,Normal
1790946297.772,dllhost.exe,svchost.exe,0.0,12.6,,STATS,Normal
1790946297.772,svchost.exe,services.exe,0.0,18.6,,STATS,Normal
1790946297.772,ArmouryCrateKeyControl.exe,ArmouryCrateControlInterface.exe,0.0,46.3,,STATS,Normal
1790946297.772,conhost.exe,powershell.exe,0.0,23.5,,STATS,Normal
1790946297.772,Code.exe,Code.exe,0.0,118.8,,STATS,Normal
1790946297.772,pet.exe,Code.exe,0.0,9.1,,STATS,Normal
1790946297.772,svchost.exe,services.exe,0.0,10.2,,STATS,Normal
1790946297.772,SDXHelper.exe,svchost.exe,0.0,30.9,,STATS,Normal
1790946297.772,NVIDIA Overlay.exe,NVIDIA Overlay.exe,0.0,37.0,,STATS,Normal
1790946297.772,svchost.exe,services.exe,0.0,16.0,,STATS,Normal
1790946297.772,OfficeClickToRun.exe,services.exe,0.0,57.9,,STATS,Normal
1790946297.772,conhost.exe,pet.exe,0.0,6.8,,STATS,Normal
1790946297.772,RuntimeBroker.exe,svchost.exe,0.0,19.2,,STATS,Normal
1790946297.772,TextInputHost.exe,svchost.exe,0.0,128.7,,STATS,Normal
1790946297.772,svchost.exe,services.exe,0.0,7.6,,STATS,Normal
1790946297.772,msedge.exe,msedge.exe,0.0,12.7,,STATS,Normal
1790946297.772,AsusSoftwareManagerAgent.exe,AsusSoftwareManager.exe,0.0,41.6,,STATS,Normal
1790946297.772,wlanext.exe,svchost.exe,0.0,11.2,,STATS,Normal
1790946297.772,copilot-runtime.exe,Code.exe,0.0,19.2,,STATS,Normal
1790946297.772,AppActions.exe,svchost.exe,0.0,39.7,,STATS,Normal
1790946297.772,brave.exe,brave.exe,0.0,67.0,,STATS,Normal
1790946297.772,SearchHost.exe,svchost.exe,0.0,144.7,,STATS,Normal
1790946297.772,svchost.exe,services.exe,0.0,24.9,,STATS,Normal
1790946297.772,brave.exe,brave.exe,0.0,234.0,,STATS,Normal
1790946297.772,msedgewebview2.exe,msedgewebview2.exe,0.0,143.8,,STATS,Normal
1790946297.772,OpenConsole.exe,Code.exe,0.0,11.4,,STATS,Normal
1790946297.772,brave.exe,brave.exe,0.0,74.3,,STATS,Normal
1790946297.772,svchost.exe,services.exe,0.0,7.6,,STATS,Normal
1790946297.772,RuntimeBroker.exe,svchost.exe,0.0,29.7,,STATS,Normal
1790946297.772,Intel_PIE_Service.exe,services.exe,0.0,11.8,,STATS,Normal
1790946297.772,Code.exe,Code.exe,0.0,106.6,,STATS,Normal
1790946297.772,Code.exe,Code.exe,0.0,33.5,,STATS,Normal
1790946297.772,brave.exe,brave.exe,0.0,225.8,,STATS,Normal
1790946297.772,dllhost.exe,svchost.exe,0.0,11.3,,STATS,Normal
1790946297.772,msedgewebview2.exe,msedgewebview2.exe,0.0,87.7,,STATS,Normal
1790946297.772,msedgewebview2.exe,msedgewebview2.exe,0.0,41.5,,STATS,Normal
1790946297.772,Code.exe,Code.exe,0.0,340.2,,STATS,Normal
1790946297.772,conhost.exe,copilot-runtime.exe,0.0,7.0,,STATS,Normal
1790946297.772,brave.exe,brave.exe,0.0,23.3,,STATS,Normal
1790946297.772,brave.exe,brave.exe,0.0,71.3,,STATS,Normal
1790946297.772,brave.exe,brave.exe,0.0,80.0,,STATS,Normal
1790946297.772,Code.exe,Code.exe,0.0,582.8,,STATS,Normal
1790946297.772,svchost.exe,services.exe,0.0,8.5,,STATS,Normal
1790946297.772,audiodg.exe,svchost.exe,0.0,22.1,,STATS,Normal
1790946297.772,conhost.exe,powershell.exe,0.0,21.7,,STATS,Normal
1790946297.772,powershell.exe,explorer.exe,0.0,78.2,,STATS,Normal
1790946297.772,python.exe,powershell.exe,0.0,23.6,,STATS,Normal
1790946297.772,ShellHost.exe,sihost.exe,0.0,54.8,,STATS,Normal
1790946297.772,brave.exe,brave.exe,0.0,59.3,,STATS,Normal
1790946297.772,brave.exe,brave.exe,0.0,32.6,,STATS,Normal
1790946317.779,svchost.exe,services.exe,,9.7,,START,Normal
1790946323.781,powershell.exe,python.exe,,71.2,,START,Normal
1790946325.772,powershell.exe,python.exe,,,,EXIT,Normal
1790946327.773,System Idle Process,,92.88,0.0,,STATS,Normal
1790946327.773,System,System Idle Process,0.59,9.3,,STATS,Normal
1790946327.773,,,0.0,0.1,,STATS,Normal
1790946327.773,Registry,,0.0,60.4,,STATS,Normal
1790946327.773,Code.exe,Code.exe,0.0,159.9,,STATS,Normal
1790946327.773,smss.exe,System,0.0,1.4,,STATS,Normal
1790946327.773,csrss.exe,,0.0,6.8,,STATS,Normal
1790946327.773,svchost.exe,services.exe,0.0,12.7,,STATS,Normal
1790946327.773,wininit.exe,,0.0,9.4,,STATS,Normal
1790946327.773,services.exe,wininit.exe,0.0,10.7,,STATS,Normal
1790946327.773,svchost.exe,services.exe,0.0,12.2,,STATS,Normal
1790946327.773,LsaIso.exe,wininit.exe,0.0,3.9,,STATS,Normal
1790946327.773,lsass.exe,wininit.exe,0.0,32.4,,STATS,Normal
1790946327.773,IntelCpHDCPSvc.exe,services.exe,0.0,9.2,,STATS,Normal
1790946327.773,svchost.exe,services.exe,0.0,7.6,,STATS,Normal
1790946327.773,svchost.exe,services.exe,0.0,44.6,,STATS,Normal
1790946327.773,fontdrvhost.exe,wininit.exe,0.0,4.3,,STATS,Normal
1790946327.773,WUDFHost.exe,services.exe,0.0,21.7,,STATS,Normal
1790946327.773,svchost.exe,services.exe,0.0,19.9,,STATS,Normal
1790946327.773,svchost.exe,services.exe,0.0,12.8,,STATS,Normal
1790946327.773,svchost.exe,services.exe,0.0,6.8,,STATS,Normal
1790946327.773,svchost.exe,services.exe,0.0,12.2,,STATS,Normal
1790946327.773,svchost.exe,services.exe,0.0,22.1,,STATS,Normal
1790946327.773,svchost.exe,services.exe,0.0,17.1,,STATS,Normal
1790946327.773,igfxEM.exe,igfxCUIService.exe,0.0,17.2,,STATS,Normal
1790946327.773,svchost.exe,services.exe,0.0,16.9,,STATS,Normal
1790946327.773,svchost.exe,services.exe,0.0,13.5,,STATS,Normal
1790946327.773,svchost.exe,services.exe,0.0,14.9,,STATS,Normal
1790946327.773,svchost.exe,services.exe,0.0,30.6,,STATS,Normal
1790946327.773,svchost.exe,services.exe,0.0,13.0,,STATS,Normal
1790946327.773,svchost.exe,services.exe,0.0,13.9,,STATS,Normal
1790946327.773,IntelCpHeciSvc.exe,services.exe,0.0,9.3,,STATS,Normal
1790946327.773,svchost.exe,services.exe,0.0,24.4,,STATS,Normal
1790946327.773,brave.exe,brave.exe,0.29,402.5,,STATS,Normal
1790946327.773,svchost.exe,services.exe,0.0,8.0,,STATS,Normal
1790946327.773,svchost.exe,services.exe,0.0,22.3,,STATS,Normal
1790946327.773,smartscreen.exe,svchost.exe,0.0,13.0,,STATS,Normal
1790946327.773,svchost.exe,services.exe,0.0,10.2,,STATS,Normal
1790946327.773,NVDisplay.Container.exe,services.exe,0.0,36.8,,STATS,Normal
1790946327.773,NVIDIA Overlay.exe,NVIDIA Overlay.exe,0.0,94.6,,STATS,Normal
1790946327.773,svchost.exe,services.exe,0.0,12.1,,STATS,Normal
1790946327.773,PresentationFontCache.exe,services.exe,0.0,19.6,,STATS,Normal
1790946327.773,dllhost.exe,svchost.exe,0.0,21.3,,STATS,Normal
1790946327.773,svchost.exe,services.exe,0.88,19.3,,STATS,Normal
1790946327.773,svchost.exe,services.exe,0.0,28.7,,STATS,Normal
1790946327.773,svchost.exe,services.exe,0.0,10.1,,STATS,Normal
1790946327.773,svchost.exe,services.exe,0.0,7.3,,STATS,Normal
1790946327.773,svchost.exe,services.exe,0.0,18.4,,STATS,Normal
1790946327.773,MemCompression,System,0.0,279.1,,STATS,Normal
1790946327.773,svchost.exe,services.exe,0.0,11.6,,STATS,Normal
1790946327.773,svchost.exe,services.exe,0.0,19.6,,STATS,Normal
1790946327.773,igfxCUIService.exe,services.exe,0.0,12.0,,STATS,Normal
1790946327.773,svchost.exe,services.exe,0.0,9.0,,STATS,Normal
1790946327.773,svchost.exe,services.exe,0.0,12.4,,STATS,Normal
1790946327.773,svchost.exe,services.exe,0.0,9.4,,STATS,Normal
1790946327.773,svchost.exe,services.exe,0.0,24.9,,STATS,Normal
1790946327.773,MicrosoftStartFeedProvider.exe,svchost.exe,0.0,42.8,,STATS,Normal
1790946327.773,SystemSettings.exe,svchost.exe,0.0,3.6,,STATS,Normal
1790946327.773,svchost.exe,services.exe,0.0,57.6,,STATS,Normal
1790946327.773,svchost.exe,services.exe,0.0,11.2,,STATS,Normal
1790946327.773,svchost.exe,services.exe,0.0,14.7,,STATS,Normal
1790946327.773,Code.exe,Code.exe,0.0,52.6,,STATS,Normal
1790946327.773,svchost.exe,services.exe,0.0,10.6,,STATS,Normal
1790946327.773,svchost.exe,services.exe,0.0,24.5,,STATS,Normal
1790946327.773,svchost.exe,services.exe,0.0,12.5,,STATS,Normal
1790946327.773,msedge.exe,msedge.exe,0.0,19.2,,STATS,Normal
1790946327.773,svchost.exe,services.exe,0.0,22.0,,STATS,Normal
1790946327.773,svchost.exe,services.exe,0.0,11.1,,STATS,Normal
1790946327.773,svchost.exe,services.exe,0.0,13.4,,STATS,Normal
1790946327.773,svchost.exe,services.exe,0.0,30.8,,STATS,Normal
1790946327.773,powershell.exe,Code.exe,0.0,96.7,,STATS,Normal
1790946327.773,brave.exe,brave.exe,0.0,55.4,,STATS,Normal
1790946327.773,svchost.exe,services.exe,0.0,9.0,,STATS,Normal
1790946327.773,svchost.exe,services.exe,0.0,29.5,,STATS,Normal
1790946327.773,svchost.exe,services.exe,0.0,11.3,,STATS,Normal
1790946327.773,AsusOptimization.exe,services.exe,0.0,9.9,,STATS,Normal
1790946327.773,svchost.exe,services.exe,0.0,20.5,,STATS,Normal
1790946327.773,svchost.exe,services.exe,0.0,12.9,,STATS,Normal
1790946327.773,spoolsv.exe,services.exe,0.0,26.7,,STATS,Normal
1790946327.773,svchost.exe,services.exe,0.0,10.1,,STATS,Normal
1790946327.773,backgroundTaskHost.exe,svchost.exe,0.0,66.0,,STATS,Normal
1790946327.773,ArmouryCrateControlInterface.exe,services.exe,0.0,11.7,,STATS,Normal
1790946327.773,AsusSoftwareManager.exe,services.exe,0.0,19.8,,STATS,Normal
1790946327.773,AsusSwitch.exe,services.exe,0.0,9.5,,STATS,Normal
1790946327.773,AsusSystemAnalysis.exe,services.exe,0.0,17.2,,STATS,Normal
1790946327.773,svchost.exe,services.exe,0.0,35.0,,STATS,Normal
1790946327.773,AsusAppService.exe,services.exe,0.0,25.2,,STATS,Normal
1790946327.773,AsusSystemDiagnosis.exe,services.exe,0.0,12.2,,STATS,Normal
1790946327.773,DtsApo4Service.exe,services.exe,0.0,20.4,,STATS,Normal
1790946327.773,svchost.exe,services.exe,0.0,16.6,,STATS,Normal
1790946327.773,cmw_srv.exe,services.exe,0.0,89.3,,STATS,Normal
1790946327.773,esif_uf.exe,services.exe,0.0,7.3,,STATS,Normal
1790946327.773,OneApp.IGCC.WinService.exe,services.exe,0.0,48.3,,STATS,Normal
1790946327.773,svchost.exe,services.exe,0.0,29.0,,STATS,Normal
1790946327.773,svchost.exe,services.exe,0.0,15.3,,STATS,Normal
1790946327.773,MpDefenderCoreService.exe,services.exe,0.0,24.3,,STATS,Normal
1790946327.773,nvcontainer.exe,services.exe,0.0,40.5,,STATS,Normal
1790946327.773,svchost.exe,services.exe,0.0,12.7,,STATS,Normal
1790946327.773,RstMwService.exe,services.exe,0.0,8.4,,STATS,Normal
1790946327.773,svchost.exe,services.exe,0.0,7.1,,STATS,Normal
1790946327.773,svchost.exe,services.exe,0.0,21.5,,STATS,Normal
1790946327.773,MsMpEng.exe,services.exe,0.39,334.1,,STATS,Normal
1790946327.773,WMIRegistrationService.exe,services.exe,0.0,13.1,,STATS,Normal
1790946327.773,RtkAudUService64.exe,services.exe,0.0,15.0,,STATS,Normal
1790946327.773,svchost.exe,services.exe,0.0,16.2,,STATS,Normal
1790946327.773,brave.exe,brave.exe,0.0,76.3,,STATS,Normal
1790946327.773,msedgewebview2.exe,msedgewebview2.exe,0.0,12.7,,STATS,Normal
1790946327.773,svchost.exe,services.exe,0.0,14.1,,STATS,Normal
1790946327.773,jhi_service.exe,services.exe,0.0,7.9,,STATS,Normal
1790946327.773,brave.exe,brave.exe,0.0,147.2,,STATS,Normal
1790946327.773,svchost.exe,services.exe,0.0,15.4,,STATS,Normal
1790946327.773,msedgewebview2.exe,msedgewebview2.exe,0.0,19.2,,STATS,Normal
1790946327.773,csrss.exe,,0.0,8.6,,STATS,Normal
1790946327.773,svchost.exe,services.exe,0.0,28.3,,STATS,Normal
1790946327.773,Code.exe,Code.exe,0.0,166.2,,STATS,Normal
1790946327.773,dwm.exe,winlogon.exe,0.0,158.4,,STATS,Normal
1790946327.773,NgcIso.exe,svchost.exe,0.0,4.0,,STATS,Normal
1790946327.773,winlogon.exe,,0.0,23.6,,STATS,Normal
1790946327.773,brave.exe,explorer.exe,0.2,320.8,,STATS,Normal
1790946327.773,fontdrvhost.exe,winlogon.exe,0.0,8.9,,STATS,Normal
1790946327.773,IGCC.exe,svchost.exe,0.0,14.8,,STATS,Normal
1790946327.773,brave.exe,brave.exe,1.76,298.9,,STATS,Normal
1790946327.773,brave.exe,brave.exe,0.0,193.5,,STATS,Normal
1790946327.773,svchost.exe,services.exe,0.0,10.9,,STATS,Normal
1790946327.773,brave.exe,brave.exe,0.0,9.2,,STATS,Normal
1790946327.773,brave.exe,brave.exe,0.0,109.5,,STATS,Normal
1790946327.773,NVIDIA Overlay.exe,NVIDIA Overlay.exe,0.0,70.5,,STATS,Normal
1790946327.773,WmiPrvSE.exe,svchost.exe,0.0,17.4,,STATS,Normal
1790946327.773,nvcontainer.exe,nvcontainer.exe,0.0,33.2,,STATS,Normal
1790946327.773,unsecapp.exe,svchost.exe,0.0,10.1,,STATS,Normal
1790946327.773,svchost.exe,services.exe,0.0,9.6,,STATS,Normal
1790946327.773,NVIDIA Overlay.exe,nvcontainer.exe,0.0,149.0,,STATS,Normal
1790946327.773,AsusOptimizationStartupTask.exe,AsusOptimization.exe,0.0,19.6,,STATS,Normal
1790946327.773,SecurityHealthSystray.exe,explorer.exe,0.0,13.1,,STATS,Normal
1790946327.773,svchost.exe,services.exe,0.0,27.8,,STATS,Normal
1790946327.773,brave.exe,brave.exe,1.46,145.7,,STATS,Normal
1790946327.773,msedge.exe,msedge.exe,0.0,41.4,,STATS,Normal
1790946327.773,svchost.exe,services.exe,0.0,10.3,,STATS,Normal
1790946327.773,sihost.exe,svchost.exe,0.0,48.4,,STATS,Normal
1790946327.773,AppVShNotify.exe,OfficeClickToRun.exe,0.0,9.8,,STATS,Normal
1790946327.773,brave.exe,brave.exe,0.0,123.5,,STATS,Normal
1790946327.773,msedgewebview2.exe,SearchHost.exe,0.0,117.9,,STATS,Normal
1790946327.773,AsusOSD.exe,,0.0,16.7,,STATS,Normal
1790946327.773,ApplicationFrameHost.exe,svchost.exe,0.0,49.7,,STATS,Normal
1790946327.773,Code.exe,Code.exe,0.0,146.8,,STATS,Normal
1790946327.773,brave.exe,brave.exe,0.0,120.8,,STATS,Normal
1790946327.773,NVIDIA Overlay.exe,NVIDIA Overlay.exe,0.0,22.3,,STATS,Normal
1790946327.773,svchost.exe,services.exe,0.0,22.1,,STATS,Normal
1790946327.773,msedge.exe,,0.0,144.1,,STATS,Normal
1790946327.773,nvcontainer.exe,nvcontainer.exe,0.0,39.9,,STATS,Normal
1790946327.773,svchost.exe,services.exe,0.0,29.2,,STATS,Normal
1790946327.773,NisSrv.exe,services.exe,0.0,13.9,,STATS,Normal
1790946327.773,NVDisplay.Container.exe,NVDisplay.Container.exe,0.1,44.8,,STATS,Normal
1790946327.773,ctfmon.exe,svchost.exe,0.0,31.4,,STATS,Normal
1790946327.773,taskhostw.exe,svchost.exe,0.0,21.3,,STATS,Normal
1790946327.773,explorer.exe,,0.0,339.7,,STATS,Normal
1790946327.773,StartMenuExperienceHost.exe,svchost.exe,0.0,150.9,,STATS,Normal
1790946327.773,RuntimeBroker.exe,svchost.exe,0.0,81.6,,STATS,Normal
1790946327.773,brave.exe,brave.exe,0.0,412.1,,STATS,Normal
1790946327.773,msedge.exe,msedge.exe,0.0,49.9,,STATS,Normal
1790946327.773,svchost.exe,services.exe,0.0,12.6,,STATS,Normal
1790946327.773,svchost.exe,services.exe,0.0,26.4,,STATS,Normal
1790946327.773,svchost.exe,services.exe,0.0,42.6,,STATS,Normal
1790946327.773,SpotifyXboxGamebarWebView.exe,svchost.exe,0.0,69.8,,STATS,Normal
1790946327.773,SearchIndexer.exe,services.exe,0.0,45.3,,STATS,Normal
1790946327.773,Code.exe,explorer.exe,0.0,166.7,,STATS,Normal
1790946327.773,svchost.exe,services.exe,0.0,43.8,,STATS,Normal
1790946327.773,svchost.exe,services.exe,0.0,11.2,,STATS,Normal
1790946327.773,CrossDeviceResume.exe,sihost.exe,0.0,52.4,,STATS,Normal
1790946327.773,brave.exe,brave.exe,0.0,300.3,,STATS,Normal
1790946327.773,dllhost.exe,svchost.exe,0.0,20.5,,STATS,Normal
1790946327.773,Code.exe,Code.exe,0.0,289.4,,STATS,Normal
1790946327.773,brave.exe,brave.exe,0.0,26.5,,STATS,Normal
1790946327.773,WidgetService.exe,svchost.exe,0.0,24.9,,STATS,Normal
1790946327.773,nvcontainer.exe,nvcontainer.exe,0.0,93.5,,STATS,Normal
1790946327.773,svchost.exe,services.exe,0.0,29.2,,STATS,Normal
1790946327.773,DefenderSessionHelper.exe,MsMpEng.exe,0.0,6.4,,STATS,Normal
1790946327.773,svchost.exe,services.exe,0.0,70.7,,STATS,Normal
1790946327.773,UserOOBEBroker.exe,svchost.exe,0.0,11.1,,STATS,Normal
1790946327.773,nvsphelper64.exe,nvcontainer.exe,0.0,16.0,,STATS,Normal
1790946327.773,powershell.exe,explorer.exe,0.0,79.2,,STATS,Normal
1790946327.773,svchost.exe,services.exe,0.0,37.5,,STATS,Normal
1790946327.773,WidgetBoard.exe,svchost.exe,0.0,29.1,,STATS,Normal
1790946327.773,brave.exe,brave.exe,0.0,50.5,,STATS,Normal
1790946327.773,SecurityHealthService.exe,services.exe,0.0,23.0,,STATS,Normal
1790946327.773,svchost.exe,services.exe,0.0,14.8,,STATS,Normal
1790946327.773,dllhost.exe,svchost.exe,0.0,12.6,,STATS,Normal
1790946327.773,svchost.exe,services.exe,0.0,18.6,,STATS,Normal
1790946327.773,ArmouryCrateKeyControl.exe,ArmouryCrateControlInterface.exe,0.0,46.3,,STATS,Normal
1790946327.773,conhost.exe,powershell.exe,0.0,23.5,,STATS,Normal
1790946327.773,Code.exe,Code.exe,0.0,118.8,,STATS,Normal
1790946327.773,pet.exe,Code.exe,0.0,9.1,,STATS,Normal
1790946327.773,svchost.exe,services.exe,0.0,10.2,,STATS,Normal
1790946327.773,SDXHelper.exe,svchost.exe,0.0,30.9,,STATS,Normal
1790946327.773,NVIDIA Overlay.exe,NVIDIA Overlay.exe,0.0,37.0,,STATS,Normal
1790946327.773,svchost.exe,services.exe,0.0,16.0,,STATS,Normal
1790946327.773,OfficeClickToRun.exe,services.exe,0.0,57.9,,STATS,Normal
1790946327.773,conhost.exe,pet.exe,0.0,6.8,,STATS,Normal
1790946327.773,RuntimeBroker.exe,svchost.exe,0.0,19.2,,STATS,Normal
1790946327.773,TextInputHost.exe,svchost.exe,0.0,128.7,,STATS,Normal
1790946327.773,svchost.exe,services.exe,0.0,7.6,,STATS,Normal
1790946327.773,msedge.exe,msedge.exe,0.0,12.7,,STATS,Normal
1790946327.773,AsusSoftwareManagerAgent.exe,AsusSoftwareManager.exe,0.0,41.7,,STATS,Normal
1790946327.773,wlanext.exe,svchost.exe,0.0,11.2,,STATS,Normal
1790946327.773,copilot-runtime.exe,Code.exe,0.0,19.2,,STATS,Normal
1790946327.773,AppActions.exe,svchost.exe,0.0,39.7,,STATS,Normal
1790946327.773,brave.exe,brave.exe,0.0,67.0,,STATS,Normal
1790946327.773,SearchHost.exe,svchost.exe,0.0,144.7,,STATS,Normal
1790946327.773,svchost.exe,services.exe,0.0,24.9,,STATS,Normal
1790946327.773,brave.exe,brave.exe,0.0,234.0,,STATS,Normal
1790946327.773,msedgewebview2.exe,msedgewebview2.exe,0.0,143.8,,STATS,Normal
1790946327.773,OpenConsole.exe,Code.exe,0.0,11.4,,STATS,Normal
1790946327.773,brave.exe,brave.exe,0.0,76.0,,STATS,Normal
1790946327.773,svchost.exe,services.exe,0.0,7.6,,STATS,Normal
1790946327.773,RuntimeBroker.exe,svchost.exe,0.0,29.7,,STATS,Normal
1790946327.773,Intel_PIE_Service.exe,services.exe,0.0,11.8,,STATS,Normal
1790946327.773,Code.exe,Code.exe,0.0,106.6,,STATS,Normal
1790946327.773,Code.exe,Code.exe,0.0,33.5,,STATS,Normal
1790946327.773,brave.exe,brave.exe,0.0,225.9,,STATS,Normal
1790946327.773,dllhost.exe,svchost.exe,0.0,11.3,,STATS,Normal
1790946327.773,msedgewebview2.exe,msedgewebview2.exe,0.0,87.6,,STATS,Normal
1790946327.773,msedgewebview2.exe,msedgewebview2.exe,0.0,41.4,,STATS,Normal
1790946327.773,Code.exe,Code.exe,0.0,340.2,,STATS,Normal
1790946327.773,conhost.exe,copilot-runtime.exe,0.0,7.0,,STATS,Normal
1790946327.773,brave.exe,brave.exe,0.0,23.3,,STATS,Normal
1790946327.773,brave.exe,brave.exe,0.0,71.5,,STATS,Normal
1790946327.773,brave.exe,brave.exe,0.0,79.7,,STATS,Normal
1790946327.773,Code.exe,Code.exe,0.0,582.8,,STATS,Normal
1790946327.773,svchost.exe,services.exe,0.0,8.5,,STATS,Normal
1790946327.773,audiodg.exe,svchost.exe,0.0,22.1,,STATS,Normal
1790946327.773,conhost.exe,powershell.exe,0.0,21.7,,STATS,Normal
1790946327.773,powershell.exe,explorer.exe,0.0,78.2,,STATS,Normal
1790946327.773,python.exe,powershell.exe,0.0,23.4,,STATS,Normal
1790946327.773,ShellHost.exe,sihost.exe,0.0,54.8,,STATS,Normal
1790946327.773,brave.exe,brave.exe,0.0,59.3,,STATS,Normal
1790946327.773,brave.exe,brave.exe,0.0,32.6,,STATS,Normal
1790946327.773,svchost.exe,services.exe,0.0,9.7,,STATS,Normal
1790946349.781,powershell.exe,python.exe,,70.6,,START,Normal
1790946351.772,powershell.exe,python.exe,,,,EXIT,Normal
1790946359.772,System Idle Process,,97.84,0.0,,STATS,Normal
1790946359.772,System,System Idle Process,0.1,9.3,,STATS,Normal
1790946359.772,,,0.0,0.1,,STATS,Normal
1790946359.772,Registry,,0.0,46.7,,STATS,Normal
1790946359.772,Code.exe,Code.exe,0.0,159.9,,STATS,Normal
1790946359.772,smss.exe,System,0.0,1.4,,STATS,Normal
1790946359.772,csrss.exe,,0.0,6.8,,STATS,Normal
1790946359.772,svchost.exe,services.exe,0.0,12.7,,STATS,Normal
1790946359.772,wininit.exe,,0.0,9.4,,STATS,Normal
1790946359.772,services.exe,wininit.exe,0.0,10.7,,STATS,Normal
1790946359.772,svchost.exe,services.exe,0.0,12.2,,STATS,Normal
1790946359.772,LsaIso.exe,wininit.exe,0.0,3.9,,STATS,Normal
1790946359.772,lsass.exe,wininit.exe,0.0,32.5,,STATS,Normal
1790946359.772,IntelCpHDCPSvc.exe,services.exe,0.0,9.2,,STATS,Normal
1790946359.772,svchost.exe,services.exe,0.0,7.6,,STATS,Normal
1790946359.772,svchost.exe,services.exe,0.0,44.6,,STATS,Normal
1790946359.772,fontdrvhost.exe,wininit.exe,0.0,4.3,,STATS,Normal
1790946359.772,WUDFHost.exe,services.exe,0.0,21.7,,STATS,Normal
1790946359.772,svchost.exe,services.exe,0.0,19.7,,STATS,Normal
1790946359.772,svchost.exe,services.exe,0.0,12.8,,STATS,Normal
1790946359.772,svchost.exe,services.exe,0.0,6.8,,STATS,Normal
1790946359.772,svchost.exe,services.exe,0.0,12.2,,STATS,Normal
1790946359.772,svchost.exe,services.exe,0.0,22.1,,STATS,Normal
1790946359.772,svchost.exe,services.exe,0.0,17.1,,STATS,Normal
1790946359.772,igfxEM.exe,igfxCUIService.exe,0.0,17.2,,STATS,Normal
1790946359.772,svchost.exe,services.exe,0.0,16.9,,STATS,Normal
1790946359.772,svchost.exe,services.exe,0.0,13.5,,STATS,Normal
1790946359.772,svchost.exe,services.exe,0.0,14.9,,STATS,Normal
1790946359.772,svchost.exe,services.exe,0.0,30.6,,STATS,Normal
1790946359.772,svchost.exe,services.exe,0.0,12.3,,STATS,Normal
1790946359.772,svchost.exe,services.exe,0.0,13.9,,STATS,Normal
1790946359.772,IntelCpHeciSvc.exe,services.exe,0.0,9.3,,STATS,Normal
1790946359.772,svchost.exe,services.exe,0.0,24.2,,STATS,Normal
1790946359.772,brave.exe,brave.exe,0.0,388.3,,STATS,Normal
1790946359.772,svchost.exe,services.exe,0.0,8.0,,STATS,Normal
1790946359.772,svchost.exe,services.exe,0.0,22.3,,STATS,Normal
1790946359.772,smartscreen.exe,svchost.exe,0.0,13.0,,STATS,Normal
1790946359.772,svchost.exe,services.exe,0.0,10.2,,STATS,Normal
1790946359.772,NVDisplay.Container.exe,services.exe,0.0,36.8,,STATS,Normal
1790946359.772,NVIDIA Overlay.exe,NVIDIA Overlay.exe,0.0,94.6,,STATS,Normal
1790946359.772,svchost.exe,services.exe,0.0,12.1,,STATS,Normal
1790946359.772,PresentationFontCache.exe,services.exe,0.0,19.6,,STATS,Normal
1790946359.772,dllhost.exe,svchost.exe,0.0,21.3,,STATS,Normal
1790946359.772,svchost.exe,services.exe,0.78,19.3,,STATS,Normal
1790946359.772,svchost.exe,services.exe,0.0,28.7,,STATS,Normal
1790946359.772,svchost.exe,services.exe,0.0,10.1,,STATS,Normal
1790946359.772,svchost.exe,services.exe,0.0,7.3,,STATS,Normal
1790946359.772,svchost.exe,services.exe,0.0,18.4,,STATS,Normal
1790946359.772,MemCompression,System,0.0,278.6,,STATS,Normal
1790946359.772,svchost.exe,services.exe,0.0,11.6,,STATS,Normal
1790946359.772,svchost.exe,services.exe,0.0,19.6,,STATS,Normal
1790946359.772,igfxCUIService.exe,services.exe,0.0,12.0,,STATS,Normal
1790946359.772,svchost.exe,services.exe,0.0,9.0,,STATS,Normal
1790946359.772,svchost.exe,services.exe,0.0,12.4,,STATS,Normal
1790946359.772,svchost.exe,services.exe,0.0,9.4,,STATS,Normal
1790946359.772,svchost.exe,services.exe,0.0,25.0,,STATS,Normal
1790946359.772,MicrosoftStartFeedProvider.exe,svchost.exe,0.0,42.8,,STATS,Normal
1790946359.772,SystemSettings.exe,svchost.exe,0.0,3.6,,STATS,Normal
1790946359.772,svchost.exe,services.exe,0.0,57.6,,STATS,Normal
1790946359.772,svchost.exe,services.exe,0.0,11.2,,STATS,Normal
1790946359.772,svchost.exe,services.exe,0.0,14.7,,STATS,Normal
1790946359.772,Code.exe,Code.exe,0.0,52.6,,STATS,Normal
1790946359.772,svchost.exe,services.exe,0.0,10.6,,STATS,Normal
1790946359.772,svchost.exe,services.exe,0.0,24.5,,STATS,Normal
1790946359.772,svchost.exe,services.exe,0.0,12.5,,STATS,Normal
1790946359.772,msedge.exe,msedge.exe,0.0,19.2,,STATS,Normal
1790946359.772,svchost.exe,services.exe,0.0,22.0,,STATS,Normal
1790946359.772,svchost.exe,services.exe,0.0,11.0,,STATS,Normal
1790946359.772,svchost.exe,services.exe,0.0,13.4,,STATS,Normal
1790946359.772,svchost.exe,services.exe,0.0,30.8,,STATS,Normal
1790946359.772,powershell.exe,Code.exe,0.0,96.7,,STATS,Normal
1790946359.772,brave.exe,brave.exe,0.0,55.3,,STATS,Normal
1790946359.772,svchost.exe,services.exe,0.0,9.0,,STATS,Normal
1790946359.772,svchost.exe,services.exe,0.0,29.5,,STATS,Normal
1790946359.772,svchost.exe,services.exe,0.0,11.3,,STATS,Normal
1790946359.772,AsusOptimization.exe,services.exe,0.0,9.9,,STATS,Normal
1790946359.772,svchost.exe,services.exe,0.0,20.5,,STATS,Normal
1790946359.772,svchost.exe,services.exe,0.0,12.9,,STATS,Normal
1790946359.772,spoolsv.exe,services.exe,0.0,26.7,,STATS,Normal
1790946359.772,svchost.exe,services.exe,0.0,10.0,,STATS,Normal
1790946359.772,backgroundTaskHost.exe,svchost.exe,0.0,66.0,,STATS,Normal
1790946359.772,ArmouryCrateControlInterface.exe,services.exe,0.0,11.7,,STATS,Normal
1790946359.772,AsusSoftwareManager.exe,services.exe,0.0,19.8,,STATS,Normal
1790946359.772,AsusSwitch.exe,services.exe,0.0,9.5,,STATS,Normal
1790946359.772,AsusSystemAnalysis.exe,services.exe,0.0,17.2,,STATS,Normal
1790946359.772,svchost.exe,services.exe,0.0,34.9,,STATS,Normal
1790946359.772,AsusAppService.exe,services.exe,0.0,25.2,,STATS,Normal
1790946359.772,AsusSystemDiagnosis.exe,services.exe,0.0,12.2,,STATS,Normal
1790946359.772,DtsApo4Service.exe,services.exe,0.0,20.4,,STATS,Normal
1790946359.772,svchost.exe,services.exe,0.0,16.6,,STATS,Normal
1790946359.772,cmw_srv.exe,services.exe,0.0,89.4,,STATS,Normal
1790946359.772,esif_uf.exe,services.exe,0.0,7.3,,STATS,Normal
1790946359.772,OneApp.IGCC.WinService.exe,services.exe,0.0,48.3,,STATS,Normal
1790946359.772,svchost.exe,services.exe,0.0,29.0,,STATS,Normal
1790946359.772,svchost.exe,services.exe,0.0,15.3,,STATS,Normal
1790946359.772,MpDefenderCoreService.exe,services.exe,0.0,24.3,,STATS,Normal
1790946359.772,nvcontainer.exe,services.exe,0.0,40.5,,STATS,Normal
1790946359.772,svchost.exe,services.exe,0.0,12.7,,STATS,Normal
1790946359.772,RstMwService.exe,services.exe,0.0,8.4,,STATS,Normal
1790946359.772,svchost.exe,services.exe,0.0,7.1,,STATS,Normal
1790946359.772,svchost.exe,services.exe,0.0,21.5,,STATS,Normal
1790946359.772,MsMpEng.exe,services.exe,0.29,333.8,,STATS,Normal
1790946359.772,WMIRegistrationService.exe,services.exe,0.0,13.1,,STATS,Normal
1790946359.772,RtkAudUService64.exe,services.exe,0.0,15.0,,STATS,Normal
1790946359.772,svchost.exe,services.exe,0.0,16.2,,STATS,Normal
1790946359.772,brave.exe,brave.exe,0.0,76.3,,STATS,Normal
1790946359.772,msedgewebview2.exe,msedgewebview2.exe,0.0,12.7,,STATS,Normal
1790946359.772,svchost.exe,services.exe,0.0,14.1,,STATS,Normal
1790946359.772,jhi_service.exe,services.exe,0.0,7.9,,STATS,Normal
1790946359.772,brave.exe,brave.exe,0.0,147.2,,STATS,Normal
1790946359.772,svchost.exe,services.exe,0.0,15.4,,STATS,Normal
1790946359.772,msedgewebview2.exe,msedgewebview2.exe,0.0,19.2,,STATS,Normal
1790946359.772,csrss.exe,,0.0,8.6,,STATS,Normal
1790946359.772,svchost.exe,services.exe,0.0,28.3,,STATS,Normal
1790946359.772,Code.exe,Code.exe,0.0,166.2,,STATS,Normal
1790946359.772,dwm.exe,winlogon.exe,0.0,158.4,,STATS,Normal
1790946359.772,NgcIso.exe,svchost.exe,0.0,4.1,,STATS,Normal
1790946359.772,winlogon.exe,,0.0,23.6,,STATS,Normal
1790946359.772,brave.exe,explorer.exe,0.0,318.2,,STATS,Normal
1790946359.772,fontdrvhost.exe,winlogon.exe,0.0,8.9,,STATS,Normal
1790946359.772,IGCC.exe,svchost.exe,0.0,14.8,,STATS,Normal
1790946359.772,brave.exe,brave.exe,0.0,287.9,,STATS,Normal
1790946359.772,brave.exe,brave.exe,0.0,193.4,,STATS,Normal
1790946359.772,svchost.exe,services.exe,0.0,10.9,,STATS,Normal
1790946359.772,brave.exe,brave.exe,0.0,9.2,,STATS,Normal
1790946359.772,brave.exe,brave.exe,0.0,109.5,,STATS,Normal
1790946359.772,NVIDIA Overlay.exe,NVIDIA Overlay.exe,0.0,70.5,,STATS,Normal
1790946359.772,WmiPrvSE.exe,svchost.exe,0.0,17.4,,STATS,Normal
1790946359.772,nvcontainer.exe,nvcontainer.exe,0.0,33.1,,STATS,Normal
1790946359.772,unsecapp.exe,svchost.exe,0.0,10.1,,STATS,Normal
1790946359.772,svchost.exe,services.exe,0.0,9.6,,STATS,Normal
1790946359.772,NVIDIA Overlay.exe,nvcontainer.exe,0.0,149.0,,STATS,Normal
1790946359.772,AsusOptimizationStartupTask.exe,AsusOptimization.exe,0.0,19.6,,STATS,Normal
1790946359.772,SecurityHealthSystray.exe,explorer.exe,0.0,13.1,,STATS,Normal
1790946359.772,svchost.exe,services.exe,0.0,27.8,,STATS,Normal
1790946359.772,brave.exe,brave.exe,0.0,137.6,,STATS,Normal
1790946359.772,msedge.exe,msedge.exe,0.0,41.4,,STATS,Normal
1790946359.772,svchost.exe,services.exe,0.0,10.3,,STATS,Normal
1790946359.772,sihost.exe,svchost.exe,0.0,48.4,,STATS,Normal
1790946359.772,AppVShNotify.exe,OfficeClickToRun.exe,0.0,9.8,,STATS,Normal
1790946359.772,brave.exe,brave.exe,0.0,123.5,,STATS,Normal
1790946359.772,msedgewebview2.exe,SearchHost.exe,0.0,117.8,,STATS,Normal
1790946359.772,AsusOSD.exe,,0.0,16.7,,STATS,Normal
1790946359.772,ApplicationFrameHost.exe,svchost.exe,0.0,49.7,,STATS,Normal
1790946359.772,Code.exe,Code.exe,0.0,146.8,,STATS,Normal
1790946359.772,brave.exe,brave.exe,0.0,121.0,,STATS,Normal
1790946359.772,NVIDIA Overlay.exe,NVIDIA Overlay.exe,0.0,22.3,,STATS,Normal
1790946359.772,svchost.exe,services.exe,0.0,22.1,,STATS,Normal
1790946359.772,msedge.exe,,0.0,144.1,,STATS,Normal
1790946359.772,nvcontainer.exe,nvcontainer.exe,0.0,39.9,,STATS,Normal
1790946359.772,svchost.exe,services.exe,0.0,29.4,,STATS,Normal
1790946359.772,NisSrv.exe,services.exe,0.0,14.0,,STATS,Normal
1790946359.772,NVDisplay.Container.exe,NVDisplay.Container.exe,0.0,44.8,,STATS,Normal
1790946359.772,ctfmon.exe,svchost.exe,0.0,31.4,,STATS,Normal
1790946359.772,taskhostw.exe,svchost.exe,0.0,21.3,,STATS,Normal
1790946359.772,explorer.exe,,0.0,339.6,,STATS,Normal
1790946359.772,StartMenuExperienceHost.exe,svchost.exe,0.0,150.9,,STATS,Normal
1790946359.772,RuntimeBroker.exe,svchost.exe,0.0,81.6,,STATS,Normal
1790946359.772,brave.exe,brave.exe,0.0,412.3,,STATS,Normal
1790946359.772,msedge.exe,msedge.exe,0.0,49.9,,STATS,Normal
1790946359.772,svchost.exe,services.exe,0.0,12.6,,STATS,Normal
1790946359.772,svchost.exe,services.exe,0.0,24.3,,STATS,Normal
1790946359.772,svchost.exe,services.exe,0.0,42.5,,STATS,Normal
1790946359.772,SpotifyXboxGamebarWebView.exe,svchost.exe,0.0,69.8,,STATS,Normal
1790946359.772,SearchIndexer.exe,services.exe,0.0,45.3,,STATS,Normal
1790946359.772,Code.exe,explorer.exe,0.0,166.4,,STATS,Normal
1790946359.772,svchost.exe,services.exe,0.0,43.8,,STATS,Normal
1790946359.772,svchost.exe,services.exe,0.0,11.2,,STATS,Normal
1790946359.772,CrossDeviceResume.exe,sihost.exe,0.0,52.4,,STATS,Normal
1790946359.772,brave.exe,brave.exe,0.0,300.3,,STATS,Normal
1790946359.772,dllhost.exe,svchost.exe,0.0,20.5,,STATS,Normal
1790946359.772,Code.exe,Code.exe,0.0,291.0,,STATS,Normal
1790946359.772,brave.exe,brave.exe,0.0,26.5,,STATS,Normal
1790946359.772,WidgetService.exe,svchost.exe,0.0,24.9,,STATS,Normal
1790946359.772,nvcontainer.exe,nvcontainer.exe,0.0,93.5,,STATS,Normal
1790946359.772,svchost.exe,services.exe,0.0,29.3,,STATS,Normal
1790946359.772,DefenderSessionHelper.exe,MsMpEng.exe,0.0,6.4,,STATS,Normal
1790946359.772,svchost.exe,services.exe,0.0,70.7,,STATS,Normal
1790946359.772,UserOOBEBroker.exe,svchost.exe,0.0,11.1,,STATS,Normal
1790946359.772,nvsphelper64.exe,nvcontainer.exe,0.0,16.0,,STATS,Normal
1790946359.772,powershell.exe,explorer.exe,0.0,79.2,,STATS,Normal
1790946359.772,svchost.exe,services.exe,0.0,37.5,,STATS,Normal
1790946359.772,WidgetBoard.exe,svchost.exe,0.0,29.1,,STATS,Normal
1790946359.772,brave.exe,brave.exe,0.0,50.5,,STATS,Normal
1790946359.772,SecurityHealthService.exe,services.exe,0.0,23.0,,STATS,Normal
1790946359.772,svchost.exe,services.exe,0.0,14.8,,STATS,Normal
1790946359.772,dllhost.exe,svchost.exe,0.0,12.6,,STATS,Normal
1790946359.772,svchost.exe,services.exe,0.0,18.6,,STATS,Normal
1790946359.772,ArmouryCrateKeyControl.exe,ArmouryCrateControlInterface.exe,0.0,46.3,,STATS,Normal
1790946359.772,conhost.exe,powershell.exe,0.0,23.5,,STATS,Normal
1790946359.772,Code.exe,Code.exe,0.0,118.9,,STATS,Normal
1790946359.772,pet.exe,Code.exe,0.0,9.1,,STATS,Normal
1790946359.772,svchost.exe,services.exe,0.0,10.2,,STATS,Normal
1790946359.772,SDXHelper.exe,svchost.exe,0.0,31.1,,STATS,Normal
1790946359.772,NVIDIA Overlay.exe,NVIDIA Overlay.exe,0.0,37.0,,STATS,Normal
1790946359.772,svchost.exe,services.exe,0.0,16.0,,STATS,Normal
1790946359.772,OfficeClickToRun.exe,services.exe,0.0,57.9,,STATS,Normal
1790946359.772,conhost.exe,pet.exe,0.0,6.8,,STATS,Normal
1790946359.772,RuntimeBroker.exe,svchost.exe,0.0,19.2,,STATS,Normal
1790946359.772,TextInputHost.exe,svchost.exe,0.0,128.2,,STATS,Normal
1790946359.772,svchost.exe,services.exe,0.0,7.6,,STATS,Normal
1790946359.772,msedge.exe,msedge.exe,0.0,12.7,,STATS,Normal
1790946359.772,AsusSoftwareManagerAgent.exe,AsusSoftwareManager.exe,0.0,41.6,,STATS,Normal
1790946359.772,wlanext.exe,svchost.exe,0.0,11.2,,STATS,Normal
1790946359.772,copilot-runtime.exe,Code.exe,0.0,19.2,,STATS,Normal
1790946359.772,AppActions.exe,svchost.exe,0.0,39.7,,STATS,Normal
1790946359.772,brave.exe,brave.exe,0.0,67.0,,STATS,Normal
1790946359.772,SearchHost.exe,svchost.exe,0.0,144.3,,STATS,Normal
1790946359.772,svchost.exe,services.exe,0.0,24.8,,STATS,Normal
1790946359.772,brave.exe,brave.exe,0.0,234.0,,STATS,Normal
1790946359.772,msedgewebview2.exe,msedgewebview2.exe,0.0,143.8,,STATS,Normal
1790946359.772,OpenConsole.exe,Code.exe,0.0,11.4,,STATS,Normal
1790946359.772,brave.exe,brave.exe,0.0,77.2,,STATS,Normal
1790946359.772,svchost.exe,services.exe,0.0,7.6,,STATS,Normal
1790946359.772,RuntimeBroker.exe,svchost.exe,0.0,29.7,,STATS,Normal
1790946359.772,Intel_PIE_Service.exe,services.exe,0.0,11.8,,STATS,Normal
1790946359.772,Code.exe,Code.exe,0.0,106.6,,STATS,Normal
1790946359.772,Code.exe,Code.exe,0.0,33.5,,STATS,Normal
1790946359.772,brave.exe,brave.exe,0.0,225.9,,STATS,Normal
1790946359.772,dllhost.exe,svchost.exe,0.0,11.3,,STATS,Normal
1790946359.772,msedgewebview2.exe,msedgewebview2.exe,0.0,87.6,,STATS,Normal
1790946359.772,msedgewebview2.exe,msedgewebview2.exe,0.0,41.4,,STATS,Normal
1790946359.772,Code.exe,Code.exe,0.0,340.2,,STATS,Normal
1790946359.772,conhost.exe,copilot-runtime.exe,0.0,7.0,,STATS,Normal
1790946359.772,brave.exe,brave.exe,0.0,23.3,,STATS,Normal
1790946359.772,brave.exe,brave.exe,0.0,71.7,,STATS,Normal
1790946359.772,brave.exe,brave.exe,0.0,79.6,,STATS,Normal
1790946359.772,Code.exe,Code.exe,0.0,582.8,,STATS,Normal
1790946359.772,svchost.exe,services.exe,0.0,8.5,,STATS,Normal
1790946359.772,audiodg.exe,svchost.exe,0.0,22.2,,STATS,Normal
1790946359.772,conhost.exe,powershell.exe,0.0,21.7,,STATS,Normal
1790946359.772,powershell.exe,explorer.exe,0.0,78.2,,STATS,Normal
1790946359.772,python.exe,powershell.exe,0.0,23.6,,STATS,Normal
1790946359.772,ShellHost.exe,sihost.exe,0.0,54.8,,STATS,Normal
1790946359.772,brave.exe,brave.exe,0.0,59.3,,STATS,Normal
1790946359.772,brave.exe,brave.exe,0.0,32.6,,STATS,Normal
1790946359.772,svchost.exe,services.exe,0.0,9.6,,STATS,Normal
1790946369.781,powershell.exe,python.exe,,70.6,,START,Normal
1790946371.78,SearchProtocolHost.exe,SearchIndexer.exe,,19.5,,START,Normal
1790946371.78,powershell.exe,python.exe,,,,EXIT,Normal
1790946381.779,brave.exe,brave.exe,,60.0,,START,Normal
1790946383.782,powershell.exe,python.exe,,71.8,,START,Normal
1790946385.772,powershell.exe,python.exe,,,,EXIT,Normal
1790946389.772,System Idle Process,,97.78,0.0,,STATS,Normal
1790946389.772,System,System Idle Process,0.2,9.3,,STATS,Normal
1790946389.772,,,0.0,0.1,,STATS,Normal
1790946389.772,Registry,,0.0,46.7,,STATS,Normal
1790946389.772,Code.exe,Code.exe,0.0,160.0,,STATS,Normal
1790946389.772,smss.exe,System,0.0,1.4,,STATS,Normal
1790946389.772,csrss.exe,,0.0,6.8,,STATS,Normal
1790946389.772,svchost.exe,services.exe,0.0,12.7,,STATS,Normal
1790946389.772,wininit.exe,,0.0,9.4,,STATS,Normal
1790946389.772,services.exe,wininit.exe,0.0,10.7,,STATS,Normal
1790946389.772,svchost.exe,services.exe,0.0,12.2,,STATS,Normal
1790946389.772,LsaIso.exe,wininit.exe,0.0,3.9,,STATS,Normal
1790946389.772,lsass.exe,wininit.exe,0.0,32.5,,STATS,Normal
1790946389.772,IntelCpHDCPSvc.exe,services.exe,0.0,9.2,,STATS,Normal
1790946389.772,svchost.exe,services.exe,0.0,7.6,,STATS,Normal
1790946389.772,svchost.exe,services.exe,0.0,44.6,,STATS,Normal
1790946389.772,fontdrvhost.exe,wininit.exe,0.0,4.3,,STATS,Normal
1790946389.772,WUDFHost.exe,services.exe,0.0,21.7,,STATS,Normal
1790946389.772,svchost.exe,services.exe,0.0,19.8,,STATS,Normal
1790946389.772,svchost.exe,services.exe,0.0,12.8,,STATS,Normal
1790946389.772,svchost.exe,services.exe,0.0,6.7,,STATS,Normal
1790946389.772,svchost.exe,services.exe,0.0,12.2,,STATS,Normal
1790946389.772,svchost.exe,services.exe,0.0,22.1,,STATS,Normal
1790946389.772,svchost.exe,services.exe,0.0,17.1,,STATS,Normal
1790946389.772,igfxEM.exe,igfxCUIService.exe,0.0,17.2,,STATS,Normal
1790946389.772,svchost.exe,services.exe,0.0,16.8,,STATS,Normal
1790946389.772,svchost.exe,services.exe,0.0,13.5,,STATS,Normal
1790946389.772,svchost.exe,services.exe,0.0,14.9,,STATS,Normal
1790946389.772,svchost.exe,services.exe,0.0,30.6,,STATS,Normal
1790946389.772,svchost.exe,services.exe,0.0,12.7,,STATS,Normal
1790946389.772,svchost.exe,services.exe,0.0,13.9,,STATS,Normal
1790946389.772,IntelCpHeciSvc.exe,services.exe,0.0,9.3,,STATS,Normal
1790946389.772,svchost.exe,services.exe,0.0,24.1,,STATS,Normal
1790946389.772,brave.exe,brave.exe,0.0,391.9,,STATS,Normal
1790946389.772,svchost.exe,services.exe,0.0,8.0,,STATS,Normal
1790946389.772,svchost.exe,services.exe,0.0,22.3,,STATS,Normal
1790946389.772,smartscreen.exe,svchost.exe,0.0,13.0,,STATS,Normal
1790946389.772,svchost.exe,services.exe,0.0,10.2,,STATS,Normal
1790946389.772,NVDisplay.Container.exe,services.exe,0.0,36.8,,STATS,Normal
1790946389.772,NVIDIA Overlay.exe,NVIDIA Overlay.exe,0.0,94.6,,STATS,Normal
1790946389.772,svchost.exe,services.exe,0.0,12.1,,STATS,Normal
1790946389.772,PresentationFontCache.exe,services.exe,0.0,19.6,,STATS,Normal
1790946389.772,dllhost.exe,svchost.exe,0.0,21.3,,STATS,Normal
1790946389.772,svchost.exe,services.exe,0.79,19.3,,STATS,Normal
1790946389.772,svchost.exe,services.exe,0.0,28.7,,STATS,Normal
1790946389.772,svchost.exe,services.exe,0.0,10.1,,STATS,Normal
1790946389.772,svchost.exe,services.exe,0.0,7.3,,STATS,Normal
1790946389.772,svchost.exe,services.exe,0.0,18.4,,STATS,Normal
1790946389.772,MemCompression,System,0.0,278.6,,STATS,Normal
1790946389.772,svchost.exe,services.exe,0.0,11.6,,STATS,Normal
1790946389.772,svchost.exe,services.exe,0.0,19.6,,STATS,Normal
1790946389.772,igfxCUIService.exe,services.exe,0.0,12.0,,STATS,Normal
1790946389.772,svchost.exe,services.exe,0.0,9.0,,STATS,Normal
1790946389.772,svchost.exe,services.exe,0.0,12.4,,STATS,Normal
1790946389.772,svchost.exe,services.exe,0.0,9.4,,STATS,Normal
1790946389.772,svchost.exe,services.exe,0.1,25.3,,STATS,Normal
1790946389.772,MicrosoftStartFeedProvider.exe,svchost.exe,0.0,42.8,,STATS,Normal
1790946389.772,SystemSettings.exe,svchost.exe,0.0,3.6,,STATS,Normal
1790946389.772,svchost.exe,services.exe,0.0,57.6,,STATS,Normal
1790946389.772,svchost.exe,services.exe,0.0,11.2,,STATS,Normal
1790946389.772,svchost.exe,services.exe,0.0,14.7,,STATS,Normal
1790946389.772,Code.exe,Code.exe,0.0,52.6,,STATS,Normal
1790946389.772,svchost.exe,services.exe,0.0,10.6,,STATS,Normal
1790946389.772,svchost.exe,services.exe,0.0,24.5,,STATS,Normal
1790946389.772,svchost.exe,services.exe,0.0,12.4,,STATS,Normal
1790946389.772,msedge.exe,msedge.exe,0.0,19.2,,STATS,Normal
1790946389.772,svchost.exe,services.exe,0.0,21.6,,STATS,Normal
1790946389.772,svchost.exe,services.exe,0.0,11.0,,STATS,Normal
1790946389.772,svchost.exe,services.exe,0.0,13.4,,STATS,Normal
1790946389.772,svchost.exe,services.exe,0.0,30.8,,STATS,Normal
1790946389.772,powershell.exe,Code.exe,0.0,96.7,,STATS,Normal
1790946389.772,brave.exe,brave.exe,0.0,55.3,,STATS,Normal
1790946389.772,svchost.exe,services.exe,0.0,9.0,,STATS,Normal
1790946389.772,svchost.exe,services.exe,0.0,29.5,,STATS,Normal
1790946389.772,svchost.exe,services.exe,0.0,11.3,,STATS,Normal
1790946389.772,AsusOptimization.exe,services.exe,0.0,9.9,,STATS,Normal
1790946389.772,svchost.exe,services.exe,0.0,20.5,,STATS,Normal
1790946389.772,svchost.exe,services.exe,0.0,12.9,,STATS,Normal
1790946389.772,spoolsv.exe,services.exe,0.0,26.7,,STATS,Normal
1790946389.772,svchost.exe,services.exe,0.0,10.0,,STATS,Normal
1790946389.772,backgroundTaskHost.exe,svchost.exe,0.0,66.0,,STATS,Normal
1790946389.772,ArmouryCrateControlInterface.exe,services.exe,0.0,11.7,,STATS,Normal
1790946389.772,AsusSoftwareManager.exe,services.exe,0.0,19.8,,STATS,Normal
1790946389.772,AsusSwitch.exe,services.exe,0.0,9.5,,STATS,Normal
1790946389.772,AsusSystemAnalysis.exe,services.exe,0.0,17.2,,STATS,Normal
1790946389.772,svchost.exe,services.exe,0.0,35.1,,STATS,Normal
1790946389.772,AsusAppService.exe,services.exe,0.0,25.2,,STATS,Normal
1790946389.772,AsusSystemDiagnosis.exe,services.exe,0.0,12.2,,STATS,Normal
1790946389.772,DtsApo4Service.exe,services.exe,0.0,20.4,,STATS,Normal
1790946389.772,svchost.exe,services.exe,0.0,16.6,,STATS,Normal
1790946389.772,cmw_srv.exe,services.exe,0.0,89.9,,STATS,Normal
1790946389.772,esif_uf.exe,services.exe,0.0,7.3,,STATS,Normal
1790946389.772,OneApp.IGCC.WinService.exe,services.exe,0.0,48.3,,STATS,Normal
1790946389.772,svchost.exe,services.exe,0.0,29.0,,STATS,Normal
1790946389.772,svchost.exe,services.exe,0.0,15.3,,STATS,Normal
1790946389.772,MpDefenderCoreService.exe,services.exe,0.0,24.3,,STATS,Normal
1790946389.772,nvcontainer.exe,services.exe,0.0,40.5,,STATS,Normal
1790946389.772,svchost.exe,services.exe,0.0,12.7,,STATS,Normal
1790946389.772,RstMwService.exe,services.exe,0.0,8.4,,STATS,Normal
1790946389.772,svchost.exe,services.exe,0.0,7.1,,STATS,Normal
1790946389.772,svchost.exe,services.exe,0.0,21.5,,STATS,Normal
1790946389.772,MsMpEng.exe,services.exe,0.29,329.4,,STATS,Normal
1790946389.772,WMIRegistrationService.exe,services.exe,0.0,13.1,,STATS,Normal
1790946389.772,RtkAudUService64.exe,services.exe,0.0,15.0,,STATS,Normal
1790946389.772,svchost.exe,services.exe,0.0,16.2,,STATS,Normal
1790946389.772,brave.exe,brave.exe,0.0,76.3,,STATS,Normal
1790946389.772,msedgewebview2.exe,msedgewebview2.exe,0.0,12.7,,STATS,Normal
1790946389.772,svchost.exe,services.exe,0.0,14.1,,STATS,Normal
1790946389.772,jhi_service.exe,services.exe,0.0,7.9,,STATS,Normal
1790946389.772,brave.exe,brave.exe,0.0,147.2,,STATS,Normal
1790946389.772,svchost.exe,services.exe,0.0,15.4,,STATS,Normal
1790946389.772,msedgewebview2.exe,msedgewebview2.exe,0.0,19.2,,STATS,Normal
1790946389.772,csrss.exe,,0.0,8.6,,STATS,Normal
1790946389.772,svchost.exe,services.exe,0.0,28.3,,STATS,Normal
1790946389.772,Code.exe,Code.exe,0.0,166.2,,STATS,Normal
1790946389.772,dwm.exe,winlogon.exe,0.0,158.4,,STATS,Normal
1790946389.772,NgcIso.exe,svchost.exe,0.0,4.1,,STATS,Normal
1790946389.772,winlogon.exe,,0.0,23.6,,STATS,Normal
1790946389.772,brave.exe,explorer.exe,0.0,317.3,,STATS,Normal
1790946389.772,fontdrvhost.exe,winlogon.exe,0.0,8.9,,STATS,Normal
1790946389.772,IGCC.exe,svchost.exe,0.0,14.8,,STATS,Normal
1790946389.772,brave.exe,brave.exe,0.0,279.6,,STATS,Normal
1790946389.772,brave.exe,brave.exe,0.0,193.4,,STATS,Normal
1790946389.772,svchost.exe,services.exe,0.0,10.9,,STATS,Normal
1790946389.772,brave.exe,brave.exe,0.0,9.2,,STATS,Normal
1790946389.772,brave.exe,brave.exe,0.0,109.5,,STATS,Normal
1790946389.772,NVIDIA Overlay.exe,NVIDIA Overlay.exe,0.0,70.5,,STATS,Normal
1790946389.772,WmiPrvSE.exe,svchost.exe,0.0,17.4,,STATS,Normal
1790946389.772,nvcontainer.exe,nvcontainer.exe,0.0,33.2,,STATS,Normal
1790946389.772,unsecapp.exe,svchost.exe,0.0,10.1,,STATS,Normal
1790946389.772,svchost.exe,services.exe,0.0,9.6,,STATS,Normal
1790946389.772,NVIDIA Overlay.exe,nvcontainer.exe,0.0,149.0,,STATS,Normal
1790946389.772,AsusOptimizationStartupTask.exe,AsusOptimization.exe,0.0,19.6,,STATS,Normal
1790946389.772,SecurityHealthSystray.exe,explorer.exe,0.0,13.1,,STATS,Normal
1790946389.772,svchost.exe,services.exe,0.0,27.8,,STATS,Normal
1790946389.772,brave.exe,brave.exe,0.0,138.9,,STATS,Normal
1790946389.772,msedge.exe,msedge.exe,0.0,41.4,,STATS,Normal
1790946389.772,svchost.exe,services.exe,0.0,10.3,,STATS,Normal
1790946389.772,sihost.exe,svchost.exe,0.0,48.4,,STATS,Normal
1790946389.772,AppVShNotify.exe,OfficeClickToRun.exe,0.0,9.8,,STATS,Normal
1790946389.772,brave.exe,brave.exe,0.0,123.5,,STATS,Normal
1790946389.772,msedgewebview2.exe,SearchHost.exe,0.0,117.8,,STATS,Normal
1790946389.772,AsusOSD.exe,,0.0,16.7,,STATS,Normal
1790946389.772,ApplicationFrameHost.exe,svchost.exe,0.0,49.7,,STATS,Normal
1790946389.772,Code.exe,Code.exe,0.0,146.8,,STATS,Normal
1790946389.772,brave.exe,brave.exe,0.0,121.1,,STATS,Normal
1790946389.772,NVIDIA Overlay.exe,NVIDIA Overlay.exe,0.0,22.3,,STATS,Normal
1790946389.772,svchost.exe,services.exe,0.0,22.1,,STATS,Normal
1790946389.772,msedge.exe,,0.0,144.1,,STATS,Normal
1790946389.772,nvcontainer.exe,nvcontainer.exe,0.0,39.9,,STATS,Normal
1790946389.772,svchost.exe,services.exe,0.0,29.4,,STATS,Normal
1790946389.772,NisSrv.exe,services.exe,0.0,14.0,,STATS,Normal
1790946389.772,NVDisplay.Container.exe,NVDisplay.Container.exe,0.0,44.8,,STATS,Normal
1790946389.772,ctfmon.exe,svchost.exe,0.0,31.4,,STATS,Normal
1790946389.772,taskhostw.exe,svchost.exe,0.0,21.3,,STATS,Normal
1790946389.772,explorer.exe,,0.0,339.6,,STATS,Normal
1790946389.772,StartMenuExperienceHost.exe,svchost.exe,0.0,150.9,,STATS,Normal
1790946389.772,RuntimeBroker.exe,svchost.exe,0.0,81.5,,STATS,Normal
1790946389.772,brave.exe,brave.exe,0.0,412.4,,STATS,Normal
1790946389.772,msedge.exe,msedge.exe,0.0,49.9,,STATS,Normal
1790946389.772,svchost.exe,services.exe,0.0,12.6,,STATS,Normal
1790946389.772,svchost.exe,services.exe,0.0,24.3,,STATS,Normal
1790946389.772,svchost.exe,services.exe,0.0,42.5,,STATS,Normal
1790946389.772,SpotifyXboxGamebarWebView.exe,svchost.exe,0.0,69.8,,STATS,Normal
1790946389.772,SearchIndexer.exe,services.exe,0.0,45.4,,STATS,Normal
1790946389.772,Code.exe,explorer.exe,0.1,166.7,,STATS,Normal
1790946389.772,svchost.exe,services.exe,0.0,43.8,,STATS,Normal
1790946389.772,svchost.exe,services.exe,0.0,11.2,,STATS,Normal
1790946389.772,CrossDeviceResume.exe,sihost.exe,0.0,52.4,,STATS,Normal
1790946389.772,brave.exe,brave.exe,0.0,295.2,,STATS,Normal
1790946389.772,dllhost.exe,svchost.exe,0.0,20.5,,STATS,Normal
1790946389.772,Code.exe,Code.exe,0.0,281.5,,STATS,Normal
1790946389.772,brave.exe,brave.exe,0.0,26.5,,STATS,Normal
1790946389.772,WidgetService.exe,svchost.exe,0.0,24.9,,STATS,Normal
1790946389.772,nvcontainer.exe,nvcontainer.exe,0.0,93.5,,STATS,Normal
1790946389.772,svchost.exe,services.exe,0.0,29.3,,STATS,Normal
1790946389.772,DefenderSessionHelper.exe,MsMpEng.exe,0.0,6.4,,STATS,Normal
1790946389.772,svchost.exe,services.exe,0.0,70.7,,STATS,Normal
1790946389.772,UserOOBEBroker.exe,svchost.exe,0.0,11.1,,STATS,Normal
1790946389.772,nvsphelper64.exe,nvcontainer.exe,0.0,16.0,,STATS,Normal
1790946389.772,powershell.exe,explorer.exe,0.0,79.2,,STATS,Normal
1790946389.772,svchost.exe,services.exe,0.0,37.5,,STATS,Normal
1790946389.772,WidgetBoard.exe,svchost.exe,0.0,29.1,,STATS,Normal
1790946389.772,brave.exe,brave.exe,0.0,50.5,,STATS,Normal
1790946389.772,SecurityHealthService.exe,services.exe,0.0,23.0,,STATS,Normal
1790946389.772,svchost.exe,services.exe,0.0,14.8,,STATS,Normal
1790946389.772,dllhost.exe,svchost.exe,0.0,12.6,,STATS,Normal
1790946389.772,svchost.exe,services.exe,0.0,18.6,,STATS,Normal
1790946389.772,ArmouryCrateKeyControl.exe,ArmouryCrateControlInterface.exe,0.0,46.3,,STATS,Normal
1790946389.772,conhost.exe,powershell.exe,0.0,23.5,,STATS,Normal
1790946389.772,Code.exe,Code.exe,0.0,118.9,,STATS,Normal
1790946389.772,pet.exe,Code.exe,0.0,9.1,,STATS,Normal
1790946389.772,svchost.exe,services.exe,0.0,10.2,,STATS,Normal
1790946389.772,SDXHelper.exe,svchost.exe,0.0,31.1,,STATS,Normal
1790946389.772,NVIDIA Overlay.exe,NVIDIA Overlay.exe,0.0,37.0,,STATS,Normal
1790946389.772,svchost.exe,services.exe,0.0,16.0,,STATS,Normal
1790946389.772,OfficeClickToRun.exe,services.exe,0.0,57.9,,STATS,Normal
1790946389.772,conhost.exe,pet.exe,0.0,6.8,,STATS,Normal
1790946389.772,RuntimeBroker.exe,svchost.exe,0.0,19.2,,STATS,Normal
1790946389.772,TextInputHost.exe,svchost.exe,0.0,128.2,,STATS,Normal
1790946389.772,svchost.exe,services.exe,0.0,7.6,,STATS,Normal
1790946389.772,msedge.exe,msedge.exe,0.0,12.7,,STATS,Normal
1790946389.772,AsusSoftwareManagerAgent.exe,AsusSoftwareManager.exe,0.0,41.6,,STATS,Normal
1790946389.772,wlanext.exe,svchost.exe,0.0,11.2,,STATS,Normal
1790946389.772,copilot-runtime.exe,Code.exe,0.0,19.2,,STATS,Normal
1790946389.772,AppActions.exe,svchost.exe,0.0,39.7,,STATS,Normal
1790946389.772,brave.exe,brave.exe,0.0,67.0,,STATS,Normal
1790946389.772,SearchHost.exe,svchost.exe,0.0,144.3,,STATS,Normal
1790946389.772,svchost.exe,services.exe,0.0,24.8,,STATS,Normal
1790946389.772,brave.exe,brave.exe,0.0,234.0,,STATS,Normal
1790946389.772,msedgewebview2.exe,msedgewebview2.exe,0.0,134.2,,STATS,Normal
1790946389.772,OpenConsole.exe,Code.exe,0.0,11.4,,STATS,Normal
1790946389.772,brave.exe,brave.exe,0.0,78.8,,STATS,Normal
1790946389.772,svchost.exe,services.exe,0.0,7.6,,STATS,Normal
1790946389.772,RuntimeBroker.exe,svchost.exe,0.0,29.7,,STATS,Normal
1790946389.772,Intel_PIE_Service.exe,services.exe,0.0,11.8,,STATS,Normal
1790946389.772,Code.exe,Code.exe,0.0,106.6,,STATS,Normal
1790946389.772,Code.exe,Code.exe,0.0,33.5,,STATS,Normal
1790946389.772,brave.exe,brave.exe,0.0,225.9,,STATS,Normal
1790946389.772,dllhost.exe,svchost.exe,0.0,11.3,,STATS,Normal
1790946389.772,msedgewebview2.exe,msedgewebview2.exe,0.0,87.6,,STATS,Normal
1790946389.772,msedgewebview2.exe,msedgewebview2.exe,0.0,41.4,,STATS,Normal
1790946389.772,Code.exe,Code.exe,0.0,340.2,,STATS,Normal
1790946389.772,conhost.exe,copilot-runtime.exe,0.0,7.0,,STATS,Normal
1790946389.772,brave.exe,brave.exe,0.0,23.3,,STATS,Normal
1790946389.772,brave.exe,brave.exe,0.0,73.0,,STATS,Normal
1790946389.772,brave.exe,brave.exe,0.0,78.3,,STATS,Normal
1790946389.772,Code.exe,Code.exe,0.0,582.8,,STATS,Normal
1790946389.772,svchost.exe,services.exe,0.0,8.5,,STATS,Normal
1790946389.772,audiodg.exe,svchost.exe,0.0,22.2,,STATS,Normal
1790946389.772,conhost.exe,powershell.exe,0.0,21.7,,STATS,Normal
1790946389.772,powershell.exe,explorer.exe,0.0,78.2,,STATS,Normal
1790946389.772,python.exe,powershell.exe,0.0,23.3,,STATS,Normal
1790946389.772,ShellHost.exe,sihost.exe,0.0,54.8,,STATS,Normal
1790946389.772,brave.exe,brave.exe,0.0,59.9,,STATS,Normal
1790946389.772,brave.exe,brave.exe,0.0,32.6,,STATS,Normal
1790946389.772,svchost.exe,services.exe,0.0,9.6,,STATS,Normal
1790946389.772,SearchProtocolHost.exe,SearchIndexer.exe,0.0,19.5,,STATS,Normal
1790946389.772,brave.exe,brave.exe,0.0,60.7,,STATS,Normal
1790946391.772,brave.exe,brave.exe,,,,EXIT,Normal
1790946419.775,System Idle Process,,94.79,0.0,,STATS,Normal
1790946419.775,System,System Idle Process,0.29,9.3,,STATS,Normal
1790946419.775,,,0.0,0.1,,STATS,Normal
1790946419.775,Registry,,0.0,46.5,,STATS,Normal
1790946419.775,Code.exe,Code.exe,0.0,160.0,,STATS,Normal
1790946419.775,smss.exe,System,0.0,1.4,,STATS,Normal
1790946419.775,csrss.exe,,0.0,6.8,,STATS,Normal
1790946419.775,svchost.exe,services.exe,0.0,12.7,,STATS,Normal
1790946419.775,wininit.exe,,0.0,9.4,,STATS,Normal
1790946419.775,services.exe,wininit.exe,0.0,10.7,,STATS,Normal
1790946419.775,svchost.exe,services.exe,0.0,12.2,,STATS,Normal
1790946419.775,LsaIso.exe,wininit.exe,0.0,3.9,,STATS,Normal
1790946419.775,lsass.exe,wininit.exe,0.1,32.5,,STATS,Normal
1790946419.775,IntelCpHDCPSvc.exe,services.exe,0.0,9.2,,STATS,Normal
1790946419.775,svchost.exe,services.exe,0.0,7.6,,STATS,Normal
1790946419.775,svchost.exe,services.exe,0.0,44.7,,STATS,Normal
1790946419.775,fontdrvhost.exe,wininit.exe,0.0,4.3,,STATS,Normal
1790946419.775,WUDFHost.exe,services.exe,0.0,21.7,,STATS,Normal
1790946419.775,svchost.exe,services.exe,0.0,19.9,,STATS,Normal
1790946419.775,svchost.exe,services.exe,0.0,12.8,,STATS,Normal
1790946419.775,svchost.exe,services.exe,0.0,6.8,,STATS,Normal
1790946419.775,svchost.exe,services.exe,0.0,12.2,,STATS,Normal
1790946419.775,svchost.exe,services.exe,0.0,22.1,,STATS,Normal
1790946419.775,svchost.exe,services.exe,0.0,17.1,,STATS,Normal
1790946419.775,igfxEM.exe,igfxCUIService.exe,0.0,17.2,,STATS,Normal
1790946419.775,svchost.exe,services.exe,0.0,16.8,,STATS,Normal
1790946419.775,svchost.exe,services.exe,0.0,13.5,,STATS,Normal
1790946419.775,svchost.exe,services.exe,0.0,14.9,,STATS,Normal
1790946419.775,svchost.exe,services.exe,0.0,30.6,,STATS,Normal
1790946419.775,svchost.exe,services.exe,0.0,12.9,,STATS,Normal
1790946419.775,svchost.exe,services.exe,0.0,13.9,,STATS,Normal
1790946419.775,IntelCpHeciSvc.exe,services.exe,0.0,9.3,,STATS,Normal
1790946419.775,svchost.exe,services.exe,0.0,24.4,,STATS,Normal
1790946419.775,brave.exe,brave.exe,0.1,391.5,,STATS,Normal
1790946419.775,svchost.exe,services.exe,0.0,8.0,,STATS,Normal
1790946419.775,svchost.exe,services.exe,0.0,22.3,,STATS,Normal
1790946419.775,smartscreen.exe,svchost.exe,0.0,13.0,,STATS,Normal
1790946419.775,svchost.exe,services.exe,0.0,10.2,,STATS,Normal
1790946419.775,NVDisplay.Container.exe,services.exe,0.0,36.7,,STATS,Normal
1790946419.775,NVIDIA Overlay.exe,NVIDIA Overlay.exe,0.0,94.6,,STATS,Normal
1790946419.775,svchost.exe,services.exe,0.0,12.1,,STATS,Normal
1790946419.775,PresentationFontCache.exe,services.exe,0.0,19.6,,STATS,Normal
1790946419.775,dllhost.exe,svchost.exe,0.0,21.4,,STATS,Normal
1790946419.775,svchost.exe,services.exe,0.78,19.3,,STATS,Normal
1790946419.775,svchost.exe,services.exe,0.1,28.7,,STATS,Normal
1790946419.775,svchost.exe,services.exe,0.0,10.1,,STATS,Normal
1790946419.775,svchost.exe,services.exe,0.0,7.3,,STATS,Normal
1790946419.775,svchost.exe,services.exe,0.0,18.4,,STATS,Normal
1790946419.775,MemCompression,System,0.0,278.5,,STATS,Normal
1790946419.775,svchost.exe,services.exe,0.0,11.6,,STATS,Normal
1790946419.775,svchost.exe,services.exe,0.0,19.6,,STATS,Normal
1790946419.775,igfxCUIService.exe,services.exe,0.0,12.0,,STATS,Normal
1790946419.775,svchost.exe,services.exe,0.0,9.0,,STATS,Normal
1790946419.775,svchost.exe,services.exe,0.0,12.4,,STATS,Normal
1790946419.775,svchost.exe,services.exe,0.0,9.4,,STATS,Normal
1790946419.775,svchost.exe,services.exe,0.0,24.9,,STATS,Normal
1790946419.775,MicrosoftStartFeedProvider.exe,svchost.exe,0.0,42.8,,STATS,Normal
1790946419.775,SystemSettings.exe,svchost.exe,0.0,3.6,,STATS,Normal
1790946419.775,svchost.exe,services.exe,0.0,57.6,,STATS,Normal
1790946419.775,svchost.exe,services.exe,0.0,11.2,,STATS,Normal
1790946419.775,svchost.exe,services.exe,0.0,14.7,,STATS,Normal
1790946419.775,Code.exe,Code.exe,0.0,52.6,,STATS,Normal
1790946419.775,svchost.exe,services.exe,0.0,10.6,,STATS,Normal
1790946419.775,svchost.exe,services.exe,0.0,24.5,,STATS,Normal
1790946419.775,svchost.exe,services.exe,0.0,12.4,,STATS,Normal
1790946419.775,msedge.exe,msedge.exe,0.0,19.2,,STATS,Normal
1790946419.775,svchost.exe,services.exe,0.0,21.6,,STATS,Normal
1790946419.775,svchost.exe,services.exe,0.0,11.0,,STATS,Normal
1790946419.775,svchost.exe,services.exe,0.0,13.4,,STATS,Normal
1790946419.775,svchost.exe,services.exe,0.0,30.8,,STATS,Normal
1790946419.775,powershell.exe,Code.exe,0.0,96.7,,STATS,Normal
1790946419.775,brave.exe,brave.exe,0.0,55.4,,STATS,Normal
1790946419.775,svchost.exe,services.exe,0.0,9.0,,STATS,Normal
1790946419.775,svchost.exe,services.exe,0.0,29.5,,STATS,Normal
1790946419.775,svchost.exe,services.exe,0.0,11.3,,STATS,Normal
1790946419.775,AsusOptimization.exe,services.exe,0.0,9.9,,STATS,Normal
1790946419.775,svchost.exe,services.exe,0.0,20.5,,STATS,Normal
1790946419.775,svchost.exe,services.exe,0.0,12.9,,STATS,Normal
1790946419.775,spoolsv.exe,services.exe,0.0,26.7,,STATS,Normal
1790946419.775,svchost.exe,services.exe,0.0,10.1,,STATS,Normal
1790946419.775,backgroundTaskHost.exe,svchost.exe,0.0,66.0,,STATS,Normal
1790946419.775,ArmouryCrateControlInterface.exe,services.exe,0.0,11.7,,STATS,Normal
1790946419.775,AsusSoftwareManager.exe,services.exe,0.0,20.3,,STATS,Normal
1790946419.775,AsusSwitch.exe,services.exe,0.0,9.5,,STATS,Normal
1790946419.775,AsusSystemAnalysis.exe,services.exe,0.0,17.2,,STATS,Normal
1790946419.775,svchost.exe,services.exe,0.0,35.1,,STATS,Normal
1790946419.775,AsusAppService.exe,services.exe,0.0,25.2,,STATS,Normal
1790946419.775,AsusSystemDiagnosis.exe,services.exe,0.0,12.2,,STATS,Normal
1790946419.775,DtsApo4Service.exe,services.exe,0.0,20.4,,STATS,Normal
1790946419.775,svchost.exe,services.exe,0.0,16.6,,STATS,Normal
1790946419.775,cmw_srv.exe,services.exe,0.1,89.9,,STATS,Normal
1790946419.775,esif_uf.exe,services.exe,0.0,7.3,,STATS,Normal
1790946419.775,OneApp.IGCC.WinService.exe,services.exe,0.0,48.4,,STATS,Normal
1790946419.775,svchost.exe,services.exe,0.0,29.0,,STATS,Normal
1790946419.775,svchost.exe,services.exe,0.0,15.3,,STATS,Normal
1790946419.775,MpDefenderCoreService.exe,services.exe,0.0,24.3,,STATS,Normal
1790946419.775,nvcontainer.exe,services.exe,0.0,40.5,,STATS,Normal
1790946419.775,svchost.exe,services.exe,0.0,12.7,,STATS,Normal
1790946419.775,RstMwService.exe,services.exe,0.0,8.4,,STATS,Normal
1790946419.775,svchost.exe,services.exe,0.0,7.1,,STATS,Normal
1790946419.775,svchost.exe,services.exe,0.0,21.5,,STATS,Normal
1790946419.775,MsMpEng.exe,services.exe,0.59,329.3,,STATS,Normal
1790946419.775,WMIRegistrationService.exe,services.exe,0.0,13.1,,STATS,Normal
1790946419.775,RtkAudUService64.exe,services.exe,0.0,15.0,,STATS,Normal
1790946419.775,svchost.exe,services.exe,0.0,16.2,,STATS,Normal
1790946419.775,brave.exe,brave.exe,0.0,76.3,,STATS,Normal
1790946419.775,msedgewebview2.exe,msedgewebview2.exe,0.0,12.7,,STATS,Normal
1790946419.775,svchost.exe,services.exe,0.0,14.1,,STATS,Normal
1790946419.775,jhi_service.exe,services.exe,0.0,7.9,,STATS,Normal
1790946419.775,brave.exe,brave.exe,0.0,143.6,,STATS,Normal
1790946419.775,svchost.exe,services.exe,0.0,15.4,,STATS,Normal
1790946419.775,msedgewebview2.exe,msedgewebview2.exe,0.0,19.2,,STATS,Normal
1790946419.775,csrss.exe,,0.0,8.6,,STATS,Normal
1790946419.775,svchost.exe,services.exe,0.0,28.3,,STATS,Normal
1790946419.775,Code.exe,Code.exe,0.0,166.2,,STATS,Normal
1790946419.775,dwm.exe,winlogon.exe,0.1,158.4,,STATS,Normal
1790946419.775,NgcIso.exe,svchost.exe,0.0,4.1,,STATS,Normal
1790946419.775,winlogon.exe,,0.0,23.6,,STATS,Normal
1790946419.775,brave.exe,explorer.exe,0.49,316.3,,STATS,Normal
1790946419.775,fontdrvhost.exe,winlogon.exe,0.0,8.9,,STATS,Normal
1790946419.775,IGCC.exe,svchost.exe,0.0,14.8,,STATS,Normal
1790946419.775,brave.exe,brave.exe,0.29,279.5,,STATS,Normal
1790946419.775,brave.exe,brave.exe,0.0,193.4,,STATS,Normal
1790946419.775,svchost.exe,services.exe,0.0,10.9,,STATS,Normal
1790946419.775,brave.exe,brave.exe,0.0,9.2,,STATS,Normal
1790946419.775,brave.exe,brave.exe,0.0,109.5,,STATS,Normal
1790946419.775,NVIDIA Overlay.exe,NVIDIA Overlay.exe,0.0,70.5,,STATS,Normal
1790946419.775,WmiPrvSE.exe,svchost.exe,0.0,17.4,,STATS,Normal
1790946419.775,nvcontainer.exe,nvcontainer.exe,0.0,33.2,,STATS,Normal
1790946419.775,unsecapp.exe,svchost.exe,0.0,10.1,,STATS,Normal
1790946419.775,svchost.exe,services.exe,0.0,9.6,,STATS,Normal
1790946419.775,NVIDIA Overlay.exe,nvcontainer.exe,0.1,149.1,,STATS,Normal
1790946419.775,AsusOptimizationStartupTask.exe,AsusOptimization.exe,0.0,19.6,,STATS,Normal
1790946419.775,SecurityHealthSystray.exe,explorer.exe,0.0,13.1,,STATS,Normal
1790946419.775,svchost.exe,services.exe,0.1,27.8,,STATS,Normal
1790946419.775,brave.exe,brave.exe,0.88,135.6,,STATS,Normal
1790946419.775,msedge.exe,msedge.exe,0.0,41.4,,STATS,Normal
1790946419.775,svchost.exe,services.exe,0.0,10.3,,STATS,Normal
1790946419.775,sihost.exe,svchost.exe,0.0,48.4,,STATS,Normal
1790946419.775,AppVShNotify.exe,OfficeClickToRun.exe,0.0,9.8,,STATS,Normal
1790946419.775,brave.exe,brave.exe,0.0,123.5,,STATS,Normal
1790946419.775,msedgewebview2.exe,SearchHost.exe,0.0,117.9,,STATS,Normal
1790946419.775,AsusOSD.exe,,0.0,16.7,,STATS,Normal
1790946419.775,ApplicationFrameHost.exe,svchost.exe,0.0,49.7,,STATS,Normal
1790946419.775,Code.exe,Code.exe,0.0,146.8,,STATS,Normal
1790946419.775,brave.exe,brave.exe,0.0,121.1,,STATS,Normal
1790946419.775,NVIDIA Overlay.exe,NVIDIA Overlay.exe,0.0,22.3,,STATS,Normal
1790946419.775,svchost.exe,services.exe,0.0,22.1,,STATS,Normal
1790946419.775,msedge.exe,,0.0,144.1,,STATS,Normal
1790946419.775,nvcontainer.exe,nvcontainer.exe,0.0,39.9,,STATS,Normal
1790946419.775,svchost.exe,services.exe,0.0,29.5,,STATS,Normal
1790946419.775,NisSrv.exe,services.exe,0.0,14.0,,STATS,Normal
1790946419.775,NVDisplay.Container.exe,NVDisplay.Container.exe,0.0,44.7,,STATS,Normal
1790946419.775,ctfmon.exe,svchost.exe,0.0,31.4,,STATS,Normal
1790946419.775,taskhostw.exe,svchost.exe,0.0,21.3,,STATS,Normal
1790946419.775,explorer.exe,,0.0,338.7,,STATS,Normal
1790946419.775,StartMenuExperienceHost.exe,svchost.exe,0.0,150.9,,STATS,Normal
1790946419.775,RuntimeBroker.exe,svchost.exe,0.0,81.5,,STATS,Normal
1790946419.775,brave.exe,brave.exe,0.0,412.6,,STATS,Normal
1790946419.775,msedge.exe,msedge.exe,0.0,49.9,,STATS,Normal
1790946419.775,svchost.exe,services.exe,0.0,12.6,,STATS,Normal
1790946419.775,svchost.exe,services.exe,0.0,24.3,,STATS,Normal
1790946419.775,svchost.exe,services.exe,0.0,42.5,,STATS,Normal
1790946419.775,SpotifyXboxGamebarWebView.exe,svchost.exe,0.0,69.8,,STATS,Normal
1790946419.775,SearchIndexer.exe,services.exe,0.0,45.4,,STATS,Normal
1790946419.775,Code.exe,explorer.exe,0.0,167.1,,STATS,Normal
1790946419.775,svchost.exe,services.exe,0.0,43.9,,STATS,Normal
1790946419.775,svchost.exe,services.exe,0.0,11.2,,STATS,Normal
1790946419.775,CrossDeviceResume.exe,sihost.exe,0.0,52.4,,STATS,Normal
1790946419.775,brave.exe,brave.exe,0.0,295.2,,STATS,Normal
1790946419.775,dllhost.exe,svchost.exe,0.0,20.5,,STATS,Normal
1790946419.775,Code.exe,Code.exe,0.0,283.5,,STATS,Normal
1790946419.775,brave.exe,brave.exe,0.0,26.5,,STATS,Normal
1790946419.775,WidgetService.exe,svchost.exe,0.0,24.9,,STATS,Normal
1790946419.775,nvcontainer.exe,nvcontainer.exe,0.0,93.5,,STATS,Normal
1790946419.775,svchost.exe,services.exe,0.0,29.3,,STATS,Normal
1790946419.775,DefenderSessionHelper.exe,MsMpEng.exe,0.0,6.4,,STATS,Normal
1790946419.775,svchost.exe,services.exe,0.0,70.7,,STATS,Normal
1790946419.775,UserOOBEBroker.exe,svchost.exe,0.0,11.1,,STATS,Normal
1790946419.775,nvsphelper64.exe,nvcontainer.exe,0.1,16.0,,STATS,Normal
1790946419.775,powershell.exe,explorer.exe,0.0,79.2,,STATS,Normal
1790946419.775,svchost.exe,services.exe,0.0,37.5,,STATS,Normal
1790946419.775,WidgetBoard.exe,svchost.exe,0.0,29.1,,STATS,Normal
1790946419.775,brave.exe,brave.exe,0.1,50.5,,STATS,Normal
1790946419.775,SecurityHealthService.exe,services.exe,0.0,23.0,,STATS,Normal
1790946419.775,svchost.exe,services.exe,0.0,14.8,,STATS,Normal
1790946419.775,dllhost.exe,svchost.exe,0.0,12.6,,STATS,Normal
1790946419.775,svchost.exe,services.exe,0.0,18.6,,STATS,Normal
1790946419.775,ArmouryCrateKeyControl.exe,ArmouryCrateControlInterface.exe,0.0,46.3,,STATS,Normal
1790946419.775,conhost.exe,powershell.exe,0.0,23.5,,STATS,Normal
1790946419.775,Code.exe,Code.exe,0.0,118.9,,STATS,Normal
1790946419.775,pet.exe,Code.exe,0.0,9.1,,STATS,Normal
1790946419.775,svchost.exe,services.exe,0.0,10.2,,STATS,Normal
1790946419.775,SDXHelper.exe,svchost.exe,0.0,31.1,,STATS,Normal
1790946419.775,NVIDIA Overlay.exe,NVIDIA Overlay.exe,0.0,37.0,,STATS,Normal
1790946419.775,svchost.exe,services.exe,0.0,16.0,,STATS,Normal
1790946419.775,OfficeClickToRun.exe,services.exe,0.0,57.9,,STATS,Normal
1790946419.775,conhost.exe,pet.exe,0.0,6.8,,STATS,Normal
1790946419.775,RuntimeBroker.exe,svchost.exe,0.0,19.2,,STATS,Normal
1790946419.775,TextInputHost.exe,svchost.exe,0.0,128.2,,STATS,Normal
1790946419.775,svchost.exe,services.exe,0.0,7.6,,STATS,Normal
1790946419.775,msedge.exe,msedge.exe,0.0,12.7,,STATS,Normal
1790946419.775,AsusSoftwareManagerAgent.exe,AsusSoftwareManager.exe,0.0,44.4,,STATS,Normal
1790946419.775,wlanext.exe,svchost.exe,0.0,11.2,,STATS,Normal
1790946419.775,copilot-runtime.exe,Code.exe,0.0,19.2,,STATS,Normal
1790946419.775,AppActions.exe,svchost.exe,0.0,39.7,,STATS,Normal
1790946419.775,brave.exe,brave.exe,0.0,67.0,,STATS,Normal
1790946419.775,SearchHost.exe,svchost.exe,0.0,144.3,,STATS,Normal
1790946419.775,svchost.exe,services.exe,0.0,24.8,,STATS,Normal
1790946419.775,brave.exe,brave.exe,0.0,234.0,,STATS,Normal
1790946419.775,msedgewebview2.exe,msedgewebview2.exe,0.0,134.2,,STATS,Normal
1790946419.775,OpenConsole.exe,Code.exe,0.0,11.4,,STATS,Normal
1790946419.775,brave.exe,brave.exe,0.0,73.8,,STATS,Normal
1790946419.775,svchost.exe,services.exe,0.0,7.6,,STATS,Normal
1790946419.775,RuntimeBroker.exe,svchost.exe,0.0,29.8,,STATS,Normal
1790946419.775,Intel_PIE_Service.exe,services.exe,0.0,11.8,,STATS,Normal
1790946419.775,Code.exe,Code.exe,0.0,106.6,,STATS,Normal
1790946419.775,Code.exe,Code.exe,0.0,33.5,,STATS,Normal
1790946419.775,brave.exe,brave.exe,0.0,225.9,,STATS,Normal
1790946419.775,dllhost.exe,svchost.exe,0.0,11.3,,STATS,Normal
1790946419.775,msedgewebview2.exe,msedgewebview2.exe,0.0,87.6,,STATS,Normal
1790946419.775,msedgewebview2.exe,msedgewebview2.exe,0.0,41.5,,STATS,Normal
1790946419.775,Code.exe,Code.exe,0.0,340.2,,STATS,Normal
1790946419.775,conhost.exe,copilot-runtime.exe,0.0,7.0,,STATS,Normal
1790946419.775,brave.exe,brave.exe,0.1,23.3,,STATS,Normal
1790946419.775,brave.exe,brave.exe,0.0,73.2,,STATS,Normal
1790946419.775,brave.exe,brave.exe,0.0,78.3,,STATS,Normal
1790946419.775,Code.exe,Code.exe,0.0,582.9,,STATS,Normal
1790946419.775,svchost.exe,services.exe,0.0,8.5,,STATS,Normal
1790946419.775,audiodg.exe,svchost.exe,0.0,22.2,,STATS,Normal
1790946419.775,conhost.exe,powershell.exe,0.0,21.7,,STATS,Normal
1790946419.775,powershell.exe,explorer.exe,0.0,78.2,,STATS,Normal
1790946419.775,python.exe,powershell.exe,0.0,23.6,,STATS,Normal
1790946419.775,ShellHost.exe,sihost.exe,0.0,54.4,,STATS,Normal
1790946419.775,brave.exe,brave.exe,0.0,32.6,,STATS,Normal
1790946419.775,svchost.exe,services.exe,0.0,9.6,,STATS,Normal
1790946419.775,SearchProtocolHost.exe,SearchIndexer.exe,0.0,19.6,,STATS,Normal
1790946419.775,brave.exe,brave.exe,0.0,58.7,,STATS,Normal
1790946443.781,powershell.exe,python.exe,,71.6,,START,Normal
1790946445.773,powershell.exe,python.exe,,,,EXIT,Normal
1790946451.772,System Idle Process,,96.89,0.0,,STATS,Normal
1790946451.772,System,System Idle Process,0.2,9.3,,STATS,Normal
1790946451.772,,,0.0,0.1,,STATS,Normal
1790946451.772,Registry,,0.0,46.6,,STATS,Normal
1790946451.772,Code.exe,Code.exe,0.0,160.2,,STATS,Normal
1790946451.772,smss.exe,System,0.0,1.4,,STATS,Normal
1790946451.772,csrss.exe,,0.0,6.8,,STATS,Normal
1790946451.772,svchost.exe,services.exe,0.0,12.7,,STATS,Normal
1790946451.772,wininit.exe,,0.0,9.4,,STATS,Normal
1790946451.772,services.exe,wininit.exe,0.0,10.7,,STATS,Normal
1790946451.772,svchost.exe,services.exe,0.0,12.2,,STATS,Normal
1790946451.772,LsaIso.exe,wininit.exe,0.0,3.9,,STATS,Normal
1790946451.772,lsass.exe,wininit.exe,0.0,32.5,,STATS,Normal
1790946451.772,IntelCpHDCPSvc.exe,services.exe,0.0,9.2,,STATS,Normal
1790946451.772,svchost.exe,services.exe,0.0,7.6,,STATS,Normal
1790946451.772,svchost.exe,services.exe,0.0,44.7,,STATS,Normal
1790946451.772,fontdrvhost.exe,wininit.exe,0.0,4.3,,STATS,Normal
1790946451.772,WUDFHost.exe,services.exe,0.0,21.7,,STATS,Normal
1790946451.772,svchost.exe,services.exe,0.0,19.9,,STATS,Normal
1790946451.772,svchost.exe,services.exe,0.0,12.8,,STATS,Normal
1790946451.772,svchost.exe,services.exe,0.0,6.8,,STATS,Normal
1790946451.772,svchost.exe,services.exe,0.0,12.2,,STATS,Normal
1790946451.772,svchost.exe,services.exe,0.0,22.1,,STATS,Normal
1790946451.772,svchost.exe,services.exe,0.0,17.1,,STATS,Normal
1790946451.772,igfxEM.exe,igfxCUIService.exe,0.0,17.2,,STATS,Normal
1790946451.772,svchost.exe,services.exe,0.0,17.0,,STATS,Normal
1790946451.772,svchost.exe,services.exe,0.0,13.5,,STATS,Normal
1790946451.772,svchost.exe,services.exe,0.0,14.9,,STATS,Normal
1790946451.772,svchost.exe,services.exe,0.0,30.6,,STATS,Normal
1790946451.772,svchost.exe,services.exe,0.0,12.6,,STATS,Normal
1790946451.772,svchost.exe,services.exe,0.0,13.9,,STATS,Normal
1790946451.772,IntelCpHeciSvc.exe,services.exe,0.0,9.3,,STATS,Normal
1790946451.772,svchost.exe,services.exe,0.0,24.2,,STATS,Normal
1790946451.772,brave.exe,brave.exe,0.0,392.5,,STATS,Normal
1790946451.772,svchost.exe,services.exe,0.0,8.0,,STATS,Normal
1790946451.772,svchost.exe,services.exe,0.0,22.3,,STATS,Normal
1790946451.772,smartscreen.exe,svchost.exe,0.0,13.0,,STATS,Normal
1790946451.772,svchost.exe,services.exe,0.0,10.2,,STATS,Normal
1790946451.772,NVDisplay.Container.exe,services.exe,0.0,36.7,,STATS,Normal
1790946451.772,NVIDIA Overlay.exe,NVIDIA Overlay.exe,0.0,94.6,,STATS,Normal
1790946451.772,svchost.exe,services.exe,0.0,12.1,,STATS,Normal
1790946451.772,PresentationFontCache.exe,services.exe,0.0,19.6,,STATS,Normal
1790946451.772,dllhost.exe,svchost.exe,0.0,21.4,,STATS,Normal
1790946451.772,svchost.exe,services.exe,0.79,19.4,,STATS,Normal
1790946451.772,svchost.exe,services.exe,0.0,28.7,,STATS,Normal
1790946451.772,svchost.exe,services.exe,0.0,10.1,,STATS,Normal
1790946451.772,svchost.exe,services.exe,0.0,7.3,,STATS,Normal
1790946451.772,svchost.exe,services.exe,0.0,18.4,,STATS,Normal
1790946451.772,MemCompression,System,0.0,278.2,,STATS,Normal
1790946451.772,svchost.exe,services.exe,0.0,11.6,,STATS,Normal
1790946451.772,svchost.exe,services.exe,0.0,19.6,,STATS,Normal
1790946451.772,igfxCUIService.exe,services.exe,0.0,12.0,,STATS,Normal
1790946451.772,svchost.exe,services.exe,0.0,9.0,,STATS,Normal
1790946451.772,svchost.exe,services.exe,0.0,12.4,,STATS,Normal
1790946451.772,svchost.exe,services.exe,0.0,9.4,,STATS,Normal
1790946451.772,svchost.exe,services.exe,0.1,25.2,,STATS,Normal
1790946451.772,MicrosoftStartFeedProvider.exe,svchost.exe,0.0,42.8,,STATS,Normal
1790946451.772,SystemSettings.exe,svchost.exe,0.0,3.6,,STATS,Normal
1790946451.772,svchost.exe,services.exe,0.0,57.5,,STATS,Normal
1790946451.772,svchost.exe,services.exe,0.0,11.2,,STATS,Normal
1790946451.772,svchost.exe,services.exe,0.0,14.7,,STATS,Normal
1790946451.772,Code.exe,Code.exe,0.0,52.6,,STATS,Normal
1790946451.772,svchost.exe,services.exe,0.0,10.6,,STATS,Normal
1790946451.772,svchost.exe,services.exe,0.0,24.6,,STATS,Normal
1790946451.772,svchost.exe,services.exe,0.0,12.4,,STATS,Normal
1790946451.772,msedge.exe,msedge.exe,0.0,19.2,,STATS,Normal
1790946451.772,svchost.exe,services.exe,0.0,21.6,,STATS,Normal
1790946451.772,svchost.exe,services.exe,0.0,10.9,,STATS,Normal
1790946451.772,svchost.exe,services.exe,0.0,13.4,,STATS,Normal
1790946451.772,svchost.exe,services.exe,0.0,30.8,,STATS,Normal
1790946451.772,powershell.exe,Code.exe,0.0,96.7,,STATS,Normal
1790946451.772,brave.exe,brave.exe,0.0,55.4,,STATS,Normal
1790946451.772,svchost.exe,services.exe,0.0,9.0,,STATS,Normal
1790946451.772,svchost.exe,services.exe,0.0,29.4,,STATS,Normal
1790946451.772,svchost.exe,services.exe,0.0,11.3,,STATS,Normal
1790946451.772,AsusOptimization.exe,services.exe,0.0,9.9,,STATS,Normal
1790946451.772,svchost.exe,services.exe,0.0,20.5,,STATS,Normal
1790946451.772,svchost.exe,services.exe,0.0,12.9,,STATS,Normal
1790946451.772,spoolsv.exe,services.exe,0.0,26.7,,STATS,Normal
1790946451.772,svchost.exe,services.exe,0.0,10.0,,STATS,Normal
1790946451.772,backgroundTaskHost.exe,svchost.exe,0.0,66.0,,STATS,Normal
1790946451.772,ArmouryCrateControlInterface.exe,services.exe,0.0,11.7,,STATS,Normal
1790946451.772,AsusSoftwareManager.exe,services.exe,0.0,20.6,,STATS,Normal
1790946451.772,AsusSwitch.exe,services.exe,0.0,9.5,,STATS,Normal
1790946451.772,AsusSystemAnalysis.exe,services.exe,0.0,17.2,,STATS,Normal
1790946451.772,svchost.exe,services.exe,0.0,41.2,,STATS,Normal
1790946451.772,AsusAppService.exe,services.exe,0.0,25.2,,STATS,Normal
1790946451.772,AsusSystemDiagnosis.exe,services.exe,0.0,12.2,,STATS,Normal
1790946451.772,DtsApo4Service.exe,services.exe,0.0,20.4,,STATS,Normal
1790946451.772,svchost.exe,services.exe,0.0,16.6,,STATS,Normal
1790946451.772,cmw_srv.exe,services.exe,0.0,90.0,,STATS,Normal
1790946451.772,esif_uf.exe,services.exe,0.0,7.3,,STATS,Normal
1790946451.772,OneApp.IGCC.WinService.exe,services.exe,0.0,48.4,,STATS,Normal
1790946451.772,svchost.exe,services.exe,0.0,29.0,,STATS,Normal
1790946451.772,svchost.exe,services.exe,0.0,15.3,,STATS,Normal
1790946451.772,MpDefenderCoreService.exe,services.exe,0.0,24.3,,STATS,Normal
1790946451.772,nvcontainer.exe,services.exe,0.0,40.5,,STATS,Normal
1790946451.772,svchost.exe,services.exe,0.0,12.7,,STATS,Normal
1790946451.772,RstMwService.exe,services.exe,0.0,8.4,,STATS,Normal
1790946451.772,svchost.exe,services.exe,0.0,7.1,,STATS,Normal
1790946451.772,svchost.exe,services.exe,0.0,21.5,,STATS,Normal
1790946451.772,MsMpEng.exe,services.exe,0.29,329.7,,STATS,Normal
1790946451.772,WMIRegistrationService.exe,services.exe,0.0,13.1,,STATS,Normal
1790946451.772,RtkAudUService64.exe,services.exe,0.0,15.0,,STATS,Normal
1790946451.772,svchost.exe,services.exe,0.0,16.2,,STATS,Normal
1790946451.772,brave.exe,brave.exe,0.0,76.3,,STATS,Normal
1790946451.772,msedgewebview2.exe,msedgewebview2.exe,0.0,12.7,,STATS,Normal
1790946451.772,svchost.exe,services.exe,0.0,14.1,,STATS,Normal
1790946451.772,jhi_service.exe,services.exe,0.0,7.9,,STATS,Normal
1790946451.772,brave.exe,brave.exe,0.0,143.6,,STATS,Normal
1790946451.772,svchost.exe,services.exe,0.0,15.4,,STATS,Normal
1790946451.772,msedgewebview2.exe,msedgewebview2.exe,0.0,19.2,,STATS,Normal
1790946451.772,csrss.exe,,0.0,8.6,,STATS,Normal
1790946451.772,svchost.exe,services.exe,0.0,28.3,,STATS,Normal
1790946451.772,Code.exe,Code.exe,0.0,166.2,,STATS,Normal
1790946451.772,dwm.exe,winlogon.exe,0.1,164.6,,STATS,Normal
1790946451.772,NgcIso.exe,svchost.exe,0.0,4.1,,STATS,Normal
1790946451.772,winlogon.exe,,0.0,23.7,,STATS,Normal
1790946451.772,brave.exe,explorer.exe,0.0,316.1,,STATS,Normal
1790946451.772,fontdrvhost.exe,winlogon.exe,0.0,8.9,,STATS,Normal
1790946451.772,IGCC.exe,svchost.exe,0.0,14.8,,STATS,Normal
1790946451.772,brave.exe,brave.exe,0.1,279.4,,STATS,Normal
1790946451.772,brave.exe,brave.exe,0.0,193.4,,STATS,Normal
1790946451.772,svchost.exe,services.exe,0.0,10.9,,STATS,Normal
1790946451.772,brave.exe,brave.exe,0.0,9.2,,STATS,Normal
1790946451.772,brave.exe,brave.exe,0.0,109.5,,STATS,Normal
1790946451.772,NVIDIA Overlay.exe,NVIDIA Overlay.exe,0.0,72.1,,STATS,Normal
1790946451.772,WmiPrvSE.exe,svchost.exe,0.0,17.4,,STATS,Normal
1790946451.772,nvcontainer.exe,nvcontainer.exe,0.0,33.2,,STATS,Normal
1790946451.772,unsecapp.exe,svchost.exe,0.0,10.1,,STATS,Normal
1790946451.772,svchost.exe,services.exe,0.0,9.6,,STATS,Normal
1790946451.772,NVIDIA Overlay.exe,nvcontainer.exe,0.0,149.1,,STATS,Normal
1790946451.772,AsusOptimizationStartupTask.exe,AsusOptimization.exe,0.0,19.6,,STATS,Normal
1790946451.772,SecurityHealthSystray.exe,explorer.exe,0.0,13.1,,STATS,Normal
1790946451.772,svchost.exe,services.exe,0.0,27.8,,STATS,Normal
1790946451.772,brave.exe,brave.exe,0.2,140.3,,STATS,Normal
1790946451.772,msedge.exe,msedge.exe,0.0,41.4,,STATS,Normal
1790946451.772,svchost.exe,services.exe,0.0,10.3,,STATS,Normal
1790946451.772,sihost.exe,svchost.exe,0.0,48.4,,STATS,Normal
1790946451.772,AppVShNotify.exe,OfficeClickToRun.exe,0.0,9.8,,STATS,Normal
1790946451.772,brave.exe,brave.exe,0.0,123.5,,STATS,Normal
1790946451.772,msedgewebview2.exe,SearchHost.exe,0.0,117.9,,STATS,Normal
1790946451.772,AsusOSD.exe,,0.0,16.7,,STATS,Normal
1790946451.772,ApplicationFrameHost.exe,svchost.exe,0.0,49.7,,STATS,Normal
1790946451.772,Code.exe,Code.exe,0.0,146.8,,STATS,Normal
1790946451.772,brave.exe,brave.exe,0.0,121.1,,STATS,Normal
1790946451.772,NVIDIA Overlay.exe,NVIDIA Overlay.exe,0.0,22.3,,STATS,Normal
1790946451.772,svchost.exe,services.exe,0.0,22.1,,STATS,Normal
1790946451.772,msedge.exe,,0.0,144.1,,STATS,Normal
1790946451.772,nvcontainer.exe,nvcontainer.exe,0.0,39.9,,STATS,Normal
1790946451.772,svchost.exe,services.exe,0.0,29.6,,STATS,Normal
1790946451.772,NisSrv.exe,services.exe,0.0,13.9,,STATS,Normal
1790946451.772,NVDisplay.Container.exe,NVDisplay.Container.exe,0.0,44.7,,STATS,Normal
1790946451.772,ctfmon.exe,svchost.exe,0.0,31.4,,STATS,Normal
1790946451.772,taskhostw.exe,svchost.exe,0.0,21.3,,STATS,Normal
1790946451.772,explorer.exe,,0.0,340.2,,STATS,Normal
1790946451.772,StartMenuExperienceHost.exe,svchost.exe,0.0,150.9,,STATS,Normal
1790946451.772,RuntimeBroker.exe,svchost.exe,0.0,81.5,,STATS,Normal
1790946451.772,brave.exe,brave.exe,0.0,412.7,,STATS,Normal
1790946451.772,msedge.exe,msedge.exe,0.0,49.9,,STATS,Normal
1790946451.772,svchost.exe,services.exe,0.0,12.6,,STATS,Normal
1790946451.772,svchost.exe,services.exe,0.0,24.3,,STATS,Normal
1790946451.772,svchost.exe,services.exe,0.0,42.9,,STATS,Normal
1790946451.772,SpotifyXboxGamebarWebView.exe,svchost.exe,0.0,69.8,,STATS,Normal
1790946451.772,SearchIndexer.exe,services.exe,0.0,45.4,,STATS,Normal
1790946451.772,Code.exe,explorer.exe,0.0,167.5,,STATS,Normal
1790946451.772,svchost.exe,services.exe,0.0,43.9,,STATS,Normal
1790946451.772,svchost.exe,services.exe,0.0,11.2,,STATS,Normal
1790946451.772,CrossDeviceResume.exe,sihost.exe,0.0,52.4,,STATS,Normal
1790946451.772,brave.exe,brave.exe,0.0,295.4,,STATS,Normal
1790946451.772,dllhost.exe,svchost.exe,0.0,20.5,,STATS,Normal
1790946451.772,Code.exe,Code.exe,0.0,288.3,,STATS,Normal
1790946451.772,brave.exe,brave.exe,0.0,26.5,,STATS,Normal
1790946451.772,WidgetService.exe,svchost.exe,0.0,24.9,,STATS,Normal
1790946451.772,nvcontainer.exe,nvcontainer.exe,0.39,93.5,,STATS,Normal
1790946451.772,svchost.exe,services.exe,0.0,29.3,,STATS,Normal
1790946451.772,DefenderSessionHelper.exe,MsMpEng.exe,0.0,6.4,,STATS,Normal
1790946451.772,svchost.exe,services.exe,0.0,70.7,,STATS,Normal
1790946451.772,UserOOBEBroker.exe,svchost.exe,0.0,11.1,,STATS,Normal
1790946451.772,nvsphelper64.exe,nvcontainer.exe,0.0,16.0,,STATS,Normal
1790946451.772,powershell.exe,explorer.exe,0.0,79.2,,STATS,Normal
1790946451.772,svchost.exe,services.exe,0.0,32.5,,STATS,Normal
1790946451.772,WidgetBoard.exe,svchost.exe,0.0,29.1,,STATS,Normal
1790946451.772,brave.exe,brave.exe,0.0,50.5,,STATS,Normal
1790946451.772,SecurityHealthService.exe,services.exe,0.0,23.0,,STATS,Normal
1790946451.772,svchost.exe,services.exe,0.0,14.8,,STATS,Normal
1790946451.772,dllhost.exe,svchost.exe,0.0,12.6,,STATS,Normal
1790946451.772,svchost.exe,services.exe,0.0,18.6,,STATS,Normal
1790946451.772,ArmouryCrateKeyControl.exe,ArmouryCrateControlInterface.exe,0.0,46.3,,STATS,Normal
1790946451.772,conhost.exe,powershell.exe,0.0,23.5,,STATS,Normal
1790946451.772,Code.exe,Code.exe,0.0,118.8,,STATS,Normal
1790946451.772,pet.exe,Code.exe,0.0,9.1,,STATS,Normal
1790946451.772,svchost.exe,services.exe,0.0,10.2,,STATS,Normal
1790946451.772,SDXHelper.exe,svchost.exe,0.0,31.2,,STATS,Normal
1790946451.772,NVIDIA Overlay.exe,NVIDIA Overlay.exe,0.0,37.0,,STATS,Normal
1790946451.772,svchost.exe,services.exe,0.0,16.0,,STATS,Normal
1790946451.772,OfficeClickToRun.exe,services.exe,0.0,57.9,,STATS,Normal
1790946451.772,conhost.exe,pet.exe,0.0,6.8,,STATS,Normal
1790946451.772,RuntimeBroker.exe,svchost.exe,0.0,19.2,,STATS,Normal
1790946451.772,TextInputHost.exe,svchost.exe,0.0,128.7,,STATS,Normal
1790946451.772,svchost.exe,services.exe,0.0,7.6,,STATS,Normal
1790946451.772,msedge.exe,msedge.exe,0.0,12.7,,STATS,Normal
1790946451.772,AsusSoftwareManagerAgent.exe,AsusSoftwareManager.exe,0.0,44.3,,STATS,Normal
1790946451.772,wlanext.exe,svchost.exe,0.0,11.2,,STATS,Normal
1790946451.772,copilot-runtime.exe,Code.exe,0.0,19.2,,STATS,Normal
1790946451.772,AppActions.exe,svchost.exe,0.0,39.7,,STATS,Normal
1790946451.772,brave.exe,brave.exe,0.0,67.0,,STATS,Normal
1790946451.772,SearchHost.exe,svchost.exe,0.0,144.3,,STATS,Normal
1790946451.772,svchost.exe,services.exe,0.0,24.9,,STATS,Normal
1790946451.772,brave.exe,brave.exe,0.0,234.0,,STATS,Normal
1790946451.772,msedgewebview2.exe,msedgewebview2.exe,0.0,134.2,,STATS,Normal
1790946451.772,OpenConsole.exe,Code.exe,0.0,11.4,,STATS,Normal
1790946451.772,brave.exe,brave.exe,0.0,75.6,,STATS,Normal
1790946451.772,svchost.exe,services.exe,0.0,7.6,,STATS,Normal
1790946451.772,RuntimeBroker.exe,svchost.exe,0.0,29.8,,STATS,Normal
1790946451.772,Intel_PIE_Service.exe,services.exe,0.0,11.8,,STATS,Normal
1790946451.772,Code.exe,Code.exe,0.0,106.6,,STATS,Normal
1790946451.772,Code.exe,Code.exe,0.0,33.5,,STATS,Normal
1790946451.772,brave.exe,brave.exe,0.0,225.9,,STATS,Normal
1790946451.772,dllhost.exe,svchost.exe,0.0,11.3,,STATS,Normal
1790946451.772,msedgewebview2.exe,msedgewebview2.exe,0.0,87.6,,STATS,Normal
1790946451.772,msedgewebview2.exe,msedgewebview2.exe,0.0,41.5,,STATS,Normal
1790946451.772,Code.exe,Code.exe,0.0,340.2,,STATS,Normal
1790946451.772,conhost.exe,copilot-runtime.exe,0.0,7.0,,STATS,Normal
1790946451.772,brave.exe,brave.exe,0.0,23.3,,STATS,Normal
1790946451.772,brave.exe,brave.exe,0.0,73.3,,STATS,Normal
1790946451.772,brave.exe,brave.exe,0.0,78.3,,STATS,Normal
1790946451.772,Code.exe,Code.exe,0.0,582.9,,STATS,Normal
1790946451.772,svchost.exe,services.exe,0.0,8.5,,STATS,Normal
1790946451.772,audiodg.exe,svchost.exe,0.0,22.3,,STATS,Normal
1790946451.772,conhost.exe,powershell.exe,0.0,21.7,,STATS,Normal
1790946451.772,powershell.exe,explorer.exe,0.0,78.2,,STATS,Normal
1790946451.772,python.exe,powershell.exe,0.1,23.6,,STATS,Normal
1790946451.772,ShellHost.exe,sihost.exe,0.0,54.4,,STATS,Normal
1790946451.772,brave.exe,brave.exe,0.0,32.6,,STATS,Normal
1790946451.772,svchost.exe,services.exe,0.0,9.6,,STATS,Normal
1790946451.772,SearchProtocolHost.exe,SearchIndexer.exe,0.0,19.5,,STATS,Normal
1790946451.772,brave.exe,brave.exe,0.0,58.7,,STATS,Normal
1790946457.781,powershell.exe,python.exe,,71.9,,START,Normal
1790946459.772,powershell.exe,python.exe,,,,EXIT,Normal
1790946461.772,smartscreen.exe,svchost.exe,,,,EXIT,Normal
1790946461.772,audiodg.exe,svchost.exe,,,,EXIT,Normal
1790946473.787,powershell.exe,python.exe,,71.5,,START,Normal
1790946475.772,powershell.exe,python.exe,,,,EXIT,Normal
1790946481.772,System Idle Process,,94.99,0.0,,STATS,Normal
1790946481.772,System,System Idle Process,0.39,9.3,,STATS,Normal
1790946481.772,,,0.0,0.1,,STATS,Normal
1790946481.772,Registry,,0.0,46.6,,STATS,Normal
1790946481.772,Code.exe,Code.exe,0.0,160.2,,STATS,Normal
1790946481.772,smss.exe,System,0.0,1.4,,STATS,Normal
1790946481.772,csrss.exe,,0.0,6.8,,STATS,Normal
1790946481.772,svchost.exe,services.exe,0.0,12.7,,STATS,Normal
1790946481.772,wininit.exe,,0.0,9.4,,STATS,Normal
1790946481.772,services.exe,wininit.exe,0.0,10.7,,STATS,Normal
1790946481.772,svchost.exe,services.exe,0.0,12.2,,STATS,Normal
1790946481.772,LsaIso.exe,wininit.exe,0.0,3.9,,STATS,Normal
1790946481.772,lsass.exe,wininit.exe,0.0,32.5,,STATS,Normal
1790946481.772,IntelCpHDCPSvc.exe,services.exe,0.0,9.2,,STATS,Normal
1790946481.772,svchost.exe,services.exe,0.0,7.6,,STATS,Normal
1790946481.772,svchost.exe,services.exe,0.0,44.7,,STATS,Normal
1790946481.772,fontdrvhost.exe,wininit.exe,0.0,4.3,,STATS,Normal
1790946481.772,WUDFHost.exe,services.exe,0.0,21.7,,STATS,Normal
1790946481.772,svchost.exe,services.exe,0.0,20.0,,STATS,Normal
1790946481.772,svchost.exe,services.exe,0.0,12.8,,STATS,Normal
1790946481.772,svchost.exe,services.exe,0.0,6.8,,STATS,Normal
1790946481.772,svchost.exe,services.exe,0.0,12.2,,STATS,Normal
1790946481.772,svchost.exe,services.exe,0.0,22.1,,STATS,Normal
1790946481.772,svchost.exe,services.exe,0.0,17.1,,STATS,Normal
1790946481.772,igfxEM.exe,igfxCUIService.exe,0.0,17.2,,STATS,Normal
1790946481.772,svchost.exe,services.exe,0.0,17.0,,STATS,Normal
1790946481.772,svchost.exe,services.exe,0.0,13.5,,STATS,Normal
1790946481.772,svchost.exe,services.exe,0.0,14.9,,STATS,Normal
1790946481.772,svchost.exe,services.exe,0.0,30.6,,STATS,Normal
1790946481.772,svchost.exe,services.exe,0.0,12.3,,STATS,Normal
1790946481.772,svchost.exe,services.exe,0.0,13.9,,STATS,Normal
1790946481.772,IntelCpHeciSvc.exe,services.exe,0.0,9.3,,STATS,Normal
1790946481.772,svchost.exe,services.exe,0.0,24.2,,STATS,Normal
1790946481.772,brave.exe,brave.exe,0.0,393.2,,STATS,Normal
1790946481.772,svchost.exe,services.exe,0.0,8.0,,STATS,Normal
1790946481.772,svchost.exe,services.exe,0.0,22.3,,STATS,Normal
1790946481.772,svchost.exe,services.exe,0.0,10.2,,STATS,Normal
1790946481.772,NVDisplay.Container.exe,services.exe,0.0,36.7,,STATS,Normal
1790946481.772,NVIDIA Overlay.exe,NVIDIA Overlay.exe,0.0,94.6,,STATS,Normal
1790946481.772,svchost.exe,services.exe,0.0,12.1,,STATS,Normal
1790946481.772,PresentationFontCache.exe,services.exe,0.0,19.6,,STATS,Normal
1790946481.772,dllhost.exe,svchost.exe,0.0,21.4,,STATS,Normal
1790946481.772,svchost.exe,services.exe,0.78,19.4,,STATS,Normal
1790946481.772,svchost.exe,services.exe,0.0,28.7,,STATS,Normal
1790946481.772,svchost.exe,services.exe,0.0,10.1,,STATS,Normal
1790946481.772,svchost.exe,services.exe,0.0,7.3,,STATS,Normal
1790946481.772,svchost.exe,services.exe,0.0,18.4,,STATS,Normal
1790946481.772,MemCompression,System,0.0,269.5,,STATS,Normal
1790946481.772,svchost.exe,services.exe,0.0,11.6,,STATS,Normal
1790946481.772,svchost.exe,services.exe,0.0,19.6,,STATS,Normal
1790946481.772,igfxCUIService.exe,services.exe,0.0,12.0,,STATS,Normal
1790946481.772,svchost.exe,services.exe,0.0,9.0,,STATS,Normal
1790946481.772,svchost.exe,services.exe,0.0,12.4,,STATS,Normal
1790946481.772,svchost.exe,services.exe,0.0,9.4,,STATS,Normal
1790946481.772,svchost.exe,services.exe,0.0,24.9,,STATS,Normal
1790946481.772,MicrosoftStartFeedProvider.exe,svchost.exe,0.0,42.8,,STATS,Normal
1790946481.772,SystemSettings.exe,svchost.exe,0.0,3.6,,STATS,Normal
1790946481.772,svchost.exe,services.exe,0.0,21.3,,STATS,Normal
1790946481.772,svchost.exe,services.exe,0.0,11.2,,STATS,Normal
1790946481.772,svchost.exe,services.exe,0.0,14.7,,STATS,Normal
1790946481.772,Code.exe,Code.exe,0.0,52.6,,STATS,Normal
1790946481.772,svchost.exe,services.exe,0.0,10.6,,STATS,Normal
1790946481.772,svchost.exe,services.exe,0.0,24.5,,STATS,Normal
1790946481.772,svchost.exe,services.exe,0.0,12.4,,STATS,Normal
1790946481.772,msedge.exe,msedge.exe,0.0,19.2,,STATS,Normal
1790946481.772,svchost.exe,services.exe,0.0,21.6,,STATS,Normal
1790946481.772,svchost.exe,services.exe,0.0,11.0,,STATS,Normal
1790946481.772,svchost.exe,services.exe,0.0,13.4,,STATS,Normal
1790946481.772,svchost.exe,services.exe,0.0,30.8,,STATS,Normal
1790946481.772,powershell.exe,Code.exe,0.0,96.8,,STATS,Normal
1790946481.772,brave.exe,brave.exe,0.0,55.4,,STATS,Normal
1790946481.772,svchost.exe,services.exe,0.0,9.0,,STATS,Normal
1790946481.772,svchost.exe,services.exe,0.0,29.4,,STATS,Normal
1790946481.772,svchost.exe,services.exe,0.0,11.3,,STATS,Normal
1790946481.772,AsusOptimization.exe,services.exe,0.0,9.9,,STATS,Normal
1790946481.772,svchost.exe,services.exe,0.0,20.5,,STATS,Normal
1790946481.772,svchost.exe,services.exe,0.0,12.9,,STATS,Normal
1790946481.772,spoolsv.exe,services.exe,0.0,26.7,,STATS,Normal
1790946481.772,svchost.exe,services.exe,0.0,10.0,,STATS,Normal
1790946481.772,backgroundTaskHost.exe,svchost.exe,0.0,66.0,,STATS,Normal
1790946481.772,ArmouryCrateControlInterface.exe,services.exe,0.0,11.7,,STATS,Normal
1790946481.772,AsusSoftwareManager.exe,services.exe,0.0,20.6,,STATS,Normal
1790946481.772,AsusSwitch.exe,services.exe,0.0,9.5,,STATS,Normal
1790946481.772,AsusSystemAnalysis.exe,services.exe,0.0,17.2,,STATS,Normal
1790946481.772,svchost.exe,services.exe,0.1,41.4,,STATS,Normal
1790946481.772,AsusAppService.exe,services.exe,0.0,25.2,,STATS,Normal
1790946481.772,AsusSystemDiagnosis.exe,services.exe,0.0,12.2,,STATS,Normal
1790946481.772,DtsApo4Service.exe,services.exe,0.0,20.4,,STATS,Normal
1790946481.772,svchost.exe,services.exe,0.0,16.6,,STATS,Normal
1790946481.772,cmw_srv.exe,services.exe,0.0,90.0,,STATS,Normal
1790946481.772,esif_uf.exe,services.exe,0.0,7.3,,STATS,Normal
1790946481.772,OneApp.IGCC.WinService.exe,services.exe,0.0,48.4,,STATS,Normal
1790946481.772,svchost.exe,services.exe,0.0,29.0,,STATS,Normal
1790946481.772,svchost.exe,services.exe,0.0,15.3,,STATS,Normal
1790946481.772,MpDefenderCoreService.exe,services.exe,0.0,24.3,,STATS,Normal
1790946481.772,nvcontainer.exe,services.exe,0.0,40.5,,STATS,Normal
1790946481.772,svchost.exe,services.exe,0.0,12.7,,STATS,Normal
1790946481.772,RstMwService.exe,services.exe,0.0,8.4,,STATS,Normal
1790946481.772,svchost.exe,services.exe,0.0,7.1,,STATS,Normal
1790946481.772,svchost.exe,services.exe,0.0,21.5,,STATS,Normal
1790946481.772,MsMpEng.exe,services.exe,0.29,329.8,,STATS,Normal
1790946481.772,WMIRegistrationService.exe,services.exe,0.0,13.1,,STATS,Normal
1790946481.772,RtkAudUService64.exe,services.exe,0.0,15.0,,STATS,Normal
1790946481.772,svchost.exe,services.exe,0.0,16.2,,STATS,Normal
1790946481.772,brave.exe,brave.exe,0.0,76.3,,STATS,Normal
1790946481.772,msedgewebview2.exe,msedgewebview2.exe,0.0,12.7,,STATS,Normal
1790946481.772,svchost.exe,services.exe,0.0,14.1,,STATS,Normal
1790946481.772,jhi_service.exe,services.exe,0.0,7.9,,STATS,Normal
1790946481.772,brave.exe,brave.exe,0.0,143.6,,STATS,Normal
1790946481.772,svchost.exe,services.exe,0.0,15.4,,STATS,Normal
1790946481.772,msedgewebview2.exe,msedgewebview2.exe,0.0,19.2,,STATS,Normal
1790946481.772,csrss.exe,,0.0,8.6,,STATS,Normal
1790946481.772,svchost.exe,services.exe,0.0,28.3,,STATS,Normal
1790946481.772,Code.exe,Code.exe,0.0,166.2,,STATS,Normal
1790946481.772,dwm.exe,winlogon.exe,0.0,158.4,,STATS,Normal
1790946481.772,NgcIso.exe,svchost.exe,0.0,4.1,,STATS,Normal
1790946481.772,winlogon.exe,,0.0,23.7,,STATS,Normal
1790946481.772,brave.exe,explorer.exe,0.2,316.1,,STATS,Normal
1790946481.772,fontdrvhost.exe,winlogon.exe,0.0,8.9,,STATS,Normal
1790946481.772,IGCC.exe,svchost.exe,0.0,14.8,,STATS,Normal
1790946481.772,brave.exe,brave.exe,0.97,285.0,,STATS,Normal
1790946481.772,brave.exe,brave.exe,0.0,193.4,,STATS,Normal
1790946481.772,svchost.exe,services.exe,0.0,10.9,,STATS,Normal
1790946481.772,brave.exe,brave.exe,0.0,9.2,,STATS,Normal
1790946481.772,brave.exe,brave.exe,0.0,109.5,,STATS,Normal
1790946481.772,NVIDIA Overlay.exe,NVIDIA Overlay.exe,0.0,70.5,,STATS,Normal
1790946481.772,WmiPrvSE.exe,svchost.exe,0.0,17.4,,STATS,Normal
1790946481.772,nvcontainer.exe,nvcontainer.exe,0.0,33.2,,STATS,Normal
1790946481.772,unsecapp.exe,svchost.exe,0.0,10.1,,STATS,Normal
1790946481.772,svchost.exe,services.exe,0.0,9.6,,STATS,Normal
1790946481.772,NVIDIA Overlay.exe,nvcontainer.exe,0.0,149.1,,STATS,Normal
1790946481.772,AsusOptimizationStartupTask.exe,AsusOptimization.exe,0.0,19.6,,STATS,Normal
1790946481.772,SecurityHealthSystray.exe,explorer.exe,0.0,13.1,,STATS,Normal
1790946481.772,svchost.exe,services.exe,0.0,27.8,,STATS,Normal
1790946481.772,brave.exe,brave.exe,0.97,144.2,,STATS,Normal
1790946481.772,msedge.exe,msedge.exe,0.0,41.4,,STATS,Normal
1790946481.772,svchost.exe,services.exe,0.0,10.3,,STATS,Normal
1790946481.772,sihost.exe,svchost.exe,0.0,48.4,,STATS,Normal
1790946481.772,AppVShNotify.exe,OfficeClickToRun.exe,0.0,9.8,,STATS,Normal
1790946481.772,brave.exe,brave.exe,0.0,123.5,,STATS,Normal
1790946481.772,msedgewebview2.exe,SearchHost.exe,0.0,117.9,,STATS,Normal
1790946481.772,AsusOSD.exe,,0.0,16.7,,STATS,Normal
1790946481.772,ApplicationFrameHost.exe,svchost.exe,0.0,49.7,,STATS,Normal
1790946481.772,Code.exe,Code.exe,0.0,147.5,,STATS,Normal
1790946481.772,brave.exe,brave.exe,0.2,121.1,,STATS,Normal
1790946481.772,NVIDIA Overlay.exe,NVIDIA Overlay.exe,0.0,22.3,,STATS,Normal
1790946481.772,svchost.exe,services.exe,0.0,22.1,,STATS,Normal
1790946481.772,msedge.exe,,0.0,144.1,,STATS,Normal
1790946481.772,nvcontainer.exe,nvcontainer.exe,0.0,39.9,,STATS,Normal
1790946481.772,svchost.exe,services.exe,0.0,29.7,,STATS,Normal
1790946481.772,NisSrv.exe,services.exe,0.1,14.0,,STATS,Normal
1790946481.772,NVDisplay.Container.exe,NVDisplay.Container.exe,0.0,44.7,,STATS,Normal
1790946481.772,ctfmon.exe,svchost.exe,0.0,31.4,,STATS,Normal
1790946481.772,taskhostw.exe,svchost.exe,0.0,21.3,,STATS,Normal
1790946481.772,explorer.exe,,0.0,339.8,,STATS,Normal
1790946481.772,StartMenuExperienceHost.exe,svchost.exe,0.0,150.9,,STATS,Normal
1790946481.772,RuntimeBroker.exe,svchost.exe,0.0,81.5,,STATS,Normal
1790946481.772,brave.exe,brave.exe,0.0,412.7,,STATS,Normal
1790946481.772,msedge.exe,msedge.exe,0.0,49.9,,STATS,Normal
1790946481.772,svchost.exe,services.exe,0.0,12.6,,STATS,Normal
1790946481.772,svchost.exe,services.exe,0.0,24.3,,STATS,Normal
1790946481.772,svchost.exe,services.exe,0.0,42.6,,STATS,Normal
1790946481.772,SpotifyXboxGamebarWebView.exe,svchost.exe,0.0,69.8,,STATS,Normal
1790946481.772,SearchIndexer.exe,services.exe,0.0,45.4,,STATS,Normal
1790946481.772,Code.exe,explorer.exe,0.0,167.8,,STATS,Normal
1790946481.772,svchost.exe,services.exe,0.0,43.9,,STATS,Normal
1790946481.772,svchost.exe,services.exe,0.0,11.2,,STATS,Normal
1790946481.772,CrossDeviceResume.exe,sihost.exe,0.0,52.4,,STATS,Normal
1790946481.772,brave.exe,brave.exe,0.0,295.4,,STATS,Normal
1790946481.772,dllhost.exe,svchost.exe,0.0,20.5,,STATS,Normal
1790946481.772,Code.exe,Code.exe,0.0,290.4,,STATS,Normal
1790946481.772,brave.exe,brave.exe,0.0,26.5,,STATS,Normal
1790946481.772,WidgetService.exe,svchost.exe,0.0,24.9,,STATS,Normal
1790946481.772,nvcontainer.exe,nvcontainer.exe,0.0,93.5,,STATS,Normal
1790946481.772,svchost.exe,services.exe,0.0,29.3,,STATS,Normal
1790946481.772,DefenderSessionHelper.exe,MsMpEng.exe,0.0,6.4,,STATS,Normal
1790946481.772,svchost.exe,services.exe,0.0,70.7,,STATS,Normal
1790946481.772,UserOOBEBroker.exe,svchost.exe,0.0,11.1,,STATS,Normal
1790946481.772,nvsphelper64.exe,nvcontainer.exe,0.0,16.0,,STATS,Normal
1790946481.772,powershell.exe,explorer.exe,0.0,79.2,,STATS,Normal
1790946481.772,svchost.exe,services.exe,0.0,32.5,,STATS,Normal
1790946481.772,WidgetBoard.exe,svchost.exe,0.0,29.1,,STATS,Normal
1790946481.772,brave.exe,brave.exe,0.0,50.5,,STATS,Normal
1790946481.772,SecurityHealthService.exe,services.exe,0.0,23.0,,STATS,Normal
1790946481.772,svchost.exe,services.exe,0.0,14.8,,STATS,Normal
1790946481.772,dllhost.exe,svchost.exe,0.0,12.6,,STATS,Normal
1790946481.772,svchost.exe,services.exe,0.0,18.6,,STATS,Normal
1790946481.772,ArmouryCrateKeyControl.exe,ArmouryCrateControlInterface.exe,0.0,46.3,,STATS,Normal
1790946481.772,conhost.exe,powershell.exe,0.0,23.5,,STATS,Normal
1790946481.772,Code.exe,Code.exe,0.0,118.9,,STATS,Normal
1790946481.772,pet.exe,Code.exe,0.0,9.1,,STATS,Normal
1790946481.772,svchost.exe,services.exe,0.0,10.2,,STATS,Normal
1790946481.772,SDXHelper.exe,svchost.exe,0.0,31.2,,STATS,Normal
1790946481.772,NVIDIA Overlay.exe,NVIDIA Overlay.exe,0.0,37.0,,STATS,Normal
1790946481.772,svchost.exe,services.exe,0.0,16.0,,STATS,Normal
1790946481.772,OfficeClickToRun.exe,services.exe,0.0,57.9,,STATS,Normal
1790946481.772,conhost.exe,pet.exe,0.0,6.8,,STATS,Normal
1790946481.772,RuntimeBroker.exe,svchost.exe,0.0,19.2,,STATS,Normal
1790946481.772,TextInputHost.exe,svchost.exe,0.0,128.7,,STATS,Normal
1790946481.772,svchost.exe,services.exe,0.0,7.6,,STATS,Normal
1790946481.772,msedge.exe,msedge.exe,0.0,12.7,,STATS,Normal
1790946481.772,AsusSoftwareManagerAgent.exe,AsusSoftwareManager.exe,0.0,44.3,,STATS,Normal
1790946481.772,wlanext.exe,svchost.exe,0.0,11.2,,STATS,Normal
1790946481.772,copilot-runtime.exe,Code.exe,0.0,19.2,,STATS,Normal
1790946481.772,AppActions.exe,svchost.exe,0.0,39.7,,STATS,Normal
1790946481.772,brave.exe,brave.exe,0.0,67.0,,STATS,Normal
1790946481.772,SearchHost.exe,svchost.exe,0.0,144.3,,STATS,Normal
1790946481.772,svchost.exe,services.exe,0.0,24.9,,STATS,Normal
1790946481.772,brave.exe,brave.exe,0.0,234.0,,STATS,Normal
1790946481.772,msedgewebview2.exe,msedgewebview2.exe,0.0,134.2,,STATS,Normal
1790946481.772,OpenConsole.exe,Code.exe,0.0,11.4,,STATS,Normal
1790946481.772,brave.exe,brave.exe,0.0,77.4,,STATS,Normal
1790946481.772,svchost.exe,services.exe,0.0,7.6,,STATS,Normal
1790946481.772,RuntimeBroker.exe,svchost.exe,0.0,29.8,,STATS,Normal
1790946481.772,Intel_PIE_Service.exe,services.exe,0.0,11.8,,STATS,Normal
1790946481.772,Code.exe,Code.exe,0.0,106.6,,STATS,Normal
1790946481.772,Code.exe,Code.exe,0.0,33.5,,STATS,Normal
1790946481.772,brave.exe,brave.exe,0.0,225.9,,STATS,Normal
1790946481.772,dllhost.exe,svchost.exe,0.0,11.3,,STATS,Normal
1790946481.772,msedgewebview2.exe,msedgewebview2.exe,0.0,87.6,,STATS,Normal
1790946481.772,msedgewebview2.exe,msedgewebview2.exe,0.0,41.5,,STATS,Normal
1790946481.772,Code.exe,Code.exe,0.0,340.2,,STATS,Normal
1790946481.772,conhost.exe,copilot-runtime.exe,0.0,7.0,,STATS,Normal
1790946481.772,brave.exe,brave.exe,0.0,23.3,,STATS,Normal
1790946481.772,brave.exe,brave.exe,0.0,73.6,,STATS,Normal
1790946481.772,brave.exe,brave.exe,0.0,78.3,,STATS,Normal
1790946481.772,Code.exe,Code.exe,0.0,582.9,,STATS,Normal
1790946481.772,svchost.exe,services.exe,0.0,8.5,,STATS,Normal
1790946481.772,conhost.exe,powershell.exe,0.0,21.8,,STATS,Normal
1790946481.772,powershell.exe,explorer.exe,0.0,78.3,,STATS,Normal
1790946481.772,python.exe,powershell.exe,0.0,23.6,,STATS,Normal
1790946481.772,ShellHost.exe,sihost.exe,0.0,54.3,,STATS,Normal
1790946481.772,brave.exe,brave.exe,0.0,32.6,,STATS,Normal
1790946481.772,svchost.exe,services.exe,0.0,9.6,,STATS,Normal
1790946481.772,SearchProtocolHost.exe,SearchIndexer.exe,0.0,19.5,,STATS,Normal
1790946481.772,brave.exe,brave.exe,0.0,58.7,,STATS,Normal
1790946501.772,SearchProtocolHost.exe,SearchIndexer.exe,,,,EXIT,Normal
1790946503.781,powershell.exe,python.exe,,71.9,,START,Normal
1790946505.772,powershell.exe,python.exe,,,,EXIT,Normal
1790946511.773,System Idle Process,,97.26,0.0,,STATS,Normal
1790946511.773,System,System Idle Process,0.0,9.3,,STATS,Normal
1790946511.773,,,0.0,0.1,,STATS,Normal
1790946511.773,Registry,,0.0,46.6,,STATS,Normal
1790946511.773,Code.exe,Code.exe,0.0,160.5,,STATS,Normal
1790946511.773,smss.exe,System,0.0,1.4,,STATS,Normal
1790946511.773,csrss.exe,,0.0,6.8,,STATS,Normal
1790946511.773,svchost.exe,services.exe,0.0,12.7,,STATS,Normal
1790946511.773,wininit.exe,,0.0,9.4,,STATS,Normal
1790946511.773,services.exe,wininit.exe,0.0,10.7,,STATS,Normal
1790946511.773,svchost.exe,services.exe,0.0,12.2,,STATS,Normal
1790946511.773,LsaIso.exe,wininit.exe,0.0,3.9,,STATS,Normal
1790946511.773,lsass.exe,wininit.exe,0.0,32.5,,STATS,Normal
1790946511.773,IntelCpHDCPSvc.exe,services.exe,0.0,9.2,,STATS,Normal
1790946511.773,svchost.exe,services.exe,0.0,7.6,,STATS,Normal
1790946511.773,svchost.exe,services.exe,0.0,44.5,,STATS,Normal
1790946511.773,fontdrvhost.exe,wininit.exe,0.0,4.3,,STATS,Normal
1790946511.773,WUDFHost.exe,services.exe,0.0,21.7,,STATS,Normal
1790946511.773,svchost.exe,services.exe,0.0,19.8,,STATS,Normal
1790946511.773,svchost.exe,services.exe,0.0,12.8,,STATS,Normal
1790946511.773,svchost.exe,services.exe,0.0,6.8,,STATS,Normal
1790946511.773,svchost.exe,services.exe,0.0,12.2,,STATS,Normal
1790946511.773,svchost.exe,services.exe,0.0,22.1,,STATS,Normal
1790946511.773,svchost.exe,services.exe,0.0,17.1,,STATS,Normal
1790946511.773,igfxEM.exe,igfxCUIService.exe,0.0,17.2,,STATS,Normal
1790946511.773,svchost.exe,services.exe,0.0,16.9,,STATS,Normal
1790946511.773,svchost.exe,services.exe,0.0,13.5,,STATS,Normal
1790946511.773,svchost.exe,services.exe,0.0,14.9,,STATS,Normal
1790946511.773,svchost.exe,services.exe,0.0,30.6,,STATS,Normal
1790946511.773,svchost.exe,services.exe,0.0,12.5,,STATS,Normal
1790946511.773,svchost.exe,services.exe,0.0,13.9,,STATS,Normal
1790946511.773,IntelCpHeciSvc.exe,services.exe,0.0,9.3,,STATS,Normal
1790946511.773,svchost.exe,services.exe,0.0,24.1,,STATS,Normal
1790946511.773,brave.exe,brave.exe,0.1,392.7,,STATS,Normal
1790946511.773,svchost.exe,services.exe,0.0,8.0,,STATS,Normal
1790946511.773,svchost.exe,services.exe,0.0,22.3,,STATS,Normal
1790946511.773,svchost.exe,services.exe,0.0,10.2,,STATS,Normal
1790946511.773,NVDisplay.Container.exe,services.exe,0.0,36.7,,STATS,Normal
1790946511.773,NVIDIA Overlay.exe,NVIDIA Overlay.exe,0.0,94.6,,STATS,Normal
1790946511.773,svchost.exe,services.exe,0.0,12.0,,STATS,Normal
1790946511.773,PresentationFontCache.exe,services.exe,0.0,19.6,,STATS,Normal
1790946511.773,dllhost.exe,svchost.exe,0.0,21.4,,STATS,Normal
1790946511.773,svchost.exe,services.exe,0.88,19.4,,STATS,Normal
1790946511.773,svchost.exe,services.exe,0.0,28.7,,STATS,Normal
1790946511.773,svchost.exe,services.exe,0.0,10.1,,STATS,Normal
1790946511.773,svchost.exe,services.exe,0.0,7.3,,STATS,Normal
1790946511.773,svchost.exe,services.exe,0.0,18.4,,STATS,Normal
1790946511.773,MemCompression,System,0.0,266.2,,STATS,Normal
1790946511.773,svchost.exe,services.exe,0.0,11.6,,STATS,Normal
1790946511.773,svchost.exe,services.exe,0.0,19.6,,STATS,Normal
1790946511.773,igfxCUIService.exe,services.exe,0.0,12.0,,STATS,Normal
1790946511.773,svchost.exe,services.exe,0.0,9.0,,STATS,Normal
1790946511.773,svchost.exe,services.exe,0.0,12.4,,STATS,Normal
1790946511.773,svchost.exe,services.exe,0.0,9.4,,STATS,Normal
1790946511.773,svchost.exe,services.exe,0.0,24.9,,STATS,Normal
1790946511.773,MicrosoftStartFeedProvider.exe,svchost.exe,0.0,42.8,,STATS,Normal
1790946511.773,SystemSettings.exe,svchost.exe,0.0,3.6,,STATS,Normal
1790946511.773,svchost.exe,services.exe,0.0,21.3,,STATS,Normal
1790946511.773,svchost.exe,services.exe,0.0,11.2,,STATS,Normal
1790946511.773,svchost.exe,services.exe,0.0,14.7,,STATS,Normal
1790946511.773,Code.exe,Code.exe,0.0,52.6,,STATS,Normal
1790946511.773,svchost.exe,services.exe,0.0,10.6,,STATS,Normal
1790946511.773,svchost.exe,services.exe,0.0,24.5,,STATS,Normal
1790946511.773,svchost.exe,services.exe,0.0,12.4,,STATS,Normal
1790946511.773,msedge.exe,msedge.exe,0.0,19.2,,STATS,Normal
1790946511.773,svchost.exe,services.exe,0.0,21.6,,STATS,Normal
1790946511.773,svchost.exe,services.exe,0.0,11.0,,STATS,Normal
1790946511.773,svchost.exe,services.exe,0.0,13.4,,STATS,Normal
1790946511.773,svchost.exe,services.exe,0.0,30.8,,STATS,Normal
1790946511.773,powershell.exe,Code.exe,0.0,96.8,,STATS,Normal
1790946511.773,brave.exe,brave.exe,0.0,55.4,,STATS,Normal
1790946511.773,svchost.exe,services.exe,0.0,9.0,,STATS,Normal
1790946511.773,svchost.exe,services.exe,0.0,29.4,,STATS,Normal
1790946511.773,svchost.exe,services.exe,0.0,11.3,,STATS,Normal
1790946511.773,AsusOptimization.exe,services.exe,0.0,9.9,,STATS,Normal
1790946511.773,svchost.exe,services.exe,0.0,20.5,,STATS,Normal
1790946511.773,svchost.exe,services.exe,0.0,12.9,,STATS,Normal
1790946511.773,spoolsv.exe,services.exe,0.0,26.7,,STATS,Normal
1790946511.773,svchost.exe,services.exe,0.0,10.0,,STATS,Normal
1790946511.773,backgroundTaskHost.exe,svchost.exe,0.0,66.0,,STATS,Normal
1790946511.773,ArmouryCrateControlInterface.exe,services.exe,0.0,11.7,,STATS,Normal
1790946511.773,AsusSoftwareManager.exe,services.exe,0.0,20.6,,STATS,Normal
1790946511.773,AsusSwitch.exe,services.exe,0.0,9.5,,STATS,Normal
1790946511.773,AsusSystemAnalysis.exe,services.exe,0.0,17.2,,STATS,Normal
1790946511.773,svchost.exe,services.exe,0.0,41.3,,STATS,Normal
1790946511.773,AsusAppService.exe,services.exe,0.0,25.2,,STATS,Normal
1790946511.773,AsusSystemDiagnosis.exe,services.exe,0.0,12.2,,STATS,Normal
1790946511.773,DtsApo4Service.exe,services.exe,0.0,20.4,,STATS,Normal
1790946511.773,svchost.exe,services.exe,0.0,16.6,,STATS,Normal
1790946511.773,cmw_srv.exe,services.exe,0.0,89.9,,STATS,Normal
1790946511.773,esif_uf.exe,services.exe,0.0,7.3,,STATS,Normal
1790946511.773,OneApp.IGCC.WinService.exe,services.exe,0.0,48.4,,STATS,Normal
1790946511.773,svchost.exe,services.exe,0.0,29.0,,STATS,Normal
1790946511.773,svchost.exe,services.exe,0.0,15.3,,STATS,Normal
1790946511.773,MpDefenderCoreService.exe,services.exe,0.0,24.3,,STATS,Normal
1790946511.773,nvcontainer.exe,services.exe,0.0,40.5,,STATS,Normal
1790946511.773,svchost.exe,services.exe,0.0,12.7,,STATS,Normal
1790946511.773,RstMwService.exe,services.exe,0.0,8.4,,STATS,Normal
1790946511.773,svchost.exe,services.exe,0.0,7.1,,STATS,Normal
1790946511.773,svchost.exe,services.exe,0.0,21.5,,STATS,Normal
1790946511.773,MsMpEng.exe,services.exe,0.29,333.8,,STATS,Normal
1790946511.773,WMIRegistrationService.exe,services.exe,0.0,13.1,,STATS,Normal
1790946511.773,RtkAudUService64.exe,services.exe,0.0,15.0,,STATS,Normal
1790946511.773,svchost.exe,services.exe,0.0,16.2,,STATS,Normal
1790946511.773,brave.exe,brave.exe,0.0,76.3,,STATS,Normal
1790946511.773,msedgewebview2.exe,msedgewebview2.exe,0.0,12.7,,STATS,Normal
1790946511.773,svchost.exe,services.exe,0.0,14.1,,STATS,Normal
1790946511.773,jhi_service.exe,services.exe,0.0,7.9,,STATS,Normal
1790946511.773,brave.exe,brave.exe,0.0,143.6,,STATS,Normal
1790946511.773,svchost.exe,services.exe,0.0,15.4,,STATS,Normal
1790946511.773,msedgewebview2.exe,msedgewebview2.exe,0.0,19.2,,STATS,Normal
1790946511.773,csrss.exe,,0.0,8.6,,STATS,Normal
1790946511.773,svchost.exe,services.exe,0.0,28.3,,STATS,Normal
1790946511.773,Code.exe,Code.exe,0.0,166.2,,STATS,Normal
1790946511.773,dwm.exe,winlogon.exe,0.0,158.4,,STATS,Normal
1790946511.773,NgcIso.exe,svchost.exe,0.0,4.1,,STATS,Normal
1790946511.773,winlogon.exe,,0.0,23.7,,STATS,Normal
1790946511.773,brave.exe,explorer.exe,0.1,318.5,,STATS,Normal
1790946511.773,fontdrvhost.exe,winlogon.exe,0.0,8.9,,STATS,Normal
1790946511.773,IGCC.exe,svchost.exe,0.0,14.8,,STATS,Normal
1790946511.773,brave.exe,brave.exe,0.0,291.8,,STATS,Normal
1790946511.773,brave.exe,brave.exe,0.0,193.4,,STATS,Normal
1790946511.773,svchost.exe,services.exe,0.0,10.9,,STATS,Normal
1790946511.773,brave.exe,brave.exe,0.0,9.2,,STATS,Normal
1790946511.773,brave.exe,brave.exe,0.0,109.5,,STATS,Normal
1790946511.773,NVIDIA Overlay.exe,NVIDIA Overlay.exe,0.0,70.5,,STATS,Normal
1790946511.773,WmiPrvSE.exe,svchost.exe,0.0,17.4,,STATS,Normal
1790946511.773,nvcontainer.exe,nvcontainer.exe,0.0,33.2,,STATS,Normal
1790946511.773,unsecapp.exe,svchost.exe,0.0,10.1,,STATS,Normal
1790946511.773,svchost.exe,services.exe,0.0,9.6,,STATS,Normal
1790946511.773,NVIDIA Overlay.exe,nvcontainer.exe,0.0,149.1,,STATS,Normal
1790946511.773,AsusOptimizationStartupTask.exe,AsusOptimization.exe,0.0,19.6,,STATS,Normal
1790946511.773,SecurityHealthSystray.exe,explorer.exe,0.0,13.1,,STATS,Normal
1790946511.773,svchost.exe,services.exe,0.0,27.8,,STATS,Normal
1790946511.773,brave.exe,brave.exe,0.0,172.7,,STATS,Normal
1790946511.773,msedge.exe,msedge.exe,0.0,41.4,,STATS,Normal
1790946511.773,svchost.exe,services.exe,0.0,10.3,,STATS,Normal
1790946511.773,sihost.exe,svchost.exe,0.0,48.4,,STATS,Normal
1790946511.773,AppVShNotify.exe,OfficeClickToRun.exe,0.0,9.8,,STATS,Normal
1790946511.773,brave.exe,brave.exe,0.0,123.5,,STATS,Normal
1790946511.773,msedgewebview2.exe,SearchHost.exe,0.0,117.9,,STATS,Normal
1790946511.773,AsusOSD.exe,,0.0,16.7,,STATS,Normal
1790946511.773,ApplicationFrameHost.exe,svchost.exe,0.0,49.7,,STATS,Normal
1790946511.773,Code.exe,Code.exe,0.0,147.5,,STATS,Normal
1790946511.773,brave.exe,brave.exe,0.0,119.8,,STATS,Normal
1790946511.773,NVIDIA Overlay.exe,NVIDIA Overlay.exe,0.0,22.3,,STATS,Normal
1790946511.773,svchost.exe,services.exe,0.0,22.1,,STATS,Normal
1790946511.773,msedge.exe,,0.0,144.1,,STATS,Normal
1790946511.773,nvcontainer.exe,nvcontainer.exe,0.0,39.9,,STATS,Normal
1790946511.773,svchost.exe,services.exe,0.0,29.7,,STATS,Normal
1790946511.773,NisSrv.exe,services.exe,0.0,14.0,,STATS,Normal
1790946511.773,NVDisplay.Container.exe,NVDisplay.Container.exe,0.0,44.7,,STATS,Normal
1790946511.773,ctfmon.exe,svchost.exe,0.0,31.4,,STATS,Normal
1790946511.773,taskhostw.exe,svchost.exe,0.0,21.3,,STATS,Normal
1790946511.773,explorer.exe,,0.0,338.9,,STATS,Normal
1790946511.773,StartMenuExperienceHost.exe,svchost.exe,0.0,150.9,,STATS,Normal
1790946511.773,RuntimeBroker.exe,svchost.exe,0.0,81.4,,STATS,Normal
1790946511.773,brave.exe,brave.exe,0.0,412.8,,STATS,Normal
1790946511.773,msedge.exe,msedge.exe,0.0,49.9,,STATS,Normal
1790946511.773,svchost.exe,services.exe,0.0,12.6,,STATS,Normal
1790946511.773,svchost.exe,services.exe,0.0,24.3,,STATS,Normal
1790946511.773,svchost.exe,services.exe,0.0,42.6,,STATS,Normal
1790946511.773,SpotifyXboxGamebarWebView.exe,svchost.exe,0.0,69.8,,STATS,Normal
1790946511.773,SearchIndexer.exe,services.exe,0.0,45.3,,STATS,Normal
1790946511.773,Code.exe,explorer.exe,0.0,168.3,,STATS,Normal
1790946511.773,svchost.exe,services.exe,0.0,43.9,,STATS,Normal
1790946511.773,svchost.exe,services.exe,0.0,11.2,,STATS,Normal
1790946511.773,CrossDeviceResume.exe,sihost.exe,0.0,52.4,,STATS,Normal
1790946511.773,brave.exe,brave.exe,0.0,295.4,,STATS,Normal
1790946511.773,dllhost.exe,svchost.exe,0.0,20.5,,STATS,Normal
1790946511.773,Code.exe,Code.exe,0.0,291.7,,STATS,Normal
1790946511.773,brave.exe,brave.exe,0.0,26.5,,STATS,Normal
1790946511.773,WidgetService.exe,svchost.exe,0.0,24.9,,STATS,Normal
1790946511.773,nvcontainer.exe,nvcontainer.exe,0.39,93.5,,STATS,Normal
1790946511.773,svchost.exe,services.exe,0.0,29.3,,STATS,Normal
1790946511.773,DefenderSessionHelper.exe,MsMpEng.exe,0.0,6.4,,STATS,Normal
1790946511.773,svchost.exe,services.exe,0.0,70.7,,STATS,Normal
1790946511.773,UserOOBEBroker.exe,svchost.exe,0.0,11.1,,STATS,Normal
1790946511.773,nvsphelper64.exe,nvcontainer.exe,0.2,16.0,,STATS,Normal
1790946511.773,powershell.exe,explorer.exe,0.0,79.2,,STATS,Normal
1790946511.773,svchost.exe,services.exe,0.0,32.5,,STATS,Normal
1790946511.773,WidgetBoard.exe,svchost.exe,0.0,29.1,,STATS,Normal
1790946511.773,brave.exe,brave.exe,0.0,50.5,,STATS,Normal
1790946511.773,SecurityHealthService.exe,services.exe,0.0,23.0,,STATS,Normal
1790946511.773,svchost.exe,services.exe,0.0,14.8,,STATS,Normal
1790946511.773,dllhost.exe,svchost.exe,0.0,12.6,,STATS,Normal
1790946511.773,svchost.exe,services.exe,0.0,18.6,,STATS,Normal
1790946511.773,ArmouryCrateKeyControl.exe,ArmouryCrateControlInterface.exe,0.0,46.3,,STATS,Normal
1790946511.773,conhost.exe,powershell.exe,0.0,23.5,,STATS,Normal
1790946511.773,Code.exe,Code.exe,0.0,118.8,,STATS,Normal
1790946511.773,pet.exe,Code.exe,0.0,9.1,,STATS,Normal
1790946511.773,svchost.exe,services.exe,0.0,10.2,,STATS,Normal
1790946511.773,SDXHelper.exe,svchost.exe,0.0,31.2,,STATS,Normal
1790946511.773,NVIDIA Overlay.exe,NVIDIA Overlay.exe,0.0,37.0,,STATS,Normal
1790946511.773,svchost.exe,services.exe,0.0,16.0,,STATS,Normal
1790946511.773,OfficeClickToRun.exe,services.exe,0.0,57.9,,STATS,Normal
1790946511.773,conhost.exe,pet.exe,0.0,6.8,,STATS,Normal
1790946511.773,RuntimeBroker.exe,svchost.exe,0.0,19.2,,STATS,Normal
1790946511.773,TextInputHost.exe,svchost.exe,0.0,128.7,,STATS,Normal
1790946511.773,svchost.exe,services.exe,0.0,7.6,,STATS,Normal
1790946511.773,msedge.exe,msedge.exe,0.0,12.7,,STATS,Normal
1790946511.773,AsusSoftwareManagerAgent.exe,AsusSoftwareManager.exe,0.0,44.3,,STATS,Normal
1790946511.773,wlanext.exe,svchost.exe,0.0,11.2,,STATS,Normal
1790946511.773,copilot-runtime.exe,Code.exe,0.0,19.2,,STATS,Normal
1790946511.773,AppActions.exe,svchost.exe,0.0,39.7,,STATS,Normal
1790946511.773,brave.exe,brave.exe,0.0,67.0,,STATS,Normal
1790946511.773,SearchHost.exe,svchost.exe,0.0,144.3,,STATS,Normal
1790946511.773,svchost.exe,services.exe,0.0,24.9,,STATS,Normal
1790946511.773,brave.exe,brave.exe,0.0,234.0,,STATS,Normal
1790946511.773,msedgewebview2.exe,msedgewebview2.exe,0.0,134.2,,STATS,Normal
1790946511.773,OpenConsole.exe,Code.exe,0.0,11.4,,STATS,Normal
1790946511.773,brave.exe,brave.exe,0.0,79.6,,STATS,Normal
1790946511.773,svchost.exe,services.exe,0.0,7.6,,STATS,Normal
1790946511.773,RuntimeBroker.exe,svchost.exe,0.0,29.8,,STATS,Normal
1790946511.773,Intel_PIE_Service.exe,services.exe,0.0,11.8,,STATS,Normal
1790946511.773,Code.exe,Code.exe,0.0,106.6,,STATS,Normal
1790946511.773,Code.exe,Code.exe,0.0,33.5,,STATS,Normal
1790946511.773,brave.exe,brave.exe,0.0,225.9,,STATS,Normal
1790946511.773,dllhost.exe,svchost.exe,0.0,11.3,,STATS,Normal
1790946511.773,msedgewebview2.exe,msedgewebview2.exe,0.0,87.6,,STATS,Normal
1790946511.773,msedgewebview2.exe,msedgewebview2.exe,0.0,41.5,,STATS,Normal
1790946511.773,Code.exe,Code.exe,0.0,340.2,,STATS,Normal
1790946511.773,conhost.exe,copilot-runtime.exe,0.0,7.0,,STATS,Normal
1790946511.773,brave.exe,brave.exe,0.0,23.3,,STATS,Normal
1790946511.773,brave.exe,brave.exe,0.0,73.7,,STATS,Normal
1790946511.773,brave.exe,brave.exe,0.0,78.3,,STATS,Normal
1790946511.773,Code.exe,Code.exe,0.0,582.9,,STATS,Normal
1790946511.773,svchost.exe,services.exe,0.0,8.5,,STATS,Normal
1790946511.773,conhost.exe,powershell.exe,0.0,21.8,,STATS,Normal
1790946511.773,powershell.exe,explorer.exe,0.0,78.3,,STATS,Normal
1790946511.773,python.exe,powershell.exe,0.0,23.7,,STATS,Normal
1790946511.773,ShellHost.exe,sihost.exe,0.0,55.2,,STATS,Normal
1790946511.773,brave.exe,brave.exe,0.0,32.6,,STATS,Normal
1790946511.773,svchost.exe,services.exe,0.0,9.6,,STATS,Normal
1790946511.773,brave.exe,brave.exe,0.0,59.0,,STATS,Normal
1790946513.779,SDXHelper.exe,svchost.exe,,44.4,,START,Normal
1790946515.772,SDXHelper.exe,svchost.exe,,,,EXIT,Normal
1790946543.774,System Idle Process,,96.58,0.0,,STATS,Normal
1790946543.774,System,System Idle Process,0.1,9.3,,STATS,Normal
1790946543.774,,,0.0,0.1,,STATS,Normal
1790946543.774,Registry,,0.0,48.3,,STATS,Normal
1790946543.774,Code.exe,Code.exe,0.0,159.4,,STATS,Normal
1790946543.774,smss.exe,System,0.0,1.4,,STATS,Normal
1790946543.774,csrss.exe,,0.0,6.8,,STATS,Normal
1790946543.774,svchost.exe,services.exe,0.0,12.7,,STATS,Normal
1790946543.774,wininit.exe,,0.0,9.4,,STATS,Normal
1790946543.774,services.exe,wininit.exe,0.1,10.7,,STATS,Normal
1790946543.774,svchost.exe,services.exe,0.0,12.2,,STATS,Normal
1790946543.774,LsaIso.exe,wininit.exe,0.0,3.9,,STATS,Normal
1790946543.774,lsass.exe,wininit.exe,0.0,32.5,,STATS,Normal
1790946543.774,IntelCpHDCPSvc.exe,services.exe,0.0,9.2,,STATS,Normal
1790946543.774,svchost.exe,services.exe,0.0,7.6,,STATS,Normal
1790946543.774,svchost.exe,services.exe,0.0,44.6,,STATS,Normal
1790946543.774,fontdrvhost.exe,wininit.exe,0.0,4.3,,STATS,Normal
1790946543.774,WUDFHost.exe,services.exe,0.0,21.7,,STATS,Normal
1790946543.774,svchost.exe,services.exe,0.0,19.9,,STATS,Normal
1790946543.774,svchost.exe,services.exe,0.0,12.8,,STATS,Normal
1790946543.774,svchost.exe,services.exe,0.0,6.8,,STATS,Normal
1790946543.774,svchost.exe,services.exe,0.0,12.2,,STATS,Normal
1790946543.774,svchost.exe,services.exe,0.0,22.1,,STATS,Normal
1790946543.774,svchost.exe,services.exe,0.0,17.1,,STATS,Normal
1790946543.774,igfxEM.exe,igfxCUIService.exe,0.0,17.2,,STATS,Normal
1790946543.774,svchost.exe,services.exe,0.0,17.0,,STATS,Normal
1790946543.774,svchost.exe,services.exe,0.0,13.5,,STATS,Normal
1790946543.774,svchost.exe,services.exe,0.0,14.9,,STATS,Normal
1790946543.774,svchost.exe,services.exe,0.0,30.6,,STATS,Normal
1790946543.774,svchost.exe,services.exe,0.0,12.5,,STATS,Normal
1790946543.774,svchost.exe,services.exe,0.0,13.9,,STATS,Normal
1790946543.774,IntelCpHeciSvc.exe,services.exe,0.0,9.3,,STATS,Normal
1790946543.774,svchost.exe,services.exe,0.0,24.1,,STATS,Normal
1790946543.774,brave.exe,brave.exe,0.0,392.0,,STATS,Normal
1790946543.774,svchost.exe,services.exe,0.0,8.0,,STATS,Normal
1790946543.774,svchost.exe,services.exe,0.0,22.3,,STATS,Normal
1790946543.774,svchost.exe,services.exe,0.0,10.2,,STATS,Normal
1790946543.774,NVDisplay.Container.exe,services.exe,0.0,36.8,,STATS,Normal
1790946543.774,NVIDIA Overlay.exe,NVIDIA Overlay.exe,0.0,94.6,,STATS,Normal
1790946543.774,svchost.exe,services.exe,0.0,12.0,,STATS,Normal
1790946543.774,PresentationFontCache.exe,services.exe,0.0,19.6,,STATS,Normal
1790946543.774,dllhost.exe,svchost.exe,0.0,21.4,,STATS,Normal
1790946543.774,svchost.exe,services.exe,0.78,19.3,,STATS,Normal
1790946543.774,svchost.exe,services.exe,0.0,28.7,,STATS,Normal
1790946543.774,svchost.exe,services.exe,0.0,10.1,,STATS,Normal
1790946543.774,svchost.exe,services.exe,0.0,7.3,,STATS,Normal
1790946543.774,svchost.exe,services.exe,0.0,18.4,,STATS,Normal
1790946543.774,MemCompression,System,0.0,263.3,,STATS,Normal
1790946543.774,svchost.exe,services.exe,0.0,11.6,,STATS,Normal
1790946543.774,svchost.exe,services.exe,0.0,19.6,,STATS,Normal
1790946543.774,igfxCUIService.exe,services.exe,0.0,12.0,,STATS,Normal
1790946543.774,svchost.exe,services.exe,0.0,9.0,,STATS,Normal
1790946543.774,svchost.exe,services.exe,0.0,12.4,,STATS,Normal
1790946543.774,svchost.exe,services.exe,0.0,9.4,,STATS,Normal
1790946543.774,svchost.exe,services.exe,0.0,24.9,,STATS,Normal
1790946543.774,MicrosoftStartFeedProvider.exe,svchost.exe,0.0,42.8,,STATS,Normal
1790946543.774,SystemSettings.exe,svchost.exe,0.0,3.6,,STATS,Normal
1790946543.774,svchost.exe,services.exe,0.0,21.3,,STATS,Normal
1790946543.774,svchost.exe,services.exe,0.0,11.2,,STATS,Normal
1790946543.774,svchost.exe,services.exe,0.0,14.7,,STATS,Normal
1790946543.774,Code.exe,Code.exe,0.0,52.6,,STATS,Normal
1790946543.774,svchost.exe,services.exe,0.0,10.6,,STATS,Normal
1790946543.774,svchost.exe,services.exe,0.0,24.5,,STATS,Normal
1790946543.774,svchost.exe,services.exe,0.0,12.4,,STATS,Normal
1790946543.774,msedge.exe,msedge.exe,0.0,19.2,,STATS,Normal
1790946543.774,svchost.exe,services.exe,0.0,21.7,,STATS,Normal
1790946543.774,svchost.exe,services.exe,0.0,11.0,,STATS,Normal
1790946543.774,svchost.exe,services.exe,0.0,13.4,,STATS,Normal
1790946543.774,svchost.exe,services.exe,0.0,30.8,,STATS,Normal
1790946543.774,powershell.exe,Code.exe,0.0,96.8,,STATS,Normal
1790946543.774,brave.exe,brave.exe,0.0,55.4,,STATS,Normal
1790946543.774,svchost.exe,services.exe,0.0,9.0,,STATS,Normal
1790946543.774,svchost.exe,services.exe,0.0,29.4,,STATS,Normal
1790946543.774,svchost.exe,services.exe,0.0,11.3,,STATS,Normal
1790946543.774,AsusOptimization.exe,services.exe,0.0,9.9,,STATS,Normal
1790946543.774,svchost.exe,services.exe,0.0,20.5,,STATS,Normal
1790946543.774,svchost.exe,services.exe,0.0,12.9,,STATS,Normal
1790946543.774,spoolsv.exe,services.exe,0.0,26.7,,STATS,Normal
1790946543.774,svchost.exe,services.exe,0.0,10.0,,STATS,Normal
1790946543.774,backgroundTaskHost.exe,svchost.exe,0.0,66.0,,STATS,Normal
1790946543.774,ArmouryCrateControlInterface.exe,services.exe,0.0,11.7,,STATS,Normal
1790946543.774,AsusSoftwareManager.exe,services.exe,0.0,20.6,,STATS,Normal
1790946543.774,AsusSwitch.exe,services.exe,0.0,9.5,,STATS,Normal
1790946543.774,AsusSystemAnalysis.exe,services.exe,0.0,17.2,,STATS,Normal
1790946543.774,svchost.exe,services.exe,0.0,40.8,,STATS,Normal
1790946543.774,AsusAppService.exe,services.exe,0.0,25.2,,STATS,Normal
1790946543.774,AsusSystemDiagnosis.exe,services.exe,0.0,12.2,,STATS,Normal
1790946543.774,DtsApo4Service.exe,services.exe,0.0,20.4,,STATS,Normal
1790946543.774,svchost.exe,services.exe,0.0,16.7,,STATS,Normal
1790946543.774,cmw_srv.exe,services.exe,0.0,90.1,,STATS,Normal
1790946543.774,esif_uf.exe,services.exe,0.0,7.3,,STATS,Normal
1790946543.774,OneApp.IGCC.WinService.exe,services.exe,0.0,48.4,,STATS,Normal
1790946543.774,svchost.exe,services.exe,0.0,29.4,,STATS,Normal
1790946543.774,svchost.exe,services.exe,0.0,15.3,,STATS,Normal
1790946543.774,MpDefenderCoreService.exe,services.exe,0.0,24.3,,STATS,Normal
1790946543.774,nvcontainer.exe,services.exe,0.0,40.5,,STATS,Normal
1790946543.774,svchost.exe,services.exe,0.0,12.7,,STATS,Normal
1790946543.774,RstMwService.exe,services.exe,0.0,8.4,,STATS,Normal
1790946543.774,svchost.exe,services.exe,0.0,7.1,,STATS,Normal
1790946543.774,svchost.exe,services.exe,0.0,21.5,,STATS,Normal
1790946543.774,MsMpEng.exe,services.exe,0.39,348.8,,STATS,Normal
1790946543.774,WMIRegistrationService.exe,services.exe,0.0,13.1,,STATS,Normal
1790946543.774,RtkAudUService64.exe,services.exe,0.0,15.0,,STATS,Normal
1790946543.774,svchost.exe,services.exe,0.0,16.2,,STATS,Normal
1790946543.774,brave.exe,brave.exe,0.0,76.3,,STATS,Normal
1790946543.774,msedgewebview2.exe,msedgewebview2.exe,0.0,12.7,,STATS,Normal
1790946543.774,svchost.exe,services.exe,0.0,14.1,,STATS,Normal
1790946543.774,jhi_service.exe,services.exe,0.0,7.9,,STATS,Normal
1790946543.774,brave.exe,brave.exe,0.0,143.6,,STATS,Normal
1790946543.774,svchost.exe,services.exe,0.0,15.4,,STATS,Normal
1790946543.774,msedgewebview2.exe,msedgewebview2.exe,0.0,19.2,,STATS,Normal
1790946543.774,csrss.exe,,0.0,8.6,,STATS,Normal
1790946543.774,svchost.exe,services.exe,0.0,28.3,,STATS,Normal
1790946543.774,Code.exe,Code.exe,0.0,166.2,,STATS,Normal
1790946543.774,dwm.exe,winlogon.exe,0.1,158.4,,STATS,Normal
1790946543.774,NgcIso.exe,svchost.exe,0.0,4.1,,STATS,Normal
1790946543.774,winlogon.exe,,0.0,23.7,,STATS,Normal
1790946543.774,brave.exe,explorer.exe,0.49,315.6,,STATS,Normal
1790946543.774,fontdrvhost.exe,winlogon.exe,0.0,8.9,,STATS,Normal
1790946543.774,IGCC.exe,svchost.exe,0.0,14.8,,STATS,Normal
1790946543.774,brave.exe,brave.exe,0.1,291.8,,STATS,Normal
1790946543.774,brave.exe,brave.exe,0.0,193.4,,STATS,Normal
1790946543.774,svchost.exe,services.exe,0.0,10.9,,STATS,Normal
1790946543.774,brave.exe,brave.exe,0.0,9.2,,STATS,Normal
1790946543.774,brave.exe,brave.exe,0.0,109.5,,STATS,Normal
1790946543.774,NVIDIA Overlay.exe,NVIDIA Overlay.exe,0.0,70.5,,STATS,Normal
1790946543.774,WmiPrvSE.exe,svchost.exe,0.0,17.4,,STATS,Normal
1790946543.774,nvcontainer.exe,nvcontainer.exe,0.0,33.2,,STATS,Normal
1790946543.774,unsecapp.exe,svchost.exe,0.0,10.1,,STATS,Normal
1790946543.774,svchost.exe,services.exe,0.0,9.6,,STATS,Normal
1790946543.774,NVIDIA Overlay.exe,nvcontainer.exe,0.0,149.1,,STATS,Normal
1790946543.774,AsusOptimizationStartupTask.exe,AsusOptimization.exe,0.0,19.6,,STATS,Normal
1790946543.774,SecurityHealthSystray.exe,explorer.exe,0.0,13.1,,STATS,Normal
1790946543.774,svchost.exe,services.exe,0.0,27.8,,STATS,Normal
1790946543.774,brave.exe,brave.exe,0.49,166.5,,STATS,Normal
1790946543.774,msedge.exe,msedge.exe,0.0,41.4,,STATS,Normal
1790946543.774,svchost.exe,services.exe,0.0,10.3,,STATS,Normal
1790946543.774,sihost.exe,svchost.exe,0.0,48.4,,STATS,Normal
1790946543.774,AppVShNotify.exe,OfficeClickToRun.exe,0.0,9.8,,STATS,Normal
1790946543.774,brave.exe,brave.exe,0.0,123.5,,STATS,Normal
1790946543.774,msedgewebview2.exe,SearchHost.exe,0.0,117.9,,STATS,Normal
1790946543.774,AsusOSD.exe,,0.0,16.7,,STATS,Normal
1790946543.774,ApplicationFrameHost.exe,svchost.exe,0.0,49.7,,STATS,Normal
1790946543.774,Code.exe,Code.exe,0.0,147.5,,STATS,Normal
1790946543.774,brave.exe,brave.exe,0.0,120.1,,STATS,Normal
1790946543.774,NVIDIA Overlay.exe,NVIDIA Overlay.exe,0.0,22.3,,STATS,Normal
1790946543.774,svchost.exe,services.exe,0.0,22.1,,STATS,Normal
1790946543.774,msedge.exe,,0.0,144.1,,STATS,Normal
1790946543.774,nvcontainer.exe,nvcontainer.exe,0.0,39.9,,STATS,Normal
1790946543.774,svchost.exe,services.exe,0.0,29.9,,STATS,Normal
1790946543.774,NisSrv.exe,services.exe,0.0,14.3,,STATS,Normal
1790946543.774,NVDisplay.Container.exe,NVDisplay.Container.exe,0.0,44.8,,STATS,Normal
1790946543.774,ctfmon.exe,svchost.exe,0.0,31.4,,STATS,Normal
1790946543.774,taskhostw.exe,svchost.exe,0.0,21.4,,STATS,Normal
1790946543.774,explorer.exe,,0.0,339.8,,STATS,Normal
1790946543.774,StartMenuExperienceHost.exe,svchost.exe,0.0,150.9,,STATS,Normal
1790946543.774,RuntimeBroker.exe,svchost.exe,0.0,81.5,,STATS,Normal
1790946543.774,brave.exe,brave.exe,0.0,413.0,,STATS,Normal
1790946543.774,msedge.exe,msedge.exe,0.0,49.9,,STATS,Normal
1790946543.774,svchost.exe,services.exe,0.0,12.6,,STATS,Normal
1790946543.774,svchost.exe,services.exe,0.0,24.3,,STATS,Normal
1790946543.774,svchost.exe,services.exe,0.0,42.6,,STATS,Normal
1790946543.774,SpotifyXboxGamebarWebView.exe,svchost.exe,0.0,69.8,,STATS,Normal
1790946543.774,SearchIndexer.exe,services.exe,0.0,45.3,,STATS,Normal
1790946543.774,Code.exe,explorer.exe,0.0,168.6,,STATS,Normal
1790946543.774,svchost.exe,services.exe,0.0,43.9,,STATS,Normal
1790946543.774,svchost.exe,services.exe,0.0,11.2,,STATS,Normal
1790946543.774,CrossDeviceResume.exe,sihost.exe,0.0,52.4,,STATS,Normal
1790946543.774,brave.exe,brave.exe,0.0,295.4,,STATS,Normal
1790946543.774,dllhost.exe,svchost.exe,0.0,20.5,,STATS,Normal
1790946543.774,Code.exe,Code.exe,0.0,286.8,,STATS,Normal
1790946543.774,brave.exe,brave.exe,0.0,26.5,,STATS,Normal
1790946543.774,WidgetService.exe,svchost.exe,0.0,25.0,,STATS,Normal
1790946543.774,nvcontainer.exe,nvcontainer.exe,0.0,93.5,,STATS,Normal
1790946543.774,svchost.exe,services.exe,0.0,29.3,,STATS,Normal
1790946543.774,DefenderSessionHelper.exe,MsMpEng.exe,0.0,6.4,,STATS,Normal
1790946543.774,svchost.exe,services.exe,0.0,70.8,,STATS,Normal
1790946543.774,UserOOBEBroker.exe,svchost.exe,0.0,11.1,,STATS,Normal
1790946543.774,nvsphelper64.exe,nvcontainer.exe,0.0,16.0,,STATS,Normal
1790946543.774,powershell.exe,explorer.exe,0.0,79.2,,STATS,Normal
1790946543.774,svchost.exe,services.exe,0.0,32.5,,STATS,Normal
1790946543.774,WidgetBoard.exe,svchost.exe,0.0,29.1,,STATS,Normal
1790946543.774,brave.exe,brave.exe,0.0,50.5,,STATS,Normal
1790946543.774,SecurityHealthService.exe,services.exe,0.0,23.0,,STATS,Normal
1790946543.774,svchost.exe,services.exe,0.0,14.8,,STATS,Normal
1790946543.774,dllhost.exe,svchost.exe,0.0,12.6,,STATS,Normal
1790946543.774,svchost.exe,services.exe,0.0,18.6,,STATS,Normal
1790946543.774,ArmouryCrateKeyControl.exe,ArmouryCrateControlInterface.exe,0.0,46.3,,STATS,Normal
1790946543.774,conhost.exe,powershell.exe,0.0,23.5,,STATS,Normal
1790946543.774,Code.exe,Code.exe,0.0,118.8,,STATS,Normal
1790946543.774,pet.exe,Code.exe,0.0,9.1,,STATS,Normal
1790946543.774,svchost.exe,services.exe,0.0,10.2,,STATS,Normal
1790946543.774,SDXHelper.exe,svchost.exe,0.0,32.0,,STATS,Normal
1790946543.774,NVIDIA Overlay.exe,NVIDIA Overlay.exe,0.0,37.0,,STATS,Normal
1790946543.774,svchost.exe,services.exe,0.0,16.0,,STATS,Normal
1790946543.774,OfficeClickToRun.exe,services.exe,0.0,58.8,,STATS,Normal
1790946543.774,conhost.exe,pet.exe,0.0,6.8,,STATS,Normal
1790946543.774,RuntimeBroker.exe,svchost.exe,0.0,19.2,,STATS,Normal
1790946543.774,TextInputHost.exe,svchost.exe,0.0,128.2,,STATS,Normal
1790946543.774,svchost.exe,services.exe,0.0,7.6,,STATS,Normal
1790946543.774,msedge.exe,msedge.exe,0.0,12.7,,STATS,Normal
1790946543.774,AsusSoftwareManagerAgent.exe,AsusSoftwareManager.exe,0.0,44.3,,STATS,Normal
1790946543.774,wlanext.exe,svchost.exe,0.0,11.2,,STATS,Normal
1790946543.774,copilot-runtime.exe,Code.exe,0.1,19.2,,STATS,Normal
1790946543.774,AppActions.exe,svchost.exe,0.0,39.7,,STATS,Normal
1790946543.774,brave.exe,brave.exe,0.0,67.0,,STATS,Normal
1790946543.774,SearchHost.exe,svchost.exe,0.0,144.3,,STATS,Normal
1790946543.774,svchost.exe,services.exe,0.0,24.8,,STATS,Normal
1790946543.774,brave.exe,brave.exe,0.0,234.0,,STATS,Normal
1790946543.774,msedgewebview2.exe,msedgewebview2.exe,0.0,134.2,,STATS,Normal
1790946543.774,OpenConsole.exe,Code.exe,0.0,11.4,,STATS,Normal
1790946543.774,brave.exe,brave.exe,0.0,80.6,,STATS,Normal
1790946543.774,svchost.exe,services.exe,0.0,7.6,,STATS,Normal
1790946543.774,RuntimeBroker.exe,svchost.exe,0.0,29.7,,STATS,Normal
1790946543.774,Intel_PIE_Service.exe,services.exe,0.0,11.8,,STATS,Normal
1790946543.774,Code.exe,Code.exe,0.0,106.7,,STATS,Normal
1790946543.774,Code.exe,Code.exe,0.0,33.5,,STATS,Normal
1790946543.774,brave.exe,brave.exe,0.0,226.3,,STATS,Normal
1790946543.774,dllhost.exe,svchost.exe,0.0,11.4,,STATS,Normal
1790946543.774,msedgewebview2.exe,msedgewebview2.exe,0.0,87.6,,STATS,Normal
1790946543.774,msedgewebview2.exe,msedgewebview2.exe,0.0,41.5,,STATS,Normal
1790946543.774,Code.exe,Code.exe,0.0,340.2,,STATS,Normal
1790946543.774,conhost.exe,copilot-runtime.exe,0.0,7.0,,STATS,Normal
1790946543.774,brave.exe,brave.exe,0.0,23.3,,STATS,Normal
1790946543.774,brave.exe,brave.exe,0.0,73.8,,STATS,Normal
1790946543.774,brave.exe,brave.exe,0.0,78.3,,STATS,Normal
1790946543.774,Code.exe,Code.exe,0.0,582.9,,STATS,Normal
1790946543.774,svchost.exe,services.exe,0.0,8.5,,STATS,Normal
1790946543.774,conhost.exe,powershell.exe,0.0,21.8,,STATS,Normal
1790946543.774,powershell.exe,explorer.exe,0.0,78.4,,STATS,Normal
1790946543.774,python.exe,powershell.exe,0.0,23.8,,STATS,Normal
1790946543.774,ShellHost.exe,sihost.exe,0.0,55.2,,STATS,Normal
1790946543.774,brave.exe,brave.exe,0.0,32.8,,STATS,Normal
1790946543.774,svchost.exe,services.exe,0.0,9.6,,STATS,Normal
1790946543.774,brave.exe,brave.exe,0.0,59.0,,STATS,Normal
1790946563.781,powershell.exe,python.exe,,70.8,,START,Normal
1790946565.772,powershell.exe,python.exe,,,,EXIT,Normal
1790946573.777,System Idle Process,,92.58,0.0,,STATS,Normal
1790946573.777,System,System Idle Process,0.49,9.3,,STATS,Normal
1790946573.777,,,0.0,0.1,,STATS,Normal
1790946573.777,Registry,,0.0,48.2,,STATS,Normal
1790946573.777,Code.exe,Code.exe,0.0,159.5,,STATS,Normal
1790946573.777,smss.exe,System,0.0,1.4,,STATS,Normal
1790946573.777,csrss.exe,,0.0,6.8,,STATS,Normal
1790946573.777,svchost.exe,services.exe,0.0,12.7,,STATS,Normal
1790946573.777,wininit.exe,,0.0,9.4,,STATS,Normal
1790946573.777,services.exe,wininit.exe,0.0,10.6,,STATS,Normal
1790946573.777,svchost.exe,services.exe,0.0,12.2,,STATS,Normal
1790946573.777,LsaIso.exe,wininit.exe,0.0,3.9,,STATS,Normal
1790946573.777,lsass.exe,wininit.exe,0.0,32.4,,STATS,Normal
1790946573.777,IntelCpHDCPSvc.exe,services.exe,0.0,9.2,,STATS,Normal
1790946573.777,svchost.exe,services.exe,0.0,7.6,,STATS,Normal
1790946573.777,svchost.exe,services.exe,0.0,44.3,,STATS,Normal
1790946573.777,fontdrvhost.exe,wininit.exe,0.0,4.3,,STATS,Normal
1790946573.777,WUDFHost.exe,services.exe,0.0,21.7,,STATS,Normal
1790946573.777,svchost.exe,services.exe,0.0,19.9,,STATS,Normal
1790946573.777,svchost.exe,services.exe,0.0,12.7,,STATS,Normal
1790946573.777,svchost.exe,services.exe,0.0,6.8,,STATS,Normal
1790946573.777,svchost.exe,services.exe,0.0,12.2,,STATS,Normal
1790946573.777,svchost.exe,services.exe,0.0,22.1,,STATS,Normal
1790946573.777,svchost.exe,services.exe,0.0,17.1,,STATS,Normal
1790946573.777,igfxEM.exe,igfxCUIService.exe,0.0,17.2,,STATS,Normal
1790946573.777,svchost.exe,services.exe,0.0,16.7,,STATS,Normal
1790946573.777,svchost.exe,services.exe,0.0,13.5,,STATS,Normal
1790946573.777,svchost.exe,services.exe,0.0,14.9,,STATS,Normal
1790946573.777,svchost.exe,services.exe,0.0,30.6,,STATS,Normal
1790946573.777,svchost.exe,services.exe,0.0,12.4,,STATS,Normal
1790946573.777,svchost.exe,services.exe,0.0,13.9,,STATS,Normal
1790946573.777,IntelCpHeciSvc.exe,services.exe,0.0,9.3,,STATS,Normal
1790946573.777,svchost.exe,services.exe,0.0,23.7,,STATS,Normal
1790946573.777,brave.exe,brave.exe,0.29,361.6,,STATS,Normal
1790946573.777,svchost.exe,services.exe,0.0,8.0,,STATS,Normal
1790946573.777,svchost.exe,services.exe,0.0,22.3,,STATS,Normal
1790946573.777,svchost.exe,services.exe,0.0,10.2,,STATS,Normal
1790946573.777,NVDisplay.Container.exe,services.exe,0.0,36.8,,STATS,Normal
1790946573.777,NVIDIA Overlay.exe,NVIDIA Overlay.exe,0.0,94.1,,STATS,Normal
1790946573.777,svchost.exe,services.exe,0.49,12.2,,STATS,Normal
1790946573.777,PresentationFontCache.exe,services.exe,0.0,19.6,,STATS,Normal
1790946573.777,dllhost.exe,svchost.exe,0.0,21.4,,STATS,Normal
1790946573.777,svchost.exe,services.exe,0.97,19.2,,STATS,Normal
1790946573.777,svchost.exe,services.exe,0.0,28.3,,STATS,Normal
1790946573.777,svchost.exe,services.exe,0.0,10.1,,STATS,Normal
1790946573.777,svchost.exe,services.exe,0.0,7.3,,STATS,Normal
1790946573.777,svchost.exe,services.exe,0.0,18.5,,STATS,Normal
1790946573.777,MemCompression,System,0.0,366.6,,STATS,Normal
1790946573.777,svchost.exe,services.exe,0.0,11.6,,STATS,Normal
1790946573.777,svchost.exe,services.exe,0.0,19.6,,STATS,Normal
1790946573.777,igfxCUIService.exe,services.exe,0.0,12.0,,STATS,Normal
1790946573.777,svchost.exe,services.exe,0.0,9.0,,STATS,Normal
1790946573.777,svchost.exe,services.exe,0.0,12.4,,STATS,Normal
1790946573.777,svchost.exe,services.exe,0.0,9.4,,STATS,Normal
1790946573.777,svchost.exe,services.exe,0.0,24.8,,STATS,Normal
1790946573.777,MicrosoftStartFeedProvider.exe,svchost.exe,0.0,42.8,,STATS,Normal
1790946573.777,SystemSettings.exe,svchost.exe,0.0,3.6,,STATS,Normal
1790946573.777,svchost.exe,services.exe,0.0,21.3,,STATS,Normal
1790946573.777,svchost.exe,services.exe,0.0,11.2,,STATS,Normal
1790946573.777,svchost.exe,services.exe,0.0,14.7,,STATS,Normal
1790946573.777,Code.exe,Code.exe,0.1,52.6,,STATS,Normal
1790946573.777,svchost.exe,services.exe,0.0,10.6,,STATS,Normal
1790946573.777,svchost.exe,services.exe,0.0,24.5,,STATS,Normal
1790946573.777,svchost.exe,services.exe,0.0,12.5,,STATS,Normal
1790946573.777,msedge.exe,msedge.exe,0.0,19.2,,STATS,Normal
1790946573.777,svchost.exe,services.exe,0.0,21.7,,STATS,Normal
1790946573.777,svchost.exe,services.exe,0.0,10.8,,STATS,Normal
1790946573.777,svchost.exe,services.exe,0.0,13.3,,STATS,Normal
1790946573.777,svchost.exe,services.exe,0.0,30.8,,STATS,Normal
1790946573.777,powershell.exe,Code.exe,0.0,96.8,,STATS,Normal
1790946573.777,brave.exe,brave.exe,0.0,54.3,,STATS,Normal
1790946573.777,svchost.exe,services.exe,0.0,9.0,,STATS,Normal
1790946573.777,svchost.exe,services.exe,0.0,29.4,,STATS,Normal
1790946573.777,svchost.exe,services.exe,0.0,11.3,,STATS,Normal
1790946573.777,AsusOptimization.exe,services.exe,0.0,9.9,,STATS,Normal
1790946573.777,svchost.exe,services.exe,0.0,20.5,,STATS,Normal
1790946573.777,svchost.exe,services.exe,0.0,12.9,,STATS,Normal
1790946573.777,spoolsv.exe,services.exe,0.0,26.7,,STATS,Normal
1790946573.777,svchost.exe,services.exe,0.0,10.0,,STATS,Normal
1790946573.777,backgroundTaskHost.exe,svchost.exe,0.0,64.2,,STATS,Normal
1790946573.777,ArmouryCrateControlInterface.exe,services.exe,0.0,11.7,,STATS,Normal
1790946573.777,AsusSoftwareManager.exe,services.exe,0.0,20.6,,STATS,Normal
1790946573.777,AsusSwitch.exe,services.exe,0.0,9.5,,STATS,Normal
1790946573.777,AsusSystemAnalysis.exe,services.exe,0.0,17.2,,STATS,Normal
1790946573.777,svchost.exe,services.exe,0.0,40.8,,STATS,Normal
1790946573.777,AsusAppService.exe,services.exe,0.0,25.2,,STATS,Normal
1790946573.777,AsusSystemDiagnosis.exe,services.exe,0.0,12.2,,STATS,Normal
1790946573.777,DtsApo4Service.exe,services.exe,0.0,20.4,,STATS,Normal
1790946573.777,svchost.exe,services.exe,0.0,16.7,,STATS,Normal
1790946573.777,cmw_srv.exe,services.exe,0.1,90.0,,STATS,Normal
1790946573.777,esif_uf.exe,services.exe,0.0,7.3,,STATS,Normal
1790946573.777,OneApp.IGCC.WinService.exe,services.exe,0.0,48.3,,STATS,Normal
1790946573.777,svchost.exe,services.exe,0.0,28.8,,STATS,Normal
1790946573.777,svchost.exe,services.exe,0.0,15.2,,STATS,Normal
1790946573.777,MpDefenderCoreService.exe,services.exe,0.0,24.1,,STATS,Normal
1790946573.777,nvcontainer.exe,services.exe,0.0,40.4,,STATS,Normal
1790946573.777,svchost.exe,services.exe,0.0,12.7,,STATS,Normal
1790946573.777,RstMwService.exe,services.exe,0.0,8.4,,STATS,Normal
1790946573.777,svchost.exe,services.exe,0.0,7.1,,STATS,Normal
1790946573.777,svchost.exe,services.exe,0.0,21.4,,STATS,Normal
1790946573.777,MsMpEng.exe,services.exe,0.29,331.3,,STATS,Normal
1790946573.777,WMIRegistrationService.exe,services.exe,0.0,13.1,,STATS,Normal
1790946573.777,RtkAudUService64.exe,services.exe,0.0,15.0,,STATS,Normal
1790946573.777,svchost.exe,services.exe,0.0,16.1,,STATS,Normal
1790946573.777,brave.exe,brave.exe,0.0,71.6,,STATS,Normal
1790946573.777,msedgewebview2.exe,msedgewebview2.exe,0.0,12.5,,STATS,Normal
1790946573.777,svchost.exe,services.exe,0.0,14.1,,STATS,Normal
1790946573.777,jhi_service.exe,services.exe,0.0,7.9,,STATS,Normal
1790946573.777,brave.exe,brave.exe,0.0,127.9,,STATS,Normal
1790946573.777,svchost.exe,services.exe,0.0,15.4,,STATS,Normal
1790946573.777,msedgewebview2.exe,msedgewebview2.exe,0.0,18.7,,STATS,Normal
1790946573.777,csrss.exe,,0.0,8.6,,STATS,Normal
1790946573.777,svchost.exe,services.exe,0.0,28.2,,STATS,Normal
1790946573.777,Code.exe,Code.exe,0.0,166.2,,STATS,Normal
1790946573.777,dwm.exe,winlogon.exe,0.0,149.9,,STATS,Normal
1790946573.777,NgcIso.exe,svchost.exe,0.0,4.1,,STATS,Normal
1790946573.777,winlogon.exe,,0.0,23.6,,STATS,Normal
1790946573.777,brave.exe,explorer.exe,0.2,290.6,,STATS,Normal
1790946573.777,fontdrvhost.exe,winlogon.exe,0.0,8.8,,STATS,Normal
1790946573.777,IGCC.exe,svchost.exe,0.0,14.8,,STATS,Normal
1790946573.777,brave.exe,brave.exe,0.78,250.5,,STATS,Normal
1790946573.777,brave.exe,brave.exe,0.0,188.7,,STATS,Normal
1790946573.777,svchost.exe,services.exe,0.0,10.9,,STATS,Normal
1790946573.777,brave.exe,brave.exe,0.0,8.9,,STATS,Normal
1790946573.777,brave.exe,brave.exe,0.0,104.2,,STATS,Normal
1790946573.777,NVIDIA Overlay.exe,NVIDIA Overlay.exe,0.0,70.5,,STATS,Normal
1790946573.777,WmiPrvSE.exe,svchost.exe,0.0,17.4,,STATS,Normal
1790946573.777,nvcontainer.exe,nvcontainer.exe,0.0,33.2,,STATS,Normal
1790946573.777,unsecapp.exe,svchost.exe,0.0,10.1,,STATS,Normal
1790946573.777,svchost.exe,services.exe,0.0,9.6,,STATS,Normal
1790946573.777,NVIDIA Overlay.exe,nvcontainer.exe,0.1,148.9,,STATS,Normal
1790946573.777,AsusOptimizationStartupTask.exe,AsusOptimization.exe,0.0,19.6,,STATS,Normal
1790946573.777,SecurityHealthSystray.exe,explorer.exe,0.0,13.1,,STATS,Normal
1790946573.777,svchost.exe,services.exe,0.29,27.8,,STATS,Normal
1790946573.777,brave.exe,brave.exe,0.69,142.1,,STATS,Normal
1790946573.777,msedge.exe,msedge.exe,0.2,41.5,,STATS,Normal
1790946573.777,svchost.exe,services.exe,0.0,10.3,,STATS,Normal
1790946573.777,sihost.exe,svchost.exe,0.0,48.3,,STATS,Normal
1790946573.777,AppVShNotify.exe,OfficeClickToRun.exe,0.0,9.8,,STATS,Normal
1790946573.777,brave.exe,brave.exe,0.0,118.1,,STATS,Normal
1790946573.777,msedgewebview2.exe,SearchHost.exe,0.0,114.9,,STATS,Normal
1790946573.777,AsusOSD.exe,,0.0,16.6,,STATS,Normal
1790946573.777,ApplicationFrameHost.exe,svchost.exe,0.0,49.6,,STATS,Normal
1790946573.777,Code.exe,Code.exe,0.1,147.5,,STATS,Normal
1790946573.777,brave.exe,brave.exe,0.0,91.0,,STATS,Normal
1790946573.777,NVIDIA Overlay.exe,NVIDIA Overlay.exe,0.0,22.3,,STATS,Normal
1790946573.777,svchost.exe,services.exe,0.0,22.1,,STATS,Normal
1790946573.777,msedge.exe,,0.0,144.1,,STATS,Normal
1790946573.777,nvcontainer.exe,nvcontainer.exe,0.0,39.6,,STATS,Normal
1790946573.777,svchost.exe,services.exe,0.0,28.4,,STATS,Normal
1790946573.777,NisSrv.exe,services.exe,0.0,14.2,,STATS,Normal
1790946573.777,NVDisplay.Container.exe,NVDisplay.Container.exe,0.0,44.7,,STATS,Normal
1790946573.777,ctfmon.exe,svchost.exe,0.0,31.4,,STATS,Normal
1790946573.777,taskhostw.exe,svchost.exe,0.0,21.3,,STATS,Normal
1790946573.777,explorer.exe,,0.0,338.0,,STATS,Normal
1790946573.777,StartMenuExperienceHost.exe,svchost.exe,0.0,150.2,,STATS,Normal
1790946573.777,RuntimeBroker.exe,svchost.exe,0.0,81.2,,STATS,Normal
1790946573.777,brave.exe,brave.exe,0.0,388.8,,STATS,Normal
1790946573.777,msedge.exe,msedge.exe,0.0,49.9,,STATS,Normal
1790946573.777,svchost.exe,services.exe,0.0,12.6,,STATS,Normal
1790946573.777,svchost.exe,services.exe,0.0,24.3,,STATS,Normal
1790946573.777,svchost.exe,services.exe,0.0,42.6,,STATS,Normal
1790946573.777,SpotifyXboxGamebarWebView.exe,svchost.exe,0.0,69.8,,STATS,Normal
1790946573.777,SearchIndexer.exe,services.exe,0.0,45.2,,STATS,Normal
1790946573.777,Code.exe,explorer.exe,0.0,168.9,,STATS,Normal
1790946573.777,svchost.exe,services.exe,0.0,43.9,,STATS,Normal
1790946573.777,svchost.exe,services.exe,0.0,11.2,,STATS,Normal
1790946573.777,CrossDeviceResume.exe,sihost.exe,0.0,52.4,,STATS,Normal
1790946573.777,brave.exe,brave.exe,0.0,295.4,,STATS,Normal
1790946573.777,dllhost.exe,svchost.exe,0.0,20.5,,STATS,Normal
1790946573.777,Code.exe,Code.exe,0.0,283.2,,STATS,Normal
1790946573.777,brave.exe,brave.exe,0.0,25.5,,STATS,Normal
1790946573.777,WidgetService.exe,svchost.exe,0.0,25.0,,STATS,Normal
1790946573.777,nvcontainer.exe,nvcontainer.exe,0.49,91.6,,STATS,Normal
1790946573.777,svchost.exe,services.exe,0.0,29.2,,STATS,Normal
1790946573.777,DefenderSessionHelper.exe,MsMpEng.exe,0.0,6.4,,STATS,Normal
1790946573.777,svchost.exe,services.exe,0.0,70.7,,STATS,Normal
1790946573.777,UserOOBEBroker.exe,svchost.exe,0.0,11.1,,STATS,Normal
1790946573.777,nvsphelper64.exe,nvcontainer.exe,0.1,16.0,,STATS,Normal
1790946573.777,powershell.exe,explorer.exe,0.0,79.2,,STATS,Normal
1790946573.777,svchost.exe,services.exe,0.1,32.5,,STATS,Normal
1790946573.777,WidgetBoard.exe,svchost.exe,0.0,29.1,,STATS,Normal
1790946573.777,brave.exe,brave.exe,0.0,47.2,,STATS,Normal
1790946573.777,SecurityHealthService.exe,services.exe,0.0,23.0,,STATS,Normal
1790946573.777,svchost.exe,services.exe,0.0,14.8,,STATS,Normal
1790946573.777,dllhost.exe,svchost.exe,0.0,12.6,,STATS,Normal
1790946573.777,svchost.exe,services.exe,0.0,18.6,,STATS,Normal
1790946573.777,ArmouryCrateKeyControl.exe,ArmouryCrateControlInterface.exe,0.0,46.2,,STATS,Normal
1790946573.777,conhost.exe,powershell.exe,0.0,23.5,,STATS,Normal
1790946573.777,Code.exe,Code.exe,0.1,118.8,,STATS,Normal
1790946573.777,pet.exe,Code.exe,0.0,9.1,,STATS,Normal
1790946573.777,svchost.exe,services.exe,0.0,10.2,,STATS,Normal
1790946573.777,SDXHelper.exe,svchost.exe,0.0,32.0,,STATS,Normal
1790946573.777,NVIDIA Overlay.exe,NVIDIA Overlay.exe,0.0,37.0,,STATS,Normal
1790946573.777,svchost.exe,services.exe,0.0,16.0,,STATS,Normal
1790946573.777,OfficeClickToRun.exe,services.exe,0.0,58.7,,STATS,Normal
1790946573.777,conhost.exe,pet.exe,0.0,6.8,,STATS,Normal
1790946573.777,RuntimeBroker.exe,svchost.exe,0.1,19.2,,STATS,Normal
1790946573.777,TextInputHost.exe,svchost.exe,0.1,128.1,,STATS,Normal
1790946573.777,svchost.exe,services.exe,0.0,7.6,,STATS,Normal
1790946573.777,msedge.exe,msedge.exe,0.0,12.7,,STATS,Normal
1790946573.777,AsusSoftwareManagerAgent.exe,AsusSoftwareManager.exe,0.0,44.3,,STATS,Normal
1790946573.777,wlanext.exe,svchost.exe,0.0,11.2,,STATS,Normal
1790946573.777,copilot-runtime.exe,Code.exe,0.0,19.2,,STATS,Normal
1790946573.777,AppActions.exe,svchost.exe,0.0,39.7,,STATS,Normal
1790946573.777,brave.exe,brave.exe,0.0,67.0,,STATS,Normal
1790946573.777,SearchHost.exe,svchost.exe,0.0,139.8,,STATS,Normal
1790946573.777,svchost.exe,services.exe,0.0,24.8,,STATS,Normal
1790946573.777,brave.exe,brave.exe,0.0,177.4,,STATS,Normal
1790946573.777,msedgewebview2.exe,msedgewebview2.exe,0.0,124.9,,STATS,Normal
1790946573.777,OpenConsole.exe,Code.exe,0.0,11.4,,STATS,Normal
1790946573.777,brave.exe,brave.exe,0.0,75.5,,STATS,Normal
1790946573.777,svchost.exe,services.exe,0.0,7.6,,STATS,Normal
1790946573.777,RuntimeBroker.exe,svchost.exe,0.0,29.5,,STATS,Normal
1790946573.777,Intel_PIE_Service.exe,services.exe,0.0,11.8,,STATS,Normal
1790946573.777,Code.exe,Code.exe,0.1,106.8,,STATS,Normal
1790946573.777,Code.exe,Code.exe,0.0,33.5,,STATS,Normal
1790946573.777,brave.exe,brave.exe,0.0,224.6,,STATS,Normal
1790946573.777,dllhost.exe,svchost.exe,0.0,11.2,,STATS,Normal
1790946573.777,msedgewebview2.exe,msedgewebview2.exe,0.0,83.1,,STATS,Normal
1790946573.777,msedgewebview2.exe,msedgewebview2.exe,0.0,40.5,,STATS,Normal
1790946573.777,Code.exe,Code.exe,0.1,340.2,,STATS,Normal
1790946573.777,conhost.exe,copilot-runtime.exe,0.0,7.0,,STATS,Normal
1790946573.777,brave.exe,brave.exe,0.0,22.5,,STATS,Normal
1790946573.777,brave.exe,brave.exe,0.0,73.9,,STATS,Normal
1790946573.777,brave.exe,brave.exe,0.0,78.3,,STATS,Normal
1790946573.777,Code.exe,Code.exe,0.0,582.9,,STATS,Normal
1790946573.777,svchost.exe,services.exe,0.0,8.5,,STATS,Normal
1790946573.777,conhost.exe,powershell.exe,0.0,21.8,,STATS,Normal
1790946573.777,powershell.exe,explorer.exe,0.0,78.4,,STATS,Normal
1790946573.777,python.exe,powershell.exe,0.0,23.8,,STATS,Normal
1790946573.777,ShellHost.exe,sihost.exe,0.0,55.2,,STATS,Normal
1790946573.777,brave.exe,brave.exe,0.0,32.8,,STATS,Normal
1790946573.777,svchost.exe,services.exe,0.0,9.6,,STATS,Normal
1790946573.777,brave.exe,brave.exe,0.0,59.0,,STATS,Normal
1790946593.781,powershell.exe,python.exe,,71.8,,START,Normal
1790946595.773,powershell.exe,python.exe,,,,EXIT,Normal
1790946605.772,System Idle Process,,95.89,0.0,,STATS,Normal
1790946605.772,System,System Idle Process,0.2,9.3,,STATS,Normal
1790946605.772,,,0.0,0.1,,STATS,Normal
1790946605.772,Registry,,0.0,47.4,,STATS,Normal
1790946605.772,Code.exe,Code.exe,0.0,159.5,,STATS,Normal
1790946605.772,smss.exe,System,0.0,1.5,,STATS,Normal
1790946605.772,csrss.exe,,0.0,6.8,,STATS,Normal
1790946605.772,svchost.exe,services.exe,0.0,12.7,,STATS,Normal
1790946605.772,wininit.exe,,0.0,9.4,,STATS,Normal
1790946605.772,services.exe,wininit.exe,0.0,10.7,,STATS,Normal
1790946605.772,svchost.exe,services.exe,0.0,12.2,,STATS,Normal
1790946605.772,LsaIso.exe,wininit.exe,0.0,3.9,,STATS,Normal
1790946605.772,lsass.exe,wininit.exe,0.0,32.5,,STATS,Normal
1790946605.772,IntelCpHDCPSvc.exe,services.exe,0.0,9.2,,STATS,Normal
1790946605.772,svchost.exe,services.exe,0.0,7.6,,STATS,Normal
1790946605.772,svchost.exe,services.exe,0.0,44.3,,STATS,Normal
1790946605.772,fontdrvhost.exe,wininit.exe,0.0,4.3,,STATS,Normal
1790946605.772,WUDFHost.exe,services.exe,0.0,21.7,,STATS,Normal
1790946605.772,svchost.exe,services.exe,0.0,19.8,,STATS,Normal
1790946605.772,svchost.exe,services.exe,0.0,12.7,,STATS,Normal
1790946605.772,svchost.exe,services.exe,0.0,6.8,,STATS,Normal
1790946605.772,svchost.exe,services.exe,0.0,12.2,,STATS,Normal
1790946605.772,svchost.exe,services.exe,0.0,22.2,,STATS,Normal
1790946605.772,svchost.exe,services.exe,0.0,17.1,,STATS,Normal
1790946605.772,igfxEM.exe,igfxCUIService.exe,0.0,17.2,,STATS,Normal
1790946605.772,svchost.exe,services.exe,0.0,16.8,,STATS,Normal
1790946605.772,svchost.exe,services.exe,0.0,13.6,,STATS,Normal
1790946605.772,svchost.exe,services.exe,0.0,15.0,,STATS,Normal
1790946605.772,svchost.exe,services.exe,0.0,30.6,,STATS,Normal
1790946605.772,svchost.exe,services.exe,0.0,12.4,,STATS,Normal
1790946605.772,svchost.exe,services.exe,0.0,13.9,,STATS,Normal
1790946605.772,IntelCpHeciSvc.exe,services.exe,0.0,9.3,,STATS,Normal
1790946605.772,svchost.exe,services.exe,0.0,23.7,,STATS,Normal
1790946605.772,brave.exe,brave.exe,0.0,362.6,,STATS,Normal
1790946605.772,svchost.exe,services.exe,0.0,8.0,,STATS,Normal
1790946605.772,svchost.exe,services.exe,0.0,22.4,,STATS,Normal
1790946605.772,svchost.exe,services.exe,0.0,10.2,,STATS,Normal
1790946605.772,NVDisplay.Container.exe,services.exe,0.0,36.8,,STATS,Normal
1790946605.772,NVIDIA Overlay.exe,NVIDIA Overlay.exe,0.0,94.1,,STATS,Normal
1790946605.772,svchost.exe,services.exe,0.0,12.1,,STATS,Normal
1790946605.772,PresentationFontCache.exe,services.exe,0.0,19.6,,STATS,Normal
1790946605.772,dllhost.exe,svchost.exe,0.0,21.4,,STATS,Normal
1790946605.772,svchost.exe,services.exe,0.78,19.3,,STATS,Normal
1790946605.772,svchost.exe,services.exe,0.0,29.3,,STATS,Normal
1790946605.772,svchost.exe,services.exe,0.0,10.1,,STATS,Normal
1790946605.772,svchost.exe,services.exe,0.0,7.3,,STATS,Normal
1790946605.772,svchost.exe,services.exe,0.0,18.4,,STATS,Normal
1790946605.772,MemCompression,System,0.0,366.4,,STATS,Normal
1790946605.772,svchost.exe,services.exe,0.0,11.6,,STATS,Normal
1790946605.772,svchost.exe,services.exe,0.0,19.7,,STATS,Normal
1790946605.772,igfxCUIService.exe,services.exe,0.0,12.0,,STATS,Normal
1790946605.772,svchost.exe,services.exe,0.0,9.0,,STATS,Normal
1790946605.772,svchost.exe,services.exe,0.0,12.4,,STATS,Normal
1790946605.772,svchost.exe,services.exe,0.0,9.4,,STATS,Normal
1790946605.772,svchost.exe,services.exe,0.0,24.9,,STATS,Normal
1790946605.772,MicrosoftStartFeedProvider.exe,svchost.exe,0.0,42.8,,STATS,Normal
1790946605.772,SystemSettings.exe,svchost.exe,0.0,3.6,,STATS,Normal
1790946605.772,svchost.exe,services.exe,0.0,21.3,,STATS,Normal
1790946605.772,svchost.exe,services.exe,0.0,11.2,,STATS,Normal
1790946605.772,svchost.exe,services.exe,0.0,14.8,,STATS,Normal
1790946605.772,Code.exe,Code.exe,0.0,52.6,,STATS,Normal
1790946605.772,svchost.exe,services.exe,0.0,10.6,,STATS,Normal
1790946605.772,svchost.exe,services.exe,0.0,24.5,,STATS,Normal
1790946605.772,svchost.exe,services.exe,0.0,12.5,,STATS,Normal
1790946605.772,msedge.exe,msedge.exe,0.0,19.2,,STATS,Normal
1790946605.772,svchost.exe,services.exe,0.0,21.7,,STATS,Normal
1790946605.772,svchost.exe,services.exe,0.0,10.9,,STATS,Normal
1790946605.772,svchost.exe,services.exe,0.0,13.3,,STATS,Normal
1790946605.772,svchost.exe,services.exe,0.0,30.8,,STATS,Normal
1790946605.772,powershell.exe,Code.exe,0.0,96.8,,STATS,Normal
1790946605.772,brave.exe,brave.exe,0.0,54.3,,STATS,Normal
1790946605.772,svchost.exe,services.exe,0.0,9.0,,STATS,Normal
1790946605.772,svchost.exe,services.exe,0.0,29.4,,STATS,Normal
1790946605.772,svchost.exe,services.exe,0.0,11.3,,STATS,Normal
1790946605.772,AsusOptimization.exe,services.exe,0.0,10.1,,STATS,Normal
1790946605.772,svchost.exe,services.exe,0.0,20.5,,STATS,Normal
1790946605.772,svchost.exe,services.exe,0.0,12.9,,STATS,Normal
1790946605.772,spoolsv.exe,services.exe,0.0,26.7,,STATS,Normal
1790946605.772,svchost.exe,services.exe,0.0,10.0,,STATS,Normal
1790946605.772,backgroundTaskHost.exe,svchost.exe,0.0,64.2,,STATS,Normal
1790946605.772,ArmouryCrateControlInterface.exe,services.exe,0.0,11.7,,STATS,Normal
1790946605.772,AsusSoftwareManager.exe,services.exe,0.0,20.6,,STATS,Normal
1790946605.772,AsusSwitch.exe,services.exe,0.0,9.5,,STATS,Normal
1790946605.772,AsusSystemAnalysis.exe,services.exe,0.0,17.2,,STATS,Normal
1790946605.772,svchost.exe,services.exe,0.0,41.0,,STATS,Normal
1790946605.772,AsusAppService.exe,services.exe,0.0,25.2,,STATS,Normal
1790946605.772,AsusSystemDiagnosis.exe,services.exe,0.0,12.2,,STATS,Normal
1790946605.772,DtsApo4Service.exe,services.exe,0.0,20.4,,STATS,Normal
1790946605.772,svchost.exe,services.exe,0.0,16.7,,STATS,Normal
1790946605.772,cmw_srv.exe,services.exe,0.39,90.4,,STATS,Normal
1790946605.772,esif_uf.exe,services.exe,0.0,7.3,,STATS,Normal
1790946605.772,OneApp.IGCC.WinService.exe,services.exe,0.0,48.3,,STATS,Normal
1790946605.772,svchost.exe,services.exe,0.0,28.8,,STATS,Normal
1790946605.772,svchost.exe,services.exe,0.0,15.3,,STATS,Normal
1790946605.772,MpDefenderCoreService.exe,services.exe,0.0,24.3,,STATS,Normal
1790946605.772,nvcontainer.exe,services.exe,0.0,40.4,,STATS,Normal
1790946605.772,svchost.exe,services.exe,0.0,12.7,,STATS,Normal
1790946605.772,RstMwService.exe,services.exe,0.0,8.4,,STATS,Normal
1790946605.772,svchost.exe,services.exe,0.0,7.1,,STATS,Normal
1790946605.772,svchost.exe,services.exe,0.0,21.4,,STATS,Normal
1790946605.772,MsMpEng.exe,services.exe,0.2,337.0,,STATS,Normal
1790946605.772,WMIRegistrationService.exe,services.exe,0.0,13.1,,STATS,Normal
1790946605.772,RtkAudUService64.exe,services.exe,0.0,15.0,,STATS,Normal
1790946605.772,svchost.exe,services.exe,0.0,16.1,,STATS,Normal
1790946605.772,brave.exe,brave.exe,0.0,71.6,,STATS,Normal
1790946605.772,msedgewebview2.exe,msedgewebview2.exe,0.0,12.5,,STATS,Normal
1790946605.772,svchost.exe,services.exe,0.0,14.1,,STATS,Normal
1790946605.772,jhi_service.exe,services.exe,0.0,7.9,,STATS,Normal
1790946605.772,brave.exe,brave.exe,0.0,127.8,,STATS,Normal
1790946605.772,svchost.exe,services.exe,0.0,15.4,,STATS,Normal
1790946605.772,msedgewebview2.exe,msedgewebview2.exe,0.0,18.7,,STATS,Normal
1790946605.772,csrss.exe,,0.0,8.6,,STATS,Normal
1790946605.772,svchost.exe,services.exe,0.0,28.2,,STATS,Normal
1790946605.772,Code.exe,Code.exe,0.0,166.2,,STATS,Normal
1790946605.772,dwm.exe,winlogon.exe,0.0,149.9,,STATS,Normal
1790946605.772,NgcIso.exe,svchost.exe,0.0,4.0,,STATS,Normal
1790946605.772,winlogon.exe,,0.0,23.6,,STATS,Normal
1790946605.772,brave.exe,explorer.exe,0.2,290.6,,STATS,Normal
1790946605.772,fontdrvhost.exe,winlogon.exe,0.0,8.8,,STATS,Normal
1790946605.772,IGCC.exe,svchost.exe,0.0,14.8,,STATS,Normal
1790946605.772,brave.exe,brave.exe,0.78,247.4,,STATS,Normal
1790946605.772,brave.exe,brave.exe,0.0,188.7,,STATS,Normal
1790946605.772,svchost.exe,services.exe,0.0,10.9,,STATS,Normal
1790946605.772,brave.exe,brave.exe,0.0,8.9,,STATS,Normal
1790946605.772,brave.exe,brave.exe,0.0,104.2,,STATS,Normal
1790946605.772,NVIDIA Overlay.exe,NVIDIA Overlay.exe,0.0,70.5,,STATS,Normal
1790946605.772,WmiPrvSE.exe,svchost.exe,0.0,17.4,,STATS,Normal
1790946605.772,nvcontainer.exe,nvcontainer.exe,0.0,33.2,,STATS,Normal
1790946605.772,unsecapp.exe,svchost.exe,0.0,10.1,,STATS,Normal
1790946605.772,svchost.exe,services.exe,0.0,9.6,,STATS,Normal
1790946605.772,NVIDIA Overlay.exe,nvcontainer.exe,0.0,148.9,,STATS,Normal
1790946605.772,AsusOptimizationStartupTask.exe,AsusOptimization.exe,0.0,19.6,,STATS,Normal
1790946605.772,SecurityHealthSystray.exe,explorer.exe,0.0,13.1,,STATS,Normal
1790946605.772,svchost.exe,services.exe,0.0,27.7,,STATS,Normal
1790946605.772,brave.exe,brave.exe,0.1,144.9,,STATS,Normal
1790946605.772,msedge.exe,msedge.exe,0.0,41.4,,STATS,Normal
1790946605.772,svchost.exe,services.exe,0.0,10.3,,STATS,Normal
1790946605.772,sihost.exe,svchost.exe,0.0,48.3,,STATS,Normal
1790946605.772,AppVShNotify.exe,OfficeClickToRun.exe,0.0,9.8,,STATS,Normal
1790946605.772,brave.exe,brave.exe,0.0,118.1,,STATS,Normal
1790946605.772,msedgewebview2.exe,SearchHost.exe,0.0,114.7,,STATS,Normal
1790946605.772,AsusOSD.exe,,0.0,16.6,,STATS,Normal
1790946605.772,ApplicationFrameHost.exe,svchost.exe,0.0,49.6,,STATS,Normal
1790946605.772,Code.exe,Code.exe,0.0,147.5,,STATS,Normal
1790946605.772,brave.exe,brave.exe,0.2,91.3,,STATS,Normal
1790946605.772,NVIDIA Overlay.exe,NVIDIA Overlay.exe,0.0,22.3,,STATS,Normal
1790946605.772,svchost.exe,services.exe,0.0,22.1,,STATS,Normal
1790946605.772,msedge.exe,,0.0,143.8,,STATS,Normal
1790946605.772,nvcontainer.exe,nvcontainer.exe,0.0,39.6,,STATS,Normal
1790946605.772,svchost.exe,services.exe,0.0,29.0,,STATS,Normal
1790946605.772,NisSrv.exe,services.exe,0.0,14.3,,STATS,Normal
1790946605.772,NVDisplay.Container.exe,NVDisplay.Container.exe,0.0,44.7,,STATS,Normal
1790946605.772,ctfmon.exe,svchost.exe,0.0,31.4,,STATS,Normal
1790946605.772,taskhostw.exe,svchost.exe,0.0,21.3,,STATS,Normal
1790946605.772,explorer.exe,,0.0,339.0,,STATS,Normal
1790946605.772,StartMenuExperienceHost.exe,svchost.exe,0.0,150.2,,STATS,Normal
1790946605.772,RuntimeBroker.exe,svchost.exe,0.0,81.3,,STATS,Normal
1790946605.772,brave.exe,brave.exe,0.0,388.3,,STATS,Normal
1790946605.772,msedge.exe,msedge.exe,0.0,49.9,,STATS,Normal
1790946605.772,svchost.exe,services.exe,0.0,12.6,,STATS,Normal
1790946605.772,svchost.exe,services.exe,0.0,24.3,,STATS,Normal
1790946605.772,svchost.exe,services.exe,0.0,42.6,,STATS,Normal
1790946605.772,SpotifyXboxGamebarWebView.exe,svchost.exe,0.0,69.8,,STATS,Normal
1790946605.772,SearchIndexer.exe,services.exe,0.0,45.2,,STATS,Normal
1790946605.772,Code.exe,explorer.exe,0.0,169.4,,STATS,Normal
1790946605.772,svchost.exe,services.exe,0.0,43.9,,STATS,Normal
1790946605.772,svchost.exe,services.exe,0.0,11.2,,STATS,Normal
1790946605.772,CrossDeviceResume.exe,sihost.exe,0.0,52.4,,STATS,Normal
1790946605.772,brave.exe,brave.exe,0.0,295.4,,STATS,Normal
1790946605.772,dllhost.exe,svchost.exe,0.0,20.5,,STATS,Normal
1790946605.772,Code.exe,Code.exe,0.0,286.0,,STATS,Normal
1790946605.772,brave.exe,brave.exe,0.0,25.5,,STATS,Normal
1790946605.772,WidgetService.exe,svchost.exe,0.0,25.0,,STATS,Normal
1790946605.772,nvcontainer.exe,nvcontainer.exe,0.0,91.6,,STATS,Normal
1790946605.772,svchost.exe,services.exe,0.0,29.2,,STATS,Normal
1790946605.772,DefenderSessionHelper.exe,MsMpEng.exe,0.0,6.4,,STATS,Normal
1790946605.772,svchost.exe,services.exe,0.0,70.7,,STATS,Normal
1790946605.772,UserOOBEBroker.exe,svchost.exe,0.0,11.1,,STATS,Normal
1790946605.772,nvsphelper64.exe,nvcontainer.exe,0.0,16.0,,STATS,Normal
1790946605.772,powershell.exe,explorer.exe,0.0,79.2,,STATS,Normal
1790946605.772,svchost.exe,services.exe,0.0,32.5,,STATS,Normal
1790946605.772,WidgetBoard.exe,svchost.exe,0.0,29.1,,STATS,Normal
1790946605.772,brave.exe,brave.exe,0.0,47.2,,STATS,Normal
1790946605.772,SecurityHealthService.exe,services.exe,0.0,23.0,,STATS,Normal
1790946605.772,svchost.exe,services.exe,0.0,14.8,,STATS,Normal
1790946605.772,dllhost.exe,svchost.exe,0.0,12.6,,STATS,Normal
1790946605.772,svchost.exe,services.exe,0.0,18.6,,STATS,Normal
1790946605.772,ArmouryCrateKeyControl.exe,ArmouryCrateControlInterface.exe,0.0,46.2,,STATS,Normal
1790946605.772,conhost.exe,powershell.exe,0.0,23.5,,STATS,Normal
1790946605.772,Code.exe,Code.exe,0.0,118.9,,STATS,Normal
1790946605.772,pet.exe,Code.exe,0.0,9.1,,STATS,Normal
1790946605.772,svchost.exe,services.exe,0.0,10.2,,STATS,Normal
1790946605.772,SDXHelper.exe,svchost.exe,0.0,31.9,,STATS,Normal
1790946605.772,NVIDIA Overlay.exe,NVIDIA Overlay.exe,0.0,37.0,,STATS,Normal
1790946605.772,svchost.exe,services.exe,0.0,16.0,,STATS,Normal
1790946605.772,OfficeClickToRun.exe,services.exe,0.0,58.7,,STATS,Normal
1790946605.772,conhost.exe,pet.exe,0.0,6.8,,STATS,Normal
1790946605.772,RuntimeBroker.exe,svchost.exe,0.0,19.2,,STATS,Normal
1790946605.772,TextInputHost.exe,svchost.exe,0.0,128.1,,STATS,Normal
1790946605.772,svchost.exe,services.exe,0.0,7.6,,STATS,Normal
1790946605.772,msedge.exe,msedge.exe,0.0,12.7,,STATS,Normal
1790946605.772,AsusSoftwareManagerAgent.exe,AsusSoftwareManager.exe,0.0,44.3,,STATS,Normal
1790946605.772,wlanext.exe,svchost.exe,0.0,11.2,,STATS,Normal
1790946605.772,copilot-runtime.exe,Code.exe,0.0,19.2,,STATS,Normal
1790946605.772,AppActions.exe,svchost.exe,0.0,39.7,,STATS,Normal
1790946605.772,brave.exe,brave.exe,0.0,67.0,,STATS,Normal
1790946605.772,SearchHost.exe,svchost.exe,0.0,139.6,,STATS,Normal
1790946605.772,svchost.exe,services.exe,0.0,24.8,,STATS,Normal
1790946605.772,brave.exe,brave.exe,0.0,177.4,,STATS,Normal
1790946605.772,msedgewebview2.exe,msedgewebview2.exe,0.0,124.9,,STATS,Normal
1790946605.772,OpenConsole.exe,Code.exe,0.0,11.4,,STATS,Normal
1790946605.772,brave.exe,brave.exe,0.0,79.0,,STATS,Normal
1790946605.772,svchost.exe,services.exe,0.0,7.6,,STATS,Normal
1790946605.772,RuntimeBroker.exe,svchost.exe,0.0,29.5,,STATS,Normal
1790946605.772,Intel_PIE_Service.exe,services.exe,0.0,11.8,,STATS,Normal
1790946605.772,Code.exe,Code.exe,0.0,106.7,,STATS,Normal
1790946605.772,Code.exe,Code.exe,0.0,33.5,,STATS,Normal
1790946605.772,brave.exe,brave.exe,0.0,224.6,,STATS,Normal
1790946605.772,dllhost.exe,svchost.exe,0.0,11.2,,STATS,Normal
1790946605.772,msedgewebview2.exe,msedgewebview2.exe,0.0,83.1,,STATS,Normal
1790946605.772,msedgewebview2.exe,msedgewebview2.exe,0.0,40.4,,STATS,Normal
1790946605.772,Code.exe,Code.exe,0.0,340.2,,STATS,Normal
1790946605.772,conhost.exe,copilot-runtime.exe,0.0,7.0,,STATS,Normal
1790946605.772,brave.exe,brave.exe,0.0,22.5,,STATS,Normal
1790946605.772,brave.exe,brave.exe,0.0,74.1,,STATS,Normal
1790946605.772,brave.exe,brave.exe,0.0,78.3,,STATS,Normal
1790946605.772,Code.exe,Code.exe,0.0,582.9,,STATS,Normal
1790946605.772,svchost.exe,services.exe,0.0,8.6,,STATS,Normal
1790946605.772,conhost.exe,powershell.exe,0.0,21.8,,STATS,Normal
1790946605.772,powershell.exe,explorer.exe,0.0,78.4,,STATS,Normal
1790946605.772,python.exe,powershell.exe,0.1,23.8,,STATS,Normal
1790946605.772,ShellHost.exe,sihost.exe,0.0,55.2,,STATS,Normal
1790946605.772,brave.exe,brave.exe,0.0,32.8,,STATS,Normal
1790946605.772,svchost.exe,services.exe,0.0,9.6,,STATS,Normal
1790946605.772,brave.exe,brave.exe,0.0,59.0,,STATS,Normal
1790946619.782,MoUsoCoreWorker.exe,svchost.exe,,11.6,,START,Normal
1790946621.795,UIEOrchestratorStub.exe,svchost.exe,,6.1,,START,Normal
1790946621.795,WmiPrvSE.exe,svchost.exe,,17.7,,START,Normal
1790946621.795,UIEOrchestrator.exe,UIEOrchestratorStub.exe,,14.3,,START,Normal
1790946623.781,powershell.exe,python.exe,,71.4,,START,Normal
1790946623.781,UIEOrchestratorStub.exe,svchost.exe,,,,EXIT,Normal
1790946623.781,UIEOrchestrator.exe,UIEOrchestratorStub.exe,,,,EXIT,Normal
1790946625.772,powershell.exe,python.exe,,,,EXIT,Normal
1790946635.777,System Idle Process,,97.06,0.0,,STATS,Normal
1790946635.777,System,System Idle Process,0.1,9.3,,STATS,Normal
1790946635.777,,,0.0,0.1,,STATS,Normal
1790946635.777,Registry,,0.0,47.5,,STATS,Normal
1790946635.777,Code.exe,Code.exe,0.0,159.5,,STATS,Normal
1790946635.777,smss.exe,System,0.0,1.5,,STATS,Normal
1790946635.777,csrss.exe,,0.0,6.8,,STATS,Normal
1790946635.777,svchost.exe,services.exe,0.0,12.7,,STATS,Normal
1790946635.777,wininit.exe,,0.0,9.4,,STATS,Normal
1790946635.777,services.exe,wininit.exe,0.1,10.7,,STATS,Normal
1790946635.777,svchost.exe,services.exe,0.0,12.2,,STATS,Normal
1790946635.777,LsaIso.exe,wininit.exe,0.0,3.9,,STATS,Normal
1790946635.777,lsass.exe,wininit.exe,0.0,32.4,,STATS,Normal
1790946635.777,IntelCpHDCPSvc.exe,services.exe,0.0,9.2,,STATS,Normal
1790946635.777,svchost.exe,services.exe,0.0,7.6,,STATS,Normal
1790946635.777,svchost.exe,services.exe,0.0,44.4,,STATS,Normal
1790946635.777,fontdrvhost.exe,wininit.exe,0.0,4.3,,STATS,Normal
1790946635.777,WUDFHost.exe,services.exe,0.0,21.7,,STATS,Normal
1790946635.777,svchost.exe,services.exe,0.0,19.8,,STATS,Normal
1790946635.777,svchost.exe,services.exe,0.0,12.7,,STATS,Normal
1790946635.777,svchost.exe,services.exe,0.0,6.7,,STATS,Normal
1790946635.777,svchost.exe,services.exe,0.0,12.2,,STATS,Normal
1790946635.777,svchost.exe,services.exe,0.0,22.2,,STATS,Normal
1790946635.777,svchost.exe,services.exe,0.0,17.8,,STATS,Normal
1790946635.777,igfxEM.exe,igfxCUIService.exe,0.0,17.2,,STATS,Normal
1790946635.777,svchost.exe,services.exe,0.0,16.7,,STATS,Normal
1790946635.777,svchost.exe,services.exe,0.0,13.5,,STATS,Normal
1790946635.777,svchost.exe,services.exe,0.0,15.0,,STATS,Normal
1790946635.777,svchost.exe,services.exe,0.0,30.6,,STATS,Normal
1790946635.777,svchost.exe,services.exe,0.0,12.4,,STATS,Normal
1790946635.777,svchost.exe,services.exe,0.0,13.9,,STATS,Normal
1790946635.777,IntelCpHeciSvc.exe,services.exe,0.0,9.3,,STATS,Normal
1790946635.777,svchost.exe,services.exe,0.0,23.9,,STATS,Normal
1790946635.777,brave.exe,brave.exe,0.0,362.9,,STATS,Normal
1790946635.777,svchost.exe,services.exe,0.0,8.0,,STATS,Normal
1790946635.777,svchost.exe,services.exe,0.0,22.4,,STATS,Normal
1790946635.777,svchost.exe,services.exe,0.0,10.2,,STATS,Normal
1790946635.777,NVDisplay.Container.exe,services.exe,0.0,36.7,,STATS,Normal
1790946635.777,NVIDIA Overlay.exe,NVIDIA Overlay.exe,0.0,94.1,,STATS,Normal
1790946635.777,svchost.exe,services.exe,0.0,12.1,,STATS,Normal
1790946635.777,PresentationFontCache.exe,services.exe,0.0,19.6,,STATS,Normal
1790946635.777,dllhost.exe,svchost.exe,0.0,21.4,,STATS,Normal
1790946635.777,svchost.exe,services.exe,0.78,19.4,,STATS,Normal
1790946635.777,svchost.exe,services.exe,0.0,29.1,,STATS,Normal
1790946635.777,svchost.exe,services.exe,0.0,10.1,,STATS,Normal
1790946635.777,svchost.exe,services.exe,0.0,7.3,,STATS,Normal
1790946635.777,svchost.exe,services.exe,0.0,18.4,,STATS,Normal
1790946635.777,MemCompression,System,0.0,366.2,,STATS,Normal
1790946635.777,svchost.exe,services.exe,0.0,11.6,,STATS,Normal
1790946635.777,svchost.exe,services.exe,0.0,19.7,,STATS,Normal
1790946635.777,igfxCUIService.exe,services.exe,0.0,12.0,,STATS,Normal
1790946635.777,svchost.exe,services.exe,0.0,9.0,,STATS,Normal
1790946635.777,svchost.exe,services.exe,0.0,12.4,,STATS,Normal
1790946635.777,svchost.exe,services.exe,0.0,9.4,,STATS,Normal
1790946635.777,svchost.exe,services.exe,0.0,24.9,,STATS,Normal
1790946635.777,MicrosoftStartFeedProvider.exe,svchost.exe,0.0,42.7,,STATS,Normal
1790946635.777,SystemSettings.exe,svchost.exe,0.0,3.6,,STATS,Normal
1790946635.777,svchost.exe,services.exe,0.0,21.3,,STATS,Normal
1790946635.777,svchost.exe,services.exe,0.0,11.2,,STATS,Normal
1790946635.777,svchost.exe,services.exe,0.0,14.7,,STATS,Normal
1790946635.777,Code.exe,Code.exe,0.0,52.6,,STATS,Normal
1790946635.777,svchost.exe,services.exe,0.0,10.7,,STATS,Normal
1790946635.777,svchost.exe,services.exe,0.0,24.5,,STATS,Normal
1790946635.777,svchost.exe,services.exe,0.0,12.5,,STATS,Normal
1790946635.777,msedge.exe,msedge.exe,0.0,19.2,,STATS,Normal
1790946635.777,svchost.exe,services.exe,0.0,21.7,,STATS,Normal
1790946635.777,svchost.exe,services.exe,0.0,10.9,,STATS,Normal
1790946635.777,svchost.exe,services.exe,0.0,13.3,,STATS,Normal
1790946635.777,svchost.exe,services.exe,0.0,30.8,,STATS,Normal
1790946635.777,powershell.exe,Code.exe,0.0,96.8,,STATS,Normal
1790946635.777,brave.exe,brave.exe,0.0,54.3,,STATS,Normal
1790946635.777,svchost.exe,services.exe,0.0,9.0,,STATS,Normal
1790946635.777,svchost.exe,services.exe,0.0,29.4,,STATS,Normal
1790946635.777,svchost.exe,services.exe,0.0,11.3,,STATS,Normal
1790946635.777,AsusOptimization.exe,services.exe,0.0,10.1,,STATS,Normal
1790946635.777,svchost.exe,services.exe,0.0,20.5,,STATS,Normal
1790946635.777,svchost.exe,services.exe,0.0,12.8,,STATS,Normal
1790946635.777,spoolsv.exe,services.exe,0.0,26.7,,STATS,Normal
1790946635.777,svchost.exe,services.exe,0.0,9.9,,STATS,Normal
1790946635.777,backgroundTaskHost.exe,svchost.exe,0.0,64.2,,STATS,Normal
1790946635.777,ArmouryCrateControlInterface.exe,services.exe,0.0,11.7,,STATS,Normal
1790946635.777,AsusSoftwareManager.exe,services.exe,0.0,20.6,,STATS,Normal
1790946635.777,AsusSwitch.exe,services.exe,0.0,9.5,,STATS,Normal
1790946635.777,AsusSystemAnalysis.exe,services.exe,0.0,17.2,,STATS,Normal
1790946635.777,svchost.exe,services.exe,0.0,41.7,,STATS,Normal
1790946635.777,AsusAppService.exe,services.exe,0.0,25.2,,STATS,Normal
1790946635.777,AsusSystemDiagnosis.exe,services.exe,0.0,12.2,,STATS,Normal
1790946635.777,DtsApo4Service.exe,services.exe,0.0,20.4,,STATS,Normal
1790946635.777,svchost.exe,services.exe,0.0,16.7,,STATS,Normal
1790946635.777,cmw_srv.exe,services.exe,0.0,90.4,,STATS,Normal
1790946635.777,esif_uf.exe,services.exe,0.0,7.3,,STATS,Normal
1790946635.777,OneApp.IGCC.WinService.exe,services.exe,0.0,48.3,,STATS,Normal
1790946635.777,svchost.exe,services.exe,0.0,28.8,,STATS,Normal
1790946635.777,svchost.exe,services.exe,0.0,15.3,,STATS,Normal
1790946635.777,MpDefenderCoreService.exe,services.exe,0.0,24.2,,STATS,Normal
1790946635.777,nvcontainer.exe,services.exe,0.0,40.3,,STATS,Normal
1790946635.777,svchost.exe,services.exe,0.0,12.7,,STATS,Normal
1790946635.777,RstMwService.exe,services.exe,0.0,8.4,,STATS,Normal
1790946635.777,svchost.exe,services.exe,0.0,7.1,,STATS,Normal
1790946635.777,svchost.exe,services.exe,0.0,22.7,,STATS,Normal
1790946635.777,MsMpEng.exe,services.exe,0.2,332.5,,STATS,Normal
1790946635.777,WMIRegistrationService.exe,services.exe,0.0,13.1,,STATS,Normal
1790946635.777,RtkAudUService64.exe,services.exe,0.0,15.0,,STATS,Normal
1790946635.777,svchost.exe,services.exe,0.0,16.1,,STATS,Normal
1790946635.777,brave.exe,brave.exe,0.0,71.6,,STATS,Normal
1790946635.777,msedgewebview2.exe,msedgewebview2.exe,0.0,12.5,,STATS,Normal
1790946635.777,svchost.exe,services.exe,0.0,14.1,,STATS,Normal
1790946635.777,jhi_service.exe,services.exe,0.0,7.9,,STATS,Normal
1790946635.777,brave.exe,brave.exe,0.0,127.8,,STATS,Normal
1790946635.777,svchost.exe,services.exe,0.0,15.4,,STATS,Normal
1790946635.777,msedgewebview2.exe,msedgewebview2.exe,0.0,18.7,,STATS,Normal
1790946635.777,csrss.exe,,0.0,8.6,,STATS,Normal
1790946635.777,svchost.exe,services.exe,0.0,28.2,,STATS,Normal
1790946635.777,Code.exe,Code.exe,0.0,166.2,,STATS,Normal
1790946635.777,dwm.exe,winlogon.exe,0.2,149.9,,STATS,Normal
1790946635.777,NgcIso.exe,svchost.exe,0.0,4.1,,STATS,Normal
1790946635.777,winlogon.exe,,0.0,23.6,,STATS,Normal
1790946635.777,brave.exe,explorer.exe,0.0,292.4,,STATS,Normal
1790946635.777,fontdrvhost.exe,winlogon.exe,0.0,8.8,,STATS,Normal
1790946635.777,IGCC.exe,svchost.exe,0.0,14.8,,STATS,Normal
1790946635.777,brave.exe,brave.exe,0.49,247.5,,STATS,Normal
1790946635.777,brave.exe,brave.exe,0.0,188.7,,STATS,Normal
1790946635.777,svchost.exe,services.exe,0.0,10.9,,STATS,Normal
1790946635.777,brave.exe,brave.exe,0.0,8.9,,STATS,Normal
1790946635.777,brave.exe,brave.exe,0.0,104.2,,STATS,Normal
1790946635.777,NVIDIA Overlay.exe,NVIDIA Overlay.exe,0.0,70.6,,STATS,Normal
1790946635.777,WmiPrvSE.exe,svchost.exe,0.0,17.4,,STATS,Normal
1790946635.777,nvcontainer.exe,nvcontainer.exe,0.0,33.1,,STATS,Normal
1790946635.777,unsecapp.exe,svchost.exe,0.0,10.1,,STATS,Normal
1790946635.777,svchost.exe,services.exe,0.0,9.6,,STATS,Normal
1790946635.777,NVIDIA Overlay.exe,nvcontainer.exe,0.0,148.9,,STATS,Normal
1790946635.777,AsusOptimizationStartupTask.exe,AsusOptimization.exe,0.0,19.6,,STATS,Normal
1790946635.777,SecurityHealthSystray.exe,explorer.exe,0.0,13.1,,STATS,Normal
1790946635.777,svchost.exe,services.exe,0.0,27.8,,STATS,Normal
1790946635.777,brave.exe,brave.exe,0.2,139.7,,STATS,Normal
1790946635.777,msedge.exe,msedge.exe,0.0,41.4,,STATS,Normal
1790946635.777,svchost.exe,services.exe,0.0,10.3,,STATS,Normal
1790946635.777,sihost.exe,svchost.exe,0.0,48.3,,STATS,Normal
1790946635.777,AppVShNotify.exe,OfficeClickToRun.exe,0.0,9.8,,STATS,Normal
1790946635.777,brave.exe,brave.exe,0.0,118.1,,STATS,Normal
1790946635.777,msedgewebview2.exe,SearchHost.exe,0.0,114.7,,STATS,Normal
1790946635.777,AsusOSD.exe,,0.0,16.5,,STATS,Normal
1790946635.777,ApplicationFrameHost.exe,svchost.exe,0.0,49.6,,STATS,Normal
1790946635.777,Code.exe,Code.exe,0.0,147.5,,STATS,Normal
1790946635.777,brave.exe,brave.exe,0.0,91.3,,STATS,Normal
1790946635.777,NVIDIA Overlay.exe,NVIDIA Overlay.exe,0.0,22.3,,STATS,Normal
1790946635.777,svchost.exe,services.exe,0.0,23.1,,STATS,Normal
1790946635.777,msedge.exe,,0.0,143.9,,STATS,Normal
1790946635.777,nvcontainer.exe,nvcontainer.exe,0.0,39.6,,STATS,Normal
1790946635.777,svchost.exe,services.exe,0.0,29.1,,STATS,Normal
1790946635.777,NisSrv.exe,services.exe,0.0,14.3,,STATS,Normal
1790946635.777,NVDisplay.Container.exe,NVDisplay.Container.exe,0.0,44.6,,STATS,Normal
1790946635.777,ctfmon.exe,svchost.exe,0.0,31.4,,STATS,Normal
1790946635.777,taskhostw.exe,svchost.exe,0.0,21.2,,STATS,Normal
1790946635.777,explorer.exe,,0.0,338.0,,STATS,Normal
1790946635.777,StartMenuExperienceHost.exe,svchost.exe,0.0,150.1,,STATS,Normal
1790946635.777,RuntimeBroker.exe,svchost.exe,0.0,81.2,,STATS,Normal
1790946635.777,brave.exe,brave.exe,0.0,388.3,,STATS,Normal
1790946635.777,msedge.exe,msedge.exe,0.0,49.9,,STATS,Normal
1790946635.777,svchost.exe,services.exe,0.0,12.6,,STATS,Normal
1790946635.777,svchost.exe,services.exe,0.0,24.3,,STATS,Normal
1790946635.777,svchost.exe,services.exe,0.0,42.5,,STATS,Normal
1790946635.777,SpotifyXboxGamebarWebView.exe,svchost.exe,0.0,69.8,,STATS,Normal
1790946635.777,SearchIndexer.exe,services.exe,0.0,45.1,,STATS,Normal
1790946635.777,Code.exe,explorer.exe,0.1,169.8,,STATS,Normal
1790946635.777,svchost.exe,services.exe,0.0,43.9,,STATS,Normal
1790946635.777,svchost.exe,services.exe,0.0,11.2,,STATS,Normal
1790946635.777,CrossDeviceResume.exe,sihost.exe,0.0,52.4,,STATS,Normal
1790946635.777,brave.exe,brave.exe,0.0,295.4,,STATS,Normal
1790946635.777,dllhost.exe,svchost.exe,0.0,20.5,,STATS,Normal
1790946635.777,Code.exe,Code.exe,0.0,290.2,,STATS,Normal
1790946635.777,brave.exe,brave.exe,0.0,25.5,,STATS,Normal
1790946635.777,WidgetService.exe,svchost.exe,0.0,24.9,,STATS,Normal
1790946635.777,nvcontainer.exe,nvcontainer.exe,0.0,91.6,,STATS,Normal
1790946635.777,svchost.exe,services.exe,0.0,29.2,,STATS,Normal
1790946635.777,DefenderSessionHelper.exe,MsMpEng.exe,0.0,6.4,,STATS,Normal
1790946635.777,svchost.exe,services.exe,0.0,70.7,,STATS,Normal
1790946635.777,UserOOBEBroker.exe,svchost.exe,0.0,11.1,,STATS,Normal
1790946635.777,nvsphelper64.exe,nvcontainer.exe,0.0,16.0,,STATS,Normal
1790946635.777,powershell.exe,explorer.exe,0.0,79.2,,STATS,Normal
1790946635.777,svchost.exe,services.exe,0.0,32.4,,STATS,Normal
1790946635.777,WidgetBoard.exe,svchost.exe,0.0,29.1,,STATS,Normal
1790946635.777,brave.exe,brave.exe,0.0,47.2,,STATS,Normal
1790946635.777,SecurityHealthService.exe,services.exe,0.0,23.0,,STATS,Normal
1790946635.777,svchost.exe,services.exe,0.0,14.8,,STATS,Normal
1790946635.777,dllhost.exe,svchost.exe,0.0,12.6,,STATS,Normal
1790946635.777,svchost.exe,services.exe,0.0,18.6,,STATS,Normal
1790946635.777,ArmouryCrateKeyControl.exe,ArmouryCrateControlInterface.exe,0.0,46.2,,STATS,Normal
1790946635.777,conhost.exe,powershell.exe,0.0,23.5,,STATS,Normal
1790946635.777,Code.exe,Code.exe,0.0,118.8,,STATS,Normal
1790946635.777,pet.exe,Code.exe,0.0,9.1,,STATS,Normal
1790946635.777,svchost.exe,services.exe,0.0,10.2,,STATS,Normal
1790946635.777,SDXHelper.exe,svchost.exe,0.0,32.0,,STATS,Normal
1790946635.777,NVIDIA Overlay.exe,NVIDIA Overlay.exe,0.0,37.0,,STATS,Normal
1790946635.777,svchost.exe,services.exe,0.0,16.0,,STATS,Normal
1790946635.777,OfficeClickToRun.exe,services.exe,0.0,58.8,,STATS,Normal
1790946635.777,conhost.exe,pet.exe,0.0,6.8,,STATS,Normal
1790946635.777,RuntimeBroker.exe,svchost.exe,0.0,19.2,,STATS,Normal
1790946635.777,TextInputHost.exe,svchost.exe,0.0,128.1,,STATS,Normal
1790946635.777,svchost.exe,services.exe,0.0,7.6,,STATS,Normal
1790946635.777,msedge.exe,msedge.exe,0.0,12.7,,STATS,Normal
1790946635.777,AsusSoftwareManagerAgent.exe,AsusSoftwareManager.exe,0.0,44.3,,STATS,Normal
1790946635.777,wlanext.exe,svchost.exe,0.0,11.2,,STATS,Normal
1790946635.777,copilot-runtime.exe,Code.exe,0.0,19.2,,STATS,Normal
1790946635.777,AppActions.exe,svchost.exe,0.0,39.7,,STATS,Normal
1790946635.777,brave.exe,brave.exe,0.0,67.0,,STATS,Normal
1790946635.777,SearchHost.exe,svchost.exe,0.0,139.6,,STATS,Normal
1790946635.777,svchost.exe,services.exe,0.0,24.9,,STATS,Normal
1790946635.777,brave.exe,brave.exe,0.0,177.4,,STATS,Normal
1790946635.777,msedgewebview2.exe,msedgewebview2.exe,0.0,124.9,,STATS,Normal
1790946635.777,OpenConsole.exe,Code.exe,0.0,11.4,,STATS,Normal
1790946635.777,brave.exe,brave.exe,0.0,79.9,,STATS,Normal
1790946635.777,svchost.exe,services.exe,0.0,7.6,,STATS,Normal
1790946635.777,RuntimeBroker.exe,svchost.exe,0.0,29.5,,STATS,Normal
1790946635.777,Intel_PIE_Service.exe,services.exe,0.0,11.8,,STATS,Normal
1790946635.777,Code.exe,Code.exe,0.0,106.8,,STATS,Normal
1790946635.777,Code.exe,Code.exe,0.0,33.5,,STATS,Normal
1790946635.777,brave.exe,brave.exe,0.0,224.6,,STATS,Normal
1790946635.777,dllhost.exe,svchost.exe,0.0,11.1,,STATS,Normal
1790946635.777,msedgewebview2.exe,msedgewebview2.exe,0.0,83.1,,STATS,Normal
1790946635.777,msedgewebview2.exe,msedgewebview2.exe,0.0,40.4,,STATS,Normal
1790946635.777,Code.exe,Code.exe,0.0,340.2,,STATS,Normal
1790946635.777,conhost.exe,copilot-runtime.exe,0.0,7.0,,STATS,Normal
1790946635.777,brave.exe,brave.exe,0.0,22.5,,STATS,Normal
1790946635.777,brave.exe,brave.exe,0.0,74.2,,STATS,Normal
1790946635.777,brave.exe,brave.exe,0.0,78.3,,STATS,Normal
1790946635.777,Code.exe,Code.exe,0.0,582.9,,STATS,Normal
1790946635.777,svchost.exe,services.exe,0.0,8.6,,STATS,Normal
1790946635.777,conhost.exe,powershell.exe,0.0,21.8,,STATS,Normal
1790946635.777,powershell.exe,explorer.exe,0.0,78.4,,STATS,Normal
1790946635.777,python.exe,powershell.exe,0.0,23.8,,STATS,Normal
1790946635.777,ShellHost.exe,sihost.exe,0.0,55.1,,STATS,Normal
1790946635.777,brave.exe,brave.exe,0.0,32.8,,STATS,Normal
1790946635.777,svchost.exe,services.exe,0.0,9.7,,STATS,Normal
1790946635.777,brave.exe,brave.exe,0.0,59.0,,STATS,Normal
1790946635.777,MoUsoCoreWorker.exe,svchost.exe,0.0,26.1,,STATS,Normal
1790946635.777,WmiPrvSE.exe,svchost.exe,0.0,17.8,,STATS,Normal
1790946647.786,backgroundTaskHost.exe,svchost.exe,,21.1,,START,Normal
1790946649.772,svchost.exe,services.exe,,,,EXIT,Normal
1790946653.782,powershell.exe,python.exe,,71.4,,START,Normal
1790946655.772,powershell.exe,python.exe,,,,EXIT,Normal
1790946667.773,System Idle Process,,97.92,0.0,,STATS,Normal
1790946667.773,System,System Idle Process,0.0,9.3,,STATS,Normal
1790946667.773,,,0.0,0.1,,STATS,Normal
1790946667.773,Registry,,0.0,47.5,,STATS,Normal
1790946667.773,Code.exe,Code.exe,0.0,159.5,,STATS,Normal
1790946667.773,smss.exe,System,0.0,1.5,,STATS,Normal
1790946667.773,csrss.exe,,0.0,6.8,,STATS,Normal
1790946667.773,svchost.exe,services.exe,0.0,12.7,,STATS,Normal
1790946667.773,wininit.exe,,0.0,9.4,,STATS,Normal
1790946667.773,services.exe,wininit.exe,0.0,10.7,,STATS,Normal
1790946667.773,svchost.exe,services.exe,0.0,12.2,,STATS,Normal
1790946667.773,LsaIso.exe,wininit.exe,0.0,3.9,,STATS,Normal
1790946667.773,lsass.exe,wininit.exe,0.0,32.5,,STATS,Normal
1790946667.773,IntelCpHDCPSvc.exe,services.exe,0.0,9.2,,STATS,Normal
1790946667.773,svchost.exe,services.exe,0.0,7.6,,STATS,Normal
1790946667.773,svchost.exe,services.exe,0.1,44.5,,STATS,Normal
1790946667.773,fontdrvhost.exe,wininit.exe,0.0,4.3,,STATS,Normal
1790946667.773,WUDFHost.exe,services.exe,0.0,21.7,,STATS,Normal
1790946667.773,svchost.exe,services.exe,0.0,20.0,,STATS,Normal
1790946667.773,svchost.exe,services.exe,0.0,12.7,,STATS,Normal
1790946667.773,svchost.exe,services.exe,0.0,6.8,,STATS,Normal
1790946667.773,svchost.exe,services.exe,0.0,12.2,,STATS,Normal
1790946667.773,svchost.exe,services.exe,0.0,22.2,,STATS,Normal
1790946667.773,svchost.exe,services.exe,0.0,17.8,,STATS,Normal
1790946667.773,igfxEM.exe,igfxCUIService.exe,0.0,17.2,,STATS,Normal
1790946667.773,svchost.exe,services.exe,0.0,16.7,,STATS,Normal
1790946667.773,svchost.exe,services.exe,0.0,13.5,,STATS,Normal
1790946667.773,svchost.exe,services.exe,0.0,15.0,,STATS,Normal
1790946667.773,svchost.exe,services.exe,0.0,30.6,,STATS,Normal
1790946667.773,svchost.exe,services.exe,0.0,12.4,,STATS,Normal
1790946667.773,svchost.exe,services.exe,0.0,13.9,,STATS,Normal
1790946667.773,IntelCpHeciSvc.exe,services.exe,0.0,9.3,,STATS,Normal
1790946667.773,svchost.exe,services.exe,0.0,23.9,,STATS,Normal
1790946667.773,brave.exe,brave.exe,0.0,369.6,,STATS,Normal
1790946667.773,svchost.exe,services.exe,0.0,8.0,,STATS,Normal
1790946667.773,svchost.exe,services.exe,0.0,22.4,,STATS,Normal
1790946667.773,svchost.exe,services.exe,0.0,10.2,,STATS,Normal
1790946667.773,NVDisplay.Container.exe,services.exe,0.0,36.7,,STATS,Normal
1790946667.773,NVIDIA Overlay.exe,NVIDIA Overlay.exe,0.0,94.1,,STATS,Normal
1790946667.773,svchost.exe,services.exe,0.0,12.1,,STATS,Normal
1790946667.773,PresentationFontCache.exe,services.exe,0.0,19.6,,STATS,Normal
1790946667.773,dllhost.exe,svchost.exe,0.0,21.3,,STATS,Normal
1790946667.773,svchost.exe,services.exe,0.78,19.5,,STATS,Normal
1790946667.773,svchost.exe,services.exe,0.0,28.8,,STATS,Normal
1790946667.773,svchost.exe,services.exe,0.0,10.1,,STATS,Normal
1790946667.773,svchost.exe,services.exe,0.0,7.3,,STATS,Normal
1790946667.773,svchost.exe,services.exe,0.0,18.4,,STATS,Normal
1790946667.773,MemCompression,System,0.0,366.2,,STATS,Normal
1790946667.773,svchost.exe,services.exe,0.0,11.6,,STATS,Normal
1790946667.773,svchost.exe,services.exe,0.0,19.7,,STATS,Normal
1790946667.773,igfxCUIService.exe,services.exe,0.0,12.0,,STATS,Normal
1790946667.773,svchost.exe,services.exe,0.0,9.0,,STATS,Normal
1790946667.773,svchost.exe,services.exe,0.0,12.4,,STATS,Normal
1790946667.773,svchost.exe,services.exe,0.0,9.4,,STATS,Normal
1790946667.773,svchost.exe,services.exe,0.0,24.9,,STATS,Normal
1790946667.773,MicrosoftStartFeedProvider.exe,svchost.exe,0.0,42.7,,STATS,Normal
1790946667.773,SystemSettings.exe,svchost.exe,0.0,3.6,,STATS,Normal
1790946667.773,svchost.exe,services.exe,0.0,21.3,,STATS,Normal
1790946667.773,svchost.exe,services.exe,0.0,11.2,,STATS,Normal
1790946667.773,svchost.exe,services.exe,0.0,14.8,,STATS,Normal
1790946667.773,Code.exe,Code.exe,0.0,52.6,,STATS,Normal
1790946667.773,svchost.exe,services.exe,0.0,10.6,,STATS,Normal
1790946667.773,svchost.exe,services.exe,0.0,24.5,,STATS,Normal
1790946667.773,svchost.exe,services.exe,0.0,12.5,,STATS,Normal
1790946667.773,msedge.exe,msedge.exe,0.0,19.2,,STATS,Normal
1790946667.773,svchost.exe,services.exe,0.0,21.7,,STATS,Normal
1790946667.773,svchost.exe,services.exe,0.0,10.8,,STATS,Normal
1790946667.773,svchost.exe,services.exe,0.0,13.3,,STATS,Normal
1790946667.773,svchost.exe,services.exe,0.0,30.8,,STATS,Normal
1790946667.773,powershell.exe,Code.exe,0.0,96.8,,STATS,Normal
1790946667.773,brave.exe,brave.exe,0.0,54.3,,STATS,Normal
1790946667.773,svchost.exe,services.exe,0.0,9.0,,STATS,Normal
1790946667.773,svchost.exe,services.exe,0.0,29.4,,STATS,Normal
1790946667.773,svchost.exe,services.exe,0.0,11.3,,STATS,Normal
1790946667.773,AsusOptimization.exe,services.exe,0.0,10.1,,STATS,Normal
1790946667.773,svchost.exe,services.exe,0.0,20.5,,STATS,Normal
1790946667.773,svchost.exe,services.exe,0.0,12.8,,STATS,Normal
1790946667.773,spoolsv.exe,services.exe,0.0,26.7,,STATS,Normal
1790946667.773,svchost.exe,services.exe,0.0,9.9,,STATS,Normal
1790946667.773,backgroundTaskHost.exe,svchost.exe,0.0,64.2,,STATS,Normal
1790946667.773,ArmouryCrateControlInterface.exe,services.exe,0.0,11.7,,STATS,Normal
1790946667.773,AsusSoftwareManager.exe,services.exe,0.0,20.6,,STATS,Normal
1790946667.773,AsusSwitch.exe,services.exe,0.0,9.5,,STATS,Normal
1790946667.773,AsusSystemAnalysis.exe,services.exe,0.0,17.2,,STATS,Normal
1790946667.773,svchost.exe,services.exe,0.0,42.0,,STATS,Normal
1790946667.773,AsusAppService.exe,services.exe,0.0,25.2,,STATS,Normal
1790946667.773,AsusSystemDiagnosis.exe,services.exe,0.0,12.2,,STATS,Normal
1790946667.773,DtsApo4Service.exe,services.exe,0.0,20.4,,STATS,Normal
1790946667.773,svchost.exe,services.exe,0.0,16.7,,STATS,Normal
1790946667.773,cmw_srv.exe,services.exe,0.0,90.4,,STATS,Normal
1790946667.773,esif_uf.exe,services.exe,0.0,7.3,,STATS,Normal
1790946667.773,OneApp.IGCC.WinService.exe,services.exe,0.0,48.3,,STATS,Normal
1790946667.773,svchost.exe,services.exe,0.0,28.8,,STATS,Normal
1790946667.773,svchost.exe,services.exe,0.0,15.3,,STATS,Normal
1790946667.773,MpDefenderCoreService.exe,services.exe,0.0,24.2,,STATS,Normal
1790946667.773,nvcontainer.exe,services.exe,0.0,40.3,,STATS,Normal
1790946667.773,svchost.exe,services.exe,0.0,12.8,,STATS,Normal
1790946667.773,RstMwService.exe,services.exe,0.0,8.4,,STATS,Normal
1790946667.773,svchost.exe,services.exe,0.0,7.1,,STATS,Normal
1790946667.773,svchost.exe,services.exe,0.0,22.6,,STATS,Normal
1790946667.773,MsMpEng.exe,services.exe,0.2,336.9,,STATS,Normal
1790946667.773,WMIRegistrationService.exe,services.exe,0.0,13.1,,STATS,Normal
1790946667.773,RtkAudUService64.exe,services.exe,0.0,15.0,,STATS,Normal
1790946667.773,svchost.exe,services.exe,0.0,16.1,,STATS,Normal
1790946667.773,brave.exe,brave.exe,0.0,71.6,,STATS,Normal
1790946667.773,msedgewebview2.exe,msedgewebview2.exe,0.0,12.5,,STATS,Normal
1790946667.773,svchost.exe,services.exe,0.0,14.1,,STATS,Normal
1790946667.773,jhi_service.exe,services.exe,0.0,7.9,,STATS,Normal
1790946667.773,brave.exe,brave.exe,0.0,127.8,,STATS,Normal
1790946667.773,svchost.exe,services.exe,0.0,15.4,,STATS,Normal
1790946667.773,msedgewebview2.exe,msedgewebview2.exe,0.0,18.7,,STATS,Normal
1790946667.773,csrss.exe,,0.0,8.6,,STATS,Normal
1790946667.773,svchost.exe,services.exe,0.0,28.2,,STATS,Normal
1790946667.773,Code.exe,Code.exe,0.0,166.2,,STATS,Normal
1790946667.773,dwm.exe,winlogon.exe,0.0,149.9,,STATS,Normal
1790946667.773,NgcIso.exe,svchost.exe,0.0,4.1,,STATS,Normal
1790946667.773,winlogon.exe,,0.0,23.6,,STATS,Normal
1790946667.773,brave.exe,explorer.exe,0.0,289.9,,STATS,Normal
1790946667.773,fontdrvhost.exe,winlogon.exe,0.0,8.8,,STATS,Normal
1790946667.773,IGCC.exe,svchost.exe,0.0,14.8,,STATS,Normal
1790946667.773,brave.exe,brave.exe,0.0,247.4,,STATS,Normal
1790946667.773,brave.exe,brave.exe,0.0,188.7,,STATS,Normal
1790946667.773,svchost.exe,services.exe,0.0,10.9,,STATS,Normal
1790946667.773,brave.exe,brave.exe,0.0,8.9,,STATS,Normal
1790946667.773,brave.exe,brave.exe,0.0,104.2,,STATS,Normal
1790946667.773,NVIDIA Overlay.exe,NVIDIA Overlay.exe,0.0,70.6,,STATS,Normal
1790946667.773,WmiPrvSE.exe,svchost.exe,0.0,17.4,,STATS,Normal
1790946667.773,nvcontainer.exe,nvcontainer.exe,0.0,33.2,,STATS,Normal
1790946667.773,unsecapp.exe,svchost.exe,0.0,10.1,,STATS,Normal
1790946667.773,svchost.exe,services.exe,0.0,9.6,,STATS,Normal
1790946667.773,NVIDIA Overlay.exe,nvcontainer.exe,0.1,148.9,,STATS,Normal
1790946667.773,AsusOptimizationStartupTask.exe,AsusOptimization.exe,0.0,19.6,,STATS,Normal
1790946667.773,SecurityHealthSystray.exe,explorer.exe,0.0,13.1,,STATS,Normal
1790946667.773,svchost.exe,services.exe,0.0,27.8,,STATS,Normal
1790946667.773,brave.exe,brave.exe,0.0,139.4,,STATS,Normal
1790946667.773,msedge.exe,msedge.exe,0.0,41.4,,STATS,Normal
1790946667.773,svchost.exe,services.exe,0.0,10.3,,STATS,Normal
1790946667.773,sihost.exe,svchost.exe,0.0,48.5,,STATS,Normal
1790946667.773,AppVShNotify.exe,OfficeClickToRun.exe,0.0,9.8,,STATS,Normal
1790946667.773,brave.exe,brave.exe,0.0,118.1,,STATS,Normal
1790946667.773,msedgewebview2.exe,SearchHost.exe,0.0,114.7,,STATS,Normal
1790946667.773,AsusOSD.exe,,0.0,16.5,,STATS,Normal
1790946667.773,ApplicationFrameHost.exe,svchost.exe,0.0,49.6,,STATS,Normal
1790946667.773,Code.exe,Code.exe,0.0,147.5,,STATS,Normal
1790946667.773,brave.exe,brave.exe,0.0,91.3,,STATS,Normal
1790946667.773,NVIDIA Overlay.exe,NVIDIA Overlay.exe,0.0,22.3,,STATS,Normal
1790946667.773,svchost.exe,services.exe,0.0,23.1,,STATS,Normal
1790946667.773,msedge.exe,,0.0,143.9,,STATS,Normal
1790946667.773,nvcontainer.exe,nvcontainer.exe,0.0,39.6,,STATS,Normal
1790946667.773,svchost.exe,services.exe,0.0,29.1,,STATS,Normal
1790946667.773,NisSrv.exe,services.exe,0.0,14.2,,STATS,Normal
1790946667.773,NVDisplay.Container.exe,NVDisplay.Container.exe,0.0,44.6,,STATS,Normal
1790946667.773,ctfmon.exe,svchost.exe,0.0,31.4,,STATS,Normal
1790946667.773,taskhostw.exe,svchost.exe,0.0,21.3,,STATS,Normal
1790946667.773,explorer.exe,,0.0,338.9,,STATS,Normal
1790946667.773,StartMenuExperienceHost.exe,svchost.exe,0.0,150.1,,STATS,Normal
1790946667.773,RuntimeBroker.exe,svchost.exe,0.0,81.3,,STATS,Normal
1790946667.773,brave.exe,brave.exe,0.0,388.3,,STATS,Normal
1790946667.773,msedge.exe,msedge.exe,0.0,49.9,,STATS,Normal
1790946667.773,svchost.exe,services.exe,0.0,12.6,,STATS,Normal
1790946667.773,svchost.exe,services.exe,0.0,24.3,,STATS,Normal
1790946667.773,svchost.exe,services.exe,0.0,42.5,,STATS,Normal
1790946667.773,SpotifyXboxGamebarWebView.exe,svchost.exe,0.0,69.8,,STATS,Normal
1790946667.773,SearchIndexer.exe,services.exe,0.0,45.1,,STATS,Normal
1790946667.773,Code.exe,explorer.exe,0.0,170.1,,STATS,Normal
1790946667.773,svchost.exe,services.exe,0.0,43.9,,STATS,Normal
1790946667.773,svchost.exe,services.exe,0.0,11.2,,STATS,Normal
1790946667.773,CrossDeviceResume.exe,sihost.exe,0.0,52.4,,STATS,Normal
1790946667.773,brave.exe,brave.exe,0.0,295.4,,STATS,Normal
1790946667.773,dllhost.exe,svchost.exe,0.0,20.4,,STATS,Normal
1790946667.773,Code.exe,Code.exe,0.0,286.5,,STATS,Normal
1790946667.773,brave.exe,brave.exe,0.0,25.5,,STATS,Normal
1790946667.773,WidgetService.exe,svchost.exe,0.0,24.9,,STATS,Normal
1790946667.773,nvcontainer.exe,nvcontainer.exe,0.0,91.6,,STATS,Normal
1790946667.773,svchost.exe,services.exe,0.0,29.2,,STATS,Normal
1790946667.773,DefenderSessionHelper.exe,MsMpEng.exe,0.0,6.4,,STATS,Normal
1790946667.773,svchost.exe,services.exe,0.0,70.7,,STATS,Normal
1790946667.773,UserOOBEBroker.exe,svchost.exe,0.0,11.1,,STATS,Normal
1790946667.773,nvsphelper64.exe,nvcontainer.exe,0.1,16.0,,STATS,Normal
1790946667.773,powershell.exe,explorer.exe,0.0,79.2,,STATS,Normal
1790946667.773,svchost.exe,services.exe,0.0,32.4,,STATS,Normal
1790946667.773,WidgetBoard.exe,svchost.exe,0.0,29.1,,STATS,Normal
1790946667.773,brave.exe,brave.exe,0.1,47.2,,STATS,Normal
1790946667.773,SecurityHealthService.exe,services.exe,0.0,23.0,,STATS,Normal
1790946667.773,svchost.exe,services.exe,0.0,14.8,,STATS,Normal
1790946667.773,dllhost.exe,svchost.exe,0.0,12.6,,STATS,Normal
1790946667.773,svchost.exe,services.exe,0.0,18.6,,STATS,Normal
1790946667.773,ArmouryCrateKeyControl.exe,ArmouryCrateControlInterface.exe,0.0,46.2,,STATS,Normal
1790946667.773,conhost.exe,powershell.exe,0.0,23.5,,STATS,Normal
1790946667.773,Code.exe,Code.exe,0.0,118.8,,STATS,Normal
1790946667.773,pet.exe,Code.exe,0.0,9.1,,STATS,Normal
1790946667.773,svchost.exe,services.exe,0.0,10.2,,STATS,Normal
1790946667.773,SDXHelper.exe,svchost.exe,0.0,31.9,,STATS,Normal
1790946667.773,NVIDIA Overlay.exe,NVIDIA Overlay.exe,0.0,37.0,,STATS,Normal
1790946667.773,svchost.exe,services.exe,0.0,16.0,,STATS,Normal
1790946667.773,OfficeClickToRun.exe,services.exe,0.0,58.8,,STATS,Normal
1790946667.773,conhost.exe,pet.exe,0.0,6.8,,STATS,Normal
1790946667.773,RuntimeBroker.exe,svchost.exe,0.0,19.2,,STATS,Normal
1790946667.773,TextInputHost.exe,svchost.exe,0.0,128.1,,STATS,Normal
1790946667.773,svchost.exe,services.exe,0.0,7.6,,STATS,Normal
1790946667.773,msedge.exe,msedge.exe,0.0,12.7,,STATS,Normal
1790946667.773,AsusSoftwareManagerAgent.exe,AsusSoftwareManager.exe,0.0,44.3,,STATS,Normal
1790946667.773,wlanext.exe,svchost.exe,0.0,11.2,,STATS,Normal
1790946667.773,copilot-runtime.exe,Code.exe,0.0,19.2,,STATS,Normal
1790946667.773,AppActions.exe,svchost.exe,0.0,39.7,,STATS,Normal
1790946667.773,brave.exe,brave.exe,0.0,67.0,,STATS,Normal
1790946667.773,SearchHost.exe,svchost.exe,0.0,139.5,,STATS,Normal
1790946667.773,svchost.exe,services.exe,0.0,24.9,,STATS,Normal
1790946667.773,brave.exe,brave.exe,0.0,177.4,,STATS,Normal
1790946667.773,msedgewebview2.exe,msedgewebview2.exe,0.0,124.9,,STATS,Normal
1790946667.773,OpenConsole.exe,Code.exe,0.0,11.4,,STATS,Normal
1790946667.773,brave.exe,brave.exe,0.0,81.2,,STATS,Normal
1790946667.773,svchost.exe,services.exe,0.0,7.6,,STATS,Normal
1790946667.773,RuntimeBroker.exe,svchost.exe,0.0,29.5,,STATS,Normal
1790946667.773,Intel_PIE_Service.exe,services.exe,0.0,11.8,,STATS,Normal
1790946667.773,Code.exe,Code.exe,0.0,106.8,,STATS,Normal
1790946667.773,Code.exe,Code.exe,0.0,33.5,,STATS,Normal
1790946667.773,brave.exe,brave.exe,0.0,224.6,,STATS,Normal
1790946667.773,dllhost.exe,svchost.exe,0.0,11.1,,STATS,Normal
1790946667.773,msedgewebview2.exe,msedgewebview2.exe,0.0,83.1,,STATS,Normal
1790946667.773,msedgewebview2.exe,msedgewebview2.exe,0.0,40.5,,STATS,Normal
1790946667.773,Code.exe,Code.exe,0.0,340.2,,STATS,Normal
1790946667.773,conhost.exe,copilot-runtime.exe,0.0,7.0,,STATS,Normal
1790946667.773,brave.exe,brave.exe,0.0,22.5,,STATS,Normal
1790946667.773,brave.exe,brave.exe,0.0,75.6,,STATS,Normal
1790946667.773,brave.exe,brave.exe,0.0,78.3,,STATS,Normal
1790946667.773,Code.exe,Code.exe,0.0,582.9,,STATS,Normal
1790946667.773,conhost.exe,powershell.exe,0.0,21.8,,STATS,Normal
1790946667.773,powershell.exe,explorer.exe,0.0,78.4,,STATS,Normal
1790946667.773,python.exe,powershell.exe,0.0,23.8,,STATS,Normal
1790946667.773,ShellHost.exe,sihost.exe,0.0,55.2,,STATS,Normal
1790946667.773,brave.exe,brave.exe,0.0,32.8,,STATS,Normal
1790946667.773,svchost.exe,services.exe,0.0,9.7,,STATS,Normal
1790946667.773,brave.exe,brave.exe,0.0,59.0,,STATS,Normal
1790946667.773,MoUsoCoreWorker.exe,svchost.exe,0.0,26.1,,STATS,Normal
1790946667.773,WmiPrvSE.exe,svchost.exe,0.0,16.1,,STATS,Normal
1790946667.773,backgroundTaskHost.exe,svchost.exe,0.0,21.3,,STATS,Normal
1790946683.78,powershell.exe,python.exe,,70.3,,START,Normal
1790946683.78,MoUsoCoreWorker.exe,svchost.exe,,,,EXIT,Normal
1790946685.772,powershell.exe,python.exe,,,,EXIT,Normal
1790946699.773,System Idle Process,,95.71,0.0,,STATS,Normal
1790946699.773,System,System Idle Process,0.39,9.3,,STATS,Normal
1790946699.773,,,0.0,0.1,,STATS,Normal
1790946699.773,Registry,,0.0,47.5,,STATS,Normal
1790946699.773,Code.exe,Code.exe,0.0,159.5,,STATS,Normal
1790946699.773,smss.exe,System,0.0,1.5,,STATS,Normal
1790946699.773,csrss.exe,,0.0,6.8,,STATS,Normal
1790946699.773,svchost.exe,services.exe,0.0,12.7,,STATS,Normal
1790946699.773,wininit.exe,,0.0,9.4,,STATS,Normal
1790946699.773,services.exe,wininit.exe,0.0,10.6,,STATS,Normal
1790946699.773,svchost.exe,services.exe,0.0,12.2,,STATS,Normal
1790946699.773,LsaIso.exe,wininit.exe,0.0,3.9,,STATS,Normal
1790946699.773,lsass.exe,wininit.exe,0.0,32.4,,STATS,Normal
1790946699.773,IntelCpHDCPSvc.exe,services.exe,0.0,9.2,,STATS,Normal
1790946699.773,svchost.exe,services.exe,0.0,7.6,,STATS,Normal
1790946699.773,svchost.exe,services.exe,0.0,44.5,,STATS,Normal
1790946699.773,fontdrvhost.exe,wininit.exe,0.0,4.3,,STATS,Normal
1790946699.773,WUDFHost.exe,services.exe,0.0,21.7,,STATS,Normal
1790946699.773,svchost.exe,services.exe,0.0,19.8,,STATS,Normal
1790946699.773,svchost.exe,services.exe,0.0,12.7,,STATS,Normal
1790946699.773,svchost.exe,services.exe,0.0,6.8,,STATS,Normal
1790946699.773,svchost.exe,services.exe,0.0,12.2,,STATS,Normal
1790946699.773,svchost.exe,services.exe,0.0,22.1,,STATS,Normal
1790946699.773,svchost.exe,services.exe,0.0,17.8,,STATS,Normal
1790946699.773,igfxEM.exe,igfxCUIService.exe,0.0,17.2,,STATS,Normal
1790946699.773,svchost.exe,services.exe,0.0,16.6,,STATS,Normal
1790946699.773,svchost.exe,services.exe,0.0,13.5,,STATS,Normal
1790946699.773,svchost.exe,services.exe,0.0,14.9,,STATS,Normal
1790946699.773,svchost.exe,services.exe,0.0,30.5,,STATS,Normal
1790946699.773,svchost.exe,services.exe,0.0,12.4,,STATS,Normal
1790946699.773,svchost.exe,services.exe,0.0,13.9,,STATS,Normal
1790946699.773,IntelCpHeciSvc.exe,services.exe,0.0,9.3,,STATS,Normal
1790946699.773,svchost.exe,services.exe,0.0,23.8,,STATS,Normal
1790946699.773,brave.exe,brave.exe,0.0,367.2,,STATS,Normal
1790946699.773,svchost.exe,services.exe,0.0,8.0,,STATS,Normal
1790946699.773,svchost.exe,services.exe,0.0,22.4,,STATS,Normal
1790946699.773,svchost.exe,services.exe,0.0,10.2,,STATS,Normal
1790946699.773,NVDisplay.Container.exe,services.exe,0.0,36.7,,STATS,Normal
1790946699.773,NVIDIA Overlay.exe,NVIDIA Overlay.exe,0.0,94.1,,STATS,Normal
1790946699.773,svchost.exe,services.exe,0.0,12.1,,STATS,Normal
1790946699.773,PresentationFontCache.exe,services.exe,0.0,19.6,,STATS,Normal
1790946699.773,dllhost.exe,svchost.exe,0.0,21.3,,STATS,Normal
1790946699.773,svchost.exe,services.exe,0.78,19.5,,STATS,Normal
1790946699.773,svchost.exe,services.exe,0.0,28.8,,STATS,Normal
1790946699.773,svchost.exe,services.exe,0.0,10.1,,STATS,Normal
1790946699.773,svchost.exe,services.exe,0.0,7.3,,STATS,Normal
1790946699.773,svchost.exe,services.exe,0.0,18.5,,STATS,Normal
1790946699.773,MemCompression,System,0.1,366.2,,STATS,Normal
1790946699.773,svchost.exe,services.exe,0.0,11.6,,STATS,Normal
1790946699.773,svchost.exe,services.exe,0.0,19.6,,STATS,Normal
1790946699.773,igfxCUIService.exe,services.exe,0.0,12.0,,STATS,Normal
1790946699.773,svchost.exe,services.exe,0.0,9.0,,STATS,Normal
1790946699.773,svchost.exe,services.exe,0.0,12.4,,STATS,Normal
1790946699.773,svchost.exe,services.exe,0.0,9.4,,STATS,Normal
1790946699.773,svchost.exe,services.exe,0.0,24.9,,STATS,Normal
1790946699.773,MicrosoftStartFeedProvider.exe,svchost.exe,0.0,42.7,,STATS,Normal
1790946699.773,SystemSettings.exe,svchost.exe,0.0,3.6,,STATS,Normal
1790946699.773,svchost.exe,services.exe,0.0,21.3,,STATS,Normal
1790946699.773,svchost.exe,services.exe,0.0,11.2,,STATS,Normal
1790946699.773,svchost.exe,services.exe,0.0,14.8,,STATS,Normal
1790946699.773,Code.exe,Code.exe,0.0,52.6,,STATS,Normal
1790946699.773,svchost.exe,services.exe,0.0,10.6,,STATS,Normal
1790946699.773,svchost.exe,services.exe,0.0,24.5,,STATS,Normal
1790946699.773,svchost.exe,services.exe,0.0,12.4,,STATS,Normal
1790946699.773,msedge.exe,msedge.exe,0.0,19.2,,STATS,Normal
1790946699.773,svchost.exe,services.exe,0.0,21.7,,STATS,Normal
1790946699.773,svchost.exe,services.exe,0.0,10.8,,STATS,Normal
1790946699.773,svchost.exe,services.exe,0.0,13.3,,STATS,Normal
1790946699.773,svchost.exe,services.exe,0.0,30.8,,STATS,Normal
1790946699.773,powershell.exe,Code.exe,0.0,96.8,,STATS,Normal
1790946699.773,brave.exe,brave.exe,0.1,54.6,,STATS,Normal
1790946699.773,svchost.exe,services.exe,0.0,9.0,,STATS,Normal
1790946699.773,svchost.exe,services.exe,0.0,29.4,,STATS,Normal
1790946699.773,svchost.exe,services.exe,0.0,11.3,,STATS,Normal
1790946699.773,AsusOptimization.exe,services.exe,0.0,10.1,,STATS,Normal
1790946699.773,svchost.exe,services.exe,0.0,20.5,,STATS,Normal
1790946699.773,svchost.exe,services.exe,0.0,12.8,,STATS,Normal
1790946699.773,spoolsv.exe,services.exe,0.0,26.7,,STATS,Normal
1790946699.773,svchost.exe,services.exe,0.0,9.9,,STATS,Normal
1790946699.773,backgroundTaskHost.exe,svchost.exe,0.0,64.2,,STATS,Normal
1790946699.773,ArmouryCrateControlInterface.exe,services.exe,0.0,11.7,,STATS,Normal
1790946699.773,AsusSoftwareManager.exe,services.exe,0.0,20.6,,STATS,Normal
1790946699.773,AsusSwitch.exe,services.exe,0.0,9.5,,STATS,Normal
1790946699.773,AsusSystemAnalysis.exe,services.exe,0.0,17.2,,STATS,Normal
1790946699.773,svchost.exe,services.exe,0.0,41.9,,STATS,Normal
1790946699.773,AsusAppService.exe,services.exe,0.0,25.2,,STATS,Normal
1790946699.773,AsusSystemDiagnosis.exe,services.exe,0.0,12.2,,STATS,Normal
1790946699.773,DtsApo4Service.exe,services.exe,0.0,20.4,,STATS,Normal
1790946699.773,svchost.exe,services.exe,0.0,16.7,,STATS,Normal
1790946699.773,cmw_srv.exe,services.exe,0.0,90.4,,STATS,Normal
1790946699.773,esif_uf.exe,services.exe,0.0,7.3,,STATS,Normal
1790946699.773,OneApp.IGCC.WinService.exe,services.exe,0.0,48.3,,STATS,Normal
1790946699.773,svchost.exe,services.exe,0.2,28.8,,STATS,Normal
1790946699.773,svchost.exe,services.exe,0.0,15.3,,STATS,Normal
1790946699.773,MpDefenderCoreService.exe,services.exe,0.0,24.2,,STATS,Normal
1790946699.773,nvcontainer.exe,services.exe,0.0,40.3,,STATS,Normal
1790946699.773,svchost.exe,services.exe,0.0,12.8,,STATS,Normal
1790946699.773,RstMwService.exe,services.exe,0.0,8.4,,STATS,Normal
1790946699.773,svchost.exe,services.exe,0.0,7.1,,STATS,Normal
1790946699.773,svchost.exe,services.exe,0.0,22.5,,STATS,Normal
1790946699.773,MsMpEng.exe,services.exe,0.29,333.3,,STATS,Normal
1790946699.773,WMIRegistrationService.exe,services.exe,0.0,13.1,,STATS,Normal
1790946699.773,RtkAudUService64.exe,services.exe,0.0,15.0,,STATS,Normal
1790946699.773,svchost.exe,services.exe,0.0,16.1,,STATS,Normal
1790946699.773,brave.exe,brave.exe,0.0,71.6,,STATS,Normal
1790946699.773,msedgewebview2.exe,msedgewebview2.exe,0.0,12.5,,STATS,Normal
1790946699.773,svchost.exe,services.exe,0.0,14.1,,STATS,Normal
1790946699.773,jhi_service.exe,services.exe,0.0,7.9,,STATS,Normal
1790946699.773,brave.exe,brave.exe,0.0,127.8,,STATS,Normal
1790946699.773,svchost.exe,services.exe,0.0,15.4,,STATS,Normal
1790946699.773,msedgewebview2.exe,msedgewebview2.exe,0.0,18.7,,STATS,Normal
1790946699.773,csrss.exe,,0.0,8.6,,STATS,Normal
1790946699.773,svchost.exe,services.exe,0.0,28.2,,STATS,Normal
1790946699.773,Code.exe,Code.exe,0.0,166.2,,STATS,Normal
1790946699.773,dwm.exe,winlogon.exe,0.2,149.8,,STATS,Normal
1790946699.773,NgcIso.exe,svchost.exe,0.0,4.1,,STATS,Normal
1790946699.773,winlogon.exe,,0.0,23.6,,STATS,Normal
1790946699.773,brave.exe,explorer.exe,0.0,290.0,,STATS,Normal
1790946699.773,fontdrvhost.exe,winlogon.exe,0.0,8.8,,STATS,Normal
1790946699.773,IGCC.exe,svchost.exe,0.0,14.8,,STATS,Normal
1790946699.773,brave.exe,brave.exe,1.07,247.7,,STATS,Normal
1790946699.773,brave.exe,brave.exe,0.0,189.2,,STATS,Normal
1790946699.773,svchost.exe,services.exe,0.0,10.9,,STATS,Normal
1790946699.773,brave.exe,brave.exe,0.0,8.9,,STATS,Normal
1790946699.773,brave.exe,brave.exe,0.0,104.2,,STATS,Normal
1790946699.773,NVIDIA Overlay.exe,NVIDIA Overlay.exe,0.0,70.6,,STATS,Normal
1790946699.773,WmiPrvSE.exe,svchost.exe,0.0,17.4,,STATS,Normal
1790946699.773,nvcontainer.exe,nvcontainer.exe,0.0,33.2,,STATS,Normal
1790946699.773,unsecapp.exe,svchost.exe,0.0,10.1,,STATS,Normal
1790946699.773,svchost.exe,services.exe,0.0,9.6,,STATS,Normal
1790946699.773,NVIDIA Overlay.exe,nvcontainer.exe,0.0,148.9,,STATS,Normal
1790946699.773,AsusOptimizationStartupTask.exe,AsusOptimization.exe,0.0,19.6,,STATS,Normal
1790946699.773,SecurityHealthSystray.exe,explorer.exe,0.0,13.1,,STATS,Normal
1790946699.773,svchost.exe,services.exe,0.0,27.8,,STATS,Normal
1790946699.773,brave.exe,brave.exe,0.0,138.7,,STATS,Normal
1790946699.773,msedge.exe,msedge.exe,0.0,41.4,,STATS,Normal
1790946699.773,svchost.exe,services.exe,0.0,10.3,,STATS,Normal
1790946699.773,sihost.exe,svchost.exe,0.0,48.4,,STATS,Normal
1790946699.773,AppVShNotify.exe,OfficeClickToRun.exe,0.0,9.8,,STATS,Normal
1790946699.773,brave.exe,brave.exe,0.0,118.1,,STATS,Normal
1790946699.773,msedgewebview2.exe,SearchHost.exe,0.0,114.7,,STATS,Normal
1790946699.773,AsusOSD.exe,,0.0,16.5,,STATS,Normal
1790946699.773,ApplicationFrameHost.exe,svchost.exe,0.0,49.6,,STATS,Normal
1790946699.773,Code.exe,Code.exe,0.0,147.5,,STATS,Normal
1790946699.773,brave.exe,brave.exe,0.0,91.5,,STATS,Normal
1790946699.773,NVIDIA Overlay.exe,NVIDIA Overlay.exe,0.0,22.3,,STATS,Normal
1790946699.773,svchost.exe,services.exe,0.0,23.1,,STATS,Normal
1790946699.773,msedge.exe,,0.0,143.9,,STATS,Normal
1790946699.773,nvcontainer.exe,nvcontainer.exe,0.0,39.6,,STATS,Normal
1790946699.773,svchost.exe,services.exe,0.0,29.0,,STATS,Normal
1790946699.773,NisSrv.exe,services.exe,0.0,14.2,,STATS,Normal
1790946699.773,NVDisplay.Container.exe,NVDisplay.Container.exe,0.0,44.6,,STATS,Normal
1790946699.773,ctfmon.exe,svchost.exe,0.0,31.4,,STATS,Normal
1790946699.773,taskhostw.exe,svchost.exe,0.0,21.3,,STATS,Normal
1790946699.773,explorer.exe,,0.0,338.0,,STATS,Normal
1790946699.773,StartMenuExperienceHost.exe,svchost.exe,0.0,150.1,,STATS,Normal
1790946699.773,RuntimeBroker.exe,svchost.exe,0.0,81.3,,STATS,Normal
1790946699.773,brave.exe,brave.exe,0.0,388.4,,STATS,Normal
1790946699.773,msedge.exe,msedge.exe,0.0,49.9,,STATS,Normal
1790946699.773,svchost.exe,services.exe,0.0,12.7,,STATS,Normal
1790946699.773,svchost.exe,services.exe,0.0,24.3,,STATS,Normal
1790946699.773,svchost.exe,services.exe,0.0,42.5,,STATS,Normal
1790946699.773,SpotifyXboxGamebarWebView.exe,svchost.exe,0.0,69.8,,STATS,Normal
1790946699.773,SearchIndexer.exe,services.exe,0.0,45.1,,STATS,Normal
1790946699.773,Code.exe,explorer.exe,0.0,165.6,,STATS,Normal
1790946699.773,svchost.exe,services.exe,0.0,43.9,,STATS,Normal
1790946699.773,svchost.exe,services.exe,0.0,11.2,,STATS,Normal
1790946699.773,CrossDeviceResume.exe,sihost.exe,0.0,52.4,,STATS,Normal
1790946699.773,brave.exe,brave.exe,0.0,295.5,,STATS,Normal
1790946699.773,dllhost.exe,svchost.exe,0.0,20.4,,STATS,Normal
1790946699.773,Code.exe,Code.exe,0.0,282.0,,STATS,Normal
1790946699.773,brave.exe,brave.exe,0.0,25.5,,STATS,Normal
1790946699.773,WidgetService.exe,svchost.exe,0.0,24.9,,STATS,Normal
1790946699.773,nvcontainer.exe,nvcontainer.exe,0.0,91.6,,STATS,Normal
1790946699.773,svchost.exe,services.exe,0.0,29.2,,STATS,Normal
1790946699.773,DefenderSessionHelper.exe,MsMpEng.exe,0.0,6.4,,STATS,Normal
1790946699.773,svchost.exe,services.exe,0.0,70.7,,STATS,Normal
1790946699.773,UserOOBEBroker.exe,svchost.exe,0.0,11.1,,STATS,Normal
1790946699.773,nvsphelper64.exe,nvcontainer.exe,0.0,16.0,,STATS,Normal
1790946699.773,powershell.exe,explorer.exe,0.0,79.2,,STATS,Normal
1790946699.773,svchost.exe,services.exe,0.0,32.4,,STATS,Normal
1790946699.773,WidgetBoard.exe,svchost.exe,0.0,29.1,,STATS,Normal
1790946699.773,brave.exe,brave.exe,0.0,47.2,,STATS,Normal
1790946699.773,SecurityHealthService.exe,services.exe,0.0,23.0,,STATS,Normal
1790946699.773,svchost.exe,services.exe,0.0,14.8,,STATS,Normal
1790946699.773,dllhost.exe,svchost.exe,0.0,12.6,,STATS,Normal
1790946699.773,svchost.exe,services.exe,0.0,18.6,,STATS,Normal
1790946699.773,ArmouryCrateKeyControl.exe,ArmouryCrateControlInterface.exe,0.0,46.2,,STATS,Normal
1790946699.773,conhost.exe,powershell.exe,0.0,23.5,,STATS,Normal
1790946699.773,Code.exe,Code.exe,0.0,118.9,,STATS,Normal
1790946699.773,pet.exe,Code.exe,0.0,9.1,,STATS,Normal
1790946699.773,svchost.exe,services.exe,0.0,10.2,,STATS,Normal
1790946699.773,SDXHelper.exe,svchost.exe,0.0,31.9,,STATS,Normal
1790946699.773,NVIDIA Overlay.exe,NVIDIA Overlay.exe,0.0,37.0,,STATS,Normal
1790946699.773,svchost.exe,services.exe,0.0,16.0,,STATS,Normal
1790946699.773,OfficeClickToRun.exe,services.exe,0.0,58.8,,STATS,Normal
1790946699.773,conhost.exe,pet.exe,0.0,6.8,,STATS,Normal
1790946699.773,RuntimeBroker.exe,svchost.exe,0.0,19.2,,STATS,Normal
1790946699.773,TextInputHost.exe,svchost.exe,0.0,128.1,,STATS,Normal
1790946699.773,svchost.exe,services.exe,0.0,7.6,,STATS,Normal
1790946699.773,msedge.exe,msedge.exe,0.0,12.7,,STATS,Normal
1790946699.773,AsusSoftwareManagerAgent.exe,AsusSoftwareManager.exe,0.0,44.3,,STATS,Normal
1790946699.773,wlanext.exe,svchost.exe,0.0,11.2,,STATS,Normal
1790946699.773,copilot-runtime.exe,Code.exe,0.0,19.2,,STATS,Normal
1790946699.773,AppActions.exe,svchost.exe,0.0,39.7,,STATS,Normal
1790946699.773,brave.exe,brave.exe,0.0,67.0,,STATS,Normal
1790946699.773,SearchHost.exe,svchost.exe,0.0,139.5,,STATS,Normal
1790946699.773,svchost.exe,services.exe,0.0,24.8,,STATS,Normal
1790946699.773,brave.exe,brave.exe,0.0,177.4,,STATS,Normal
1790946699.773,msedgewebview2.exe,msedgewebview2.exe,0.0,124.9,,STATS,Normal
1790946699.773,OpenConsole.exe,Code.exe,0.0,11.4,,STATS,Normal
1790946699.773,brave.exe,brave.exe,0.0,81.6,,STATS,Normal
1790946699.773,svchost.exe,services.exe,0.0,7.6,,STATS,Normal
1790946699.773,RuntimeBroker.exe,svchost.exe,0.0,29.5,,STATS,Normal
1790946699.773,Intel_PIE_Service.exe,services.exe,0.0,11.8,,STATS,Normal
1790946699.773,Code.exe,Code.exe,0.0,106.8,,STATS,Normal
1790946699.773,Code.exe,Code.exe,0.0,33.5,,STATS,Normal
1790946699.773,brave.exe,brave.exe,0.0,224.6,,STATS,Normal
1790946699.773,dllhost.exe,svchost.exe,0.0,11.1,,STATS,Normal
1790946699.773,msedgewebview2.exe,msedgewebview2.exe,0.0,83.1,,STATS,Normal
1790946699.773,msedgewebview2.exe,msedgewebview2.exe,0.0,40.5,,STATS,Normal
1790946699.773,Code.exe,Code.exe,0.0,340.2,,STATS,Normal
1790946699.773,conhost.exe,copilot-runtime.exe,0.0,7.0,,STATS,Normal
1790946699.773,brave.exe,brave.exe,0.0,22.5,,STATS,Normal
1790946699.773,brave.exe,brave.exe,0.0,75.8,,STATS,Normal
1790946699.773,brave.exe,brave.exe,0.0,78.3,,STATS,Normal
1790946699.773,Code.exe,Code.exe,0.0,582.9,,STATS,Normal
1790946699.773,conhost.exe,powershell.exe,0.0,21.8,,STATS,Normal
1790946699.773,powershell.exe,explorer.exe,0.0,78.4,,STATS,Normal
1790946699.773,python.exe,powershell.exe,0.0,23.8,,STATS,Normal
1790946699.773,ShellHost.exe,sihost.exe,0.0,55.2,,STATS,Normal
1790946699.773,brave.exe,brave.exe,0.0,32.8,,STATS,Normal
1790946699.773,svchost.exe,services.exe,0.0,9.7,,STATS,Normal
1790946699.773,brave.exe,brave.exe,0.0,59.1,,STATS,Normal
1790946699.773,WmiPrvSE.exe,svchost.exe,0.0,15.0,,STATS,Normal
1790946699.773,backgroundTaskHost.exe,svchost.exe,0.0,21.3,,STATS,Normal
1790946709.772,backgroundTaskHost.exe,svchost.exe,,,,EXIT,Normal
1790946713.781,powershell.exe,python.exe,,67.3,,START,Normal
1790946713.781,WmiPrvSE.exe,svchost.exe,,,,EXIT,Normal
1790946715.772,powershell.exe,python.exe,,,,EXIT,Normal
1790946719.779,svchost.exe,services.exe,,15.2,,START,Normal
1790946731.772,System Idle Process,,97.26,0.0,,STATS,Normal
1790946731.772,System,System Idle Process,0.0,9.3,,STATS,Normal
1790946731.772,,,0.0,0.1,,STATS,Normal
1790946731.772,Registry,,0.0,47.6,,STATS,Normal
1790946731.772,Code.exe,Code.exe,0.0,159.5,,STATS,Normal
1790946731.772,smss.exe,System,0.0,1.5,,STATS,Normal
1790946731.772,csrss.exe,,0.0,6.8,,STATS,Normal
1790946731.772,svchost.exe,services.exe,0.0,12.7,,STATS,Normal
1790946731.772,wininit.exe,,0.0,9.4,,STATS,Normal
1790946731.772,services.exe,wininit.exe,0.0,10.7,,STATS,Normal
1790946731.772,svchost.exe,services.exe,0.0,12.2,,STATS,Normal
1790946731.772,LsaIso.exe,wininit.exe,0.0,3.9,,STATS,Normal
1790946731.772,lsass.exe,wininit.exe,0.0,32.5,,STATS,Normal
1790946731.772,IntelCpHDCPSvc.exe,services.exe,0.0,9.2,,STATS,Normal
1790946731.772,svchost.exe,services.exe,0.0,7.6,,STATS,Normal
1790946731.772,svchost.exe,services.exe,0.0,44.6,,STATS,Normal
1790946731.772,fontdrvhost.exe,wininit.exe,0.0,4.3,,STATS,Normal
1790946731.772,WUDFHost.exe,services.exe,0.0,21.7,,STATS,Normal
1790946731.772,svchost.exe,services.exe,0.0,19.8,,STATS,Normal
1790946731.772,svchost.exe,services.exe,0.0,12.7,,STATS,Normal
1790946731.772,svchost.exe,services.exe,0.0,6.8,,STATS,Normal
1790946731.772,svchost.exe,services.exe,0.0,12.2,,STATS,Normal
1790946731.772,svchost.exe,services.exe,0.0,22.1,,STATS,Normal
1790946731.772,svchost.exe,services.exe,0.0,17.8,,STATS,Normal
1790946731.772,igfxEM.exe,igfxCUIService.exe,0.0,17.2,,STATS,Normal
1790946731.772,svchost.exe,services.exe,0.0,16.6,,STATS,Normal
1790946731.772,svchost.exe,services.exe,0.0,13.5,,STATS,Normal
1790946731.772,svchost.exe,services.exe,0.0,14.9,,STATS,Normal
1790946731.772,svchost.exe,services.exe,0.0,30.5,,STATS,Normal
1790946731.772,svchost.exe,services.exe,0.0,12.4,,STATS,Normal
1790946731.772,svchost.exe,services.exe,0.0,13.9,,STATS,Normal
1790946731.772,IntelCpHeciSvc.exe,services.exe,0.0,9.3,,STATS,Normal
1790946731.772,svchost.exe,services.exe,0.0,23.7,,STATS,Normal
1790946731.772,brave.exe,brave.exe,0.1,368.7,,STATS,Normal
1790946731.772,svchost.exe,services.exe,0.0,8.0,,STATS,Normal
1790946731.772,svchost.exe,services.exe,0.0,22.4,,STATS,Normal
1790946731.772,svchost.exe,services.exe,0.0,10.2,,STATS,Normal
1790946731.772,NVDisplay.Container.exe,services.exe,0.0,36.7,,STATS,Normal
1790946731.772,NVIDIA Overlay.exe,NVIDIA Overlay.exe,0.0,94.1,,STATS,Normal
1790946731.772,svchost.exe,services.exe,0.0,12.0,,STATS,Normal
1790946731.772,PresentationFontCache.exe,services.exe,0.0,19.6,,STATS,Normal
1790946731.772,dllhost.exe,svchost.exe,0.0,21.3,,STATS,Normal
1790946731.772,svchost.exe,services.exe,0.78,20.0,,STATS,Normal
1790946731.772,svchost.exe,services.exe,0.0,28.8,,STATS,Normal
1790946731.772,svchost.exe,services.exe,0.0,10.1,,STATS,Normal
1790946731.772,svchost.exe,services.exe,0.0,7.3,,STATS,Normal
1790946731.772,svchost.exe,services.exe,0.0,18.4,,STATS,Normal
1790946731.772,MemCompression,System,0.0,366.1,,STATS,Normal
1790946731.772,svchost.exe,services.exe,0.0,11.6,,STATS,Normal
1790946731.772,svchost.exe,services.exe,0.0,19.6,,STATS,Normal
1790946731.772,igfxCUIService.exe,services.exe,0.0,12.0,,STATS,Normal
1790946731.772,svchost.exe,services.exe,0.0,9.0,,STATS,Normal
1790946731.772,svchost.exe,services.exe,0.0,12.4,,STATS,Normal
1790946731.772,svchost.exe,services.exe,0.0,9.4,,STATS,Normal
1790946731.772,svchost.exe,services.exe,0.0,24.8,,STATS,Normal
1790946731.772,MicrosoftStartFeedProvider.exe,svchost.exe,0.0,42.7,,STATS,Normal
1790946731.772,SystemSettings.exe,svchost.exe,0.0,3.6,,STATS,Normal
1790946731.772,svchost.exe,services.exe,0.0,21.3,,STATS,Normal
1790946731.772,svchost.exe,services.exe,0.0,11.2,,STATS,Normal
1790946731.772,svchost.exe,services.exe,0.0,14.8,,STATS,Normal
1790946731.772,Code.exe,Code.exe,0.0,52.6,,STATS,Normal
1790946731.772,svchost.exe,services.exe,0.0,10.5,,STATS,Normal
1790946731.772,svchost.exe,services.exe,0.0,25.1,,STATS,Normal
1790946731.772,svchost.exe,services.exe,0.0,12.4,,STATS,Normal
1790946731.772,msedge.exe,msedge.exe,0.0,19.2,,STATS,Normal
1790946731.772,svchost.exe,services.exe,0.0,21.7,,STATS,Normal
1790946731.772,svchost.exe,services.exe,0.0,10.8,,STATS,Normal
1790946731.772,svchost.exe,services.exe,0.0,13.3,,STATS,Normal
1790946731.772,svchost.exe,services.exe,0.0,30.8,,STATS,Normal
1790946731.772,powershell.exe,Code.exe,0.0,96.8,,STATS,Normal
1790946731.772,brave.exe,brave.exe,0.0,54.2,,STATS,Normal
1790946731.772,svchost.exe,services.exe,0.0,9.0,,STATS,Normal
1790946731.772,svchost.exe,services.exe,0.0,29.4,,STATS,Normal
1790946731.772,svchost.exe,services.exe,0.0,11.3,,STATS,Normal
1790946731.772,AsusOptimization.exe,services.exe,0.0,10.1,,STATS,Normal
1790946731.772,svchost.exe,services.exe,0.0,20.5,,STATS,Normal
1790946731.772,svchost.exe,services.exe,0.0,12.8,,STATS,Normal
1790946731.772,spoolsv.exe,services.exe,0.0,26.7,,STATS,Normal
1790946731.772,svchost.exe,services.exe,0.0,9.9,,STATS,Normal
1790946731.772,backgroundTaskHost.exe,svchost.exe,0.0,64.2,,STATS,Normal
1790946731.772,ArmouryCrateControlInterface.exe,services.exe,0.0,11.7,,STATS,Normal
1790946731.772,AsusSoftwareManager.exe,services.exe,0.0,20.6,,STATS,Normal
1790946731.772,AsusSwitch.exe,services.exe,0.0,9.5,,STATS,Normal
1790946731.772,AsusSystemAnalysis.exe,services.exe,0.0,17.2,,STATS,Normal
1790946731.772,svchost.exe,services.exe,0.0,42.1,,STATS,Normal
1790946731.772,AsusAppService.exe,services.exe,0.0,25.2,,STATS,Normal
1790946731.772,AsusSystemDiagnosis.exe,services.exe,0.0,12.2,,STATS,Normal
1790946731.772,DtsApo4Service.exe,services.exe,0.0,20.4,,STATS,Normal
1790946731.772,svchost.exe,services.exe,0.0,16.7,,STATS,Normal
1790946731.772,cmw_srv.exe,services.exe,0.0,90.5,,STATS,Normal
1790946731.772,esif_uf.exe,services.exe,0.0,7.3,,STATS,Normal
1790946731.772,OneApp.IGCC.WinService.exe,services.exe,0.0,48.3,,STATS,Normal
1790946731.772,svchost.exe,services.exe,0.0,28.8,,STATS,Normal
1790946731.772,svchost.exe,services.exe,0.0,15.2,,STATS,Normal
1790946731.772,MpDefenderCoreService.exe,services.exe,0.0,24.2,,STATS,Normal
1790946731.772,nvcontainer.exe,services.exe,0.0,40.3,,STATS,Normal
1790946731.772,svchost.exe,services.exe,0.0,12.7,,STATS,Normal
1790946731.772,RstMwService.exe,services.exe,0.0,8.4,,STATS,Normal
1790946731.772,svchost.exe,services.exe,0.0,7.1,,STATS,Normal
1790946731.772,svchost.exe,services.exe,0.0,22.4,,STATS,Normal
1790946731.772,MsMpEng.exe,services.exe,0.39,338.0,,STATS,Normal
1790946731.772,WMIRegistrationService.exe,services.exe,0.0,13.1,,STATS,Normal
1790946731.772,RtkAudUService64.exe,services.exe,0.0,15.0,,STATS,Normal
1790946731.772,svchost.exe,services.exe,0.0,16.1,,STATS,Normal
1790946731.772,brave.exe,brave.exe,0.0,71.6,,STATS,Normal
1790946731.772,msedgewebview2.exe,msedgewebview2.exe,0.0,12.5,,STATS,Normal
1790946731.772,svchost.exe,services.exe,0.0,14.1,,STATS,Normal
1790946731.772,jhi_service.exe,services.exe,0.0,7.9,,STATS,Normal
1790946731.772,brave.exe,brave.exe,0.1,127.9,,STATS,Normal
1790946731.772,svchost.exe,services.exe,0.0,15.4,,STATS,Normal
1790946731.772,msedgewebview2.exe,msedgewebview2.exe,0.0,18.7,,STATS,Normal
1790946731.772,csrss.exe,,0.1,8.6,,STATS,Normal
1790946731.772,svchost.exe,services.exe,0.0,34.2,,STATS,Normal
1790946731.772,Code.exe,Code.exe,0.0,166.2,,STATS,Normal
1790946731.772,dwm.exe,winlogon.exe,0.0,149.9,,STATS,Normal
1790946731.772,NgcIso.exe,svchost.exe,0.0,4.1,,STATS,Normal
1790946731.772,winlogon.exe,,0.0,23.6,,STATS,Normal
1790946731.772,brave.exe,explorer.exe,0.1,290.1,,STATS,Normal
1790946731.772,fontdrvhost.exe,winlogon.exe,0.0,8.8,,STATS,Normal
1790946731.772,IGCC.exe,svchost.exe,0.0,14.8,,STATS,Normal
1790946731.772,brave.exe,brave.exe,0.0,252.9,,STATS,Normal
1790946731.772,brave.exe,brave.exe,0.0,189.3,,STATS,Normal
1790946731.772,svchost.exe,services.exe,0.0,10.9,,STATS,Normal
1790946731.772,brave.exe,brave.exe,0.0,8.9,,STATS,Normal
1790946731.772,brave.exe,brave.exe,0.0,104.2,,STATS,Normal
1790946731.772,NVIDIA Overlay.exe,NVIDIA Overlay.exe,0.0,70.6,,STATS,Normal
1790946731.772,WmiPrvSE.exe,svchost.exe,0.0,17.4,,STATS,Normal
1790946731.772,nvcontainer.exe,nvcontainer.exe,0.0,33.2,,STATS,Normal
1790946731.772,unsecapp.exe,svchost.exe,0.0,10.1,,STATS,Normal
1790946731.772,svchost.exe,services.exe,0.0,9.6,,STATS,Normal
1790946731.772,NVIDIA Overlay.exe,nvcontainer.exe,0.0,149.0,,STATS,Normal
1790946731.772,AsusOptimizationStartupTask.exe,AsusOptimization.exe,0.0,19.6,,STATS,Normal
1790946731.772,SecurityHealthSystray.exe,explorer.exe,0.0,13.1,,STATS,Normal
1790946731.772,svchost.exe,services.exe,0.0,27.7,,STATS,Normal
1790946731.772,brave.exe,brave.exe,0.0,137.9,,STATS,Normal
1790946731.772,msedge.exe,msedge.exe,0.0,41.4,,STATS,Normal
1790946731.772,svchost.exe,services.exe,0.0,10.3,,STATS,Normal
1790946731.772,sihost.exe,svchost.exe,0.0,48.4,,STATS,Normal
1790946731.772,AppVShNotify.exe,OfficeClickToRun.exe,0.0,9.8,,STATS,Normal
1790946731.772,brave.exe,brave.exe,0.0,118.1,,STATS,Normal
1790946731.772,msedgewebview2.exe,SearchHost.exe,0.0,114.7,,STATS,Normal
1790946731.772,AsusOSD.exe,,0.0,16.5,,STATS,Normal
1790946731.772,ApplicationFrameHost.exe,svchost.exe,0.0,49.6,,STATS,Normal
1790946731.772,Code.exe,Code.exe,0.0,147.5,,STATS,Normal
1790946731.772,brave.exe,brave.exe,0.0,91.5,,STATS,Normal
1790946731.772,NVIDIA Overlay.exe,NVIDIA Overlay.exe,0.0,22.3,,STATS,Normal
1790946731.772,svchost.exe,services.exe,0.0,23.1,,STATS,Normal
1790946731.772,msedge.exe,,0.0,143.9,,STATS,Normal
1790946731.772,nvcontainer.exe,nvcontainer.exe,0.0,39.6,,STATS,Normal
1790946731.772,svchost.exe,services.exe,0.0,29.0,,STATS,Normal
1790946731.772,NisSrv.exe,services.exe,0.0,14.2,,STATS,Normal
1790946731.772,NVDisplay.Container.exe,NVDisplay.Container.exe,0.0,44.6,,STATS,Normal
1790946731.772,ctfmon.exe,svchost.exe,0.0,31.4,,STATS,Normal
1790946731.772,taskhostw.exe,svchost.exe,0.0,21.3,,STATS,Normal
1790946731.772,explorer.exe,,0.0,338.9,,STATS,Normal
1790946731.772,StartMenuExperienceHost.exe,svchost.exe,0.0,150.1,,STATS,Normal
1790946731.772,RuntimeBroker.exe,svchost.exe,0.0,81.3,,STATS,Normal
1790946731.772,brave.exe,brave.exe,0.1,388.4,,STATS,Normal
1790946731.772,msedge.exe,msedge.exe,0.0,49.9,,STATS,Normal
1790946731.772,svchost.exe,services.exe,0.0,12.6,,STATS,Normal
1790946731.772,svchost.exe,services.exe,0.0,24.3,,STATS,Normal
1790946731.772,svchost.exe,services.exe,0.0,42.5,,STATS,Normal
1790946731.772,SpotifyXboxGamebarWebView.exe,svchost.exe,0.0,69.8,,STATS,Normal
1790946731.772,SearchIndexer.exe,services.exe,0.0,45.2,,STATS,Normal
1790946731.772,Code.exe,explorer.exe,0.0,165.9,,STATS,Normal
1790946731.772,svchost.exe,services.exe,0.0,43.9,,STATS,Normal
1790946731.772,svchost.exe,services.exe,0.0,11.2,,STATS,Normal
1790946731.772,CrossDeviceResume.exe,sihost.exe,0.0,52.4,,STATS,Normal
1790946731.772,brave.exe,brave.exe,0.0,295.5,,STATS,Normal
1790946731.772,dllhost.exe,svchost.exe,0.0,20.4,,STATS,Normal
1790946731.772,Code.exe,Code.exe,0.0,286.6,,STATS,Normal
1790946731.772,brave.exe,brave.exe,0.0,25.5,,STATS,Normal
1790946731.772,WidgetService.exe,svchost.exe,0.0,24.9,,STATS,Normal
1790946731.772,nvcontainer.exe,nvcontainer.exe,0.0,91.6,,STATS,Normal
1790946731.772,svchost.exe,services.exe,0.0,29.2,,STATS,Normal
1790946731.772,DefenderSessionHelper.exe,MsMpEng.exe,0.0,6.4,,STATS,Normal
1790946731.772,svchost.exe,services.exe,0.0,70.7,,STATS,Normal
1790946731.772,UserOOBEBroker.exe,svchost.exe,0.0,11.1,,STATS,Normal
1790946731.772,nvsphelper64.exe,nvcontainer.exe,0.0,16.0,,STATS,Normal
1790946731.772,powershell.exe,explorer.exe,0.0,79.2,,STATS,Normal
1790946731.772,svchost.exe,services.exe,0.0,32.4,,STATS,Normal
1790946731.772,WidgetBoard.exe,svchost.exe,0.0,29.1,,STATS,Normal
1790946731.772,brave.exe,brave.exe,0.0,47.2,,STATS,Normal
1790946731.772,SecurityHealthService.exe,services.exe,0.0,23.0,,STATS,Normal
1790946731.772,svchost.exe,services.exe,0.0,14.8,,STATS,Normal
1790946731.772,dllhost.exe,svchost.exe,0.0,12.6,,STATS,Normal
1790946731.772,svchost.exe,services.exe,0.0,18.6,,STATS,Normal
1790946731.772,ArmouryCrateKeyControl.exe,ArmouryCrateControlInterface.exe,0.0,46.2,,STATS,Normal
1790946731.772,conhost.exe,powershell.exe,0.0,23.5,,STATS,Normal
1790946731.772,Code.exe,Code.exe,0.0,118.8,,STATS,Normal
1790946731.772,pet.exe,Code.exe,0.0,9.1,,STATS,Normal
1790946731.772,svchost.exe,services.exe,0.0,10.2,,STATS,Normal
1790946731.772,SDXHelper.exe,svchost.exe,0.0,31.9,,STATS,Normal
1790946731.772,NVIDIA Overlay.exe,NVIDIA Overlay.exe,0.0,37.0,,STATS,Normal
1790946731.772,svchost.exe,services.exe,0.0,16.0,,STATS,Normal
1790946731.772,OfficeClickToRun.exe,services.exe,0.0,58.8,,STATS,Normal
1790946731.772,conhost.exe,pet.exe,0.0,6.8,,STATS,Normal
1790946731.772,RuntimeBroker.exe,svchost.exe,0.0,19.2,,STATS,Normal
1790946731.772,TextInputHost.exe,svchost.exe,0.0,128.1,,STATS,Normal
1790946731.772,svchost.exe,services.exe,0.0,7.6,,STATS,Normal
1790946731.772,msedge.exe,msedge.exe,0.0,12.7,,STATS,Normal
1790946731.772,AsusSoftwareManagerAgent.exe,AsusSoftwareManager.exe,0.0,44.3,,STATS,Normal
1790946731.772,wlanext.exe,svchost.exe,0.0,11.2,,STATS,Normal
1790946731.772,copilot-runtime.exe,Code.exe,0.0,19.2,,STATS,Normal
1790946731.772,AppActions.exe,svchost.exe,0.0,39.7,,STATS,Normal
1790946731.772,brave.exe,brave.exe,0.0,67.0,,STATS,Normal
1790946731.772,SearchHost.exe,svchost.exe,0.0,139.5,,STATS,Normal
1790946731.772,svchost.exe,services.exe,0.0,24.8,,STATS,Normal
1790946731.772,brave.exe,brave.exe,0.0,177.4,,STATS,Normal
1790946731.772,msedgewebview2.exe,msedgewebview2.exe,0.0,124.9,,STATS,Normal
1790946731.772,OpenConsole.exe,Code.exe,0.0,11.4,,STATS,Normal
1790946731.772,brave.exe,brave.exe,0.0,83.8,,STATS,Normal
1790946731.772,svchost.exe,services.exe,0.0,7.6,,STATS,Normal
1790946731.772,RuntimeBroker.exe,svchost.exe,0.0,29.5,,STATS,Normal
1790946731.772,Intel_PIE_Service.exe,services.exe,0.0,11.8,,STATS,Normal
1790946731.772,Code.exe,Code.exe,0.0,106.9,,STATS,Normal
1790946731.772,Code.exe,Code.exe,0.0,33.5,,STATS,Normal
1790946731.772,brave.exe,brave.exe,0.0,224.6,,STATS,Normal
1790946731.772,dllhost.exe,svchost.exe,0.0,11.1,,STATS,Normal
1790946731.772,msedgewebview2.exe,msedgewebview2.exe,0.0,83.1,,STATS,Normal
1790946731.772,msedgewebview2.exe,msedgewebview2.exe,0.0,40.5,,STATS,Normal
1790946731.772,Code.exe,Code.exe,0.0,340.2,,STATS,Normal
1790946731.772,conhost.exe,copilot-runtime.exe,0.0,7.0,,STATS,Normal
1790946731.772,brave.exe,brave.exe,0.0,22.5,,STATS,Normal
1790946731.772,brave.exe,brave.exe,0.0,76.3,,STATS,Normal
1790946731.772,brave.exe,brave.exe,0.0,78.3,,STATS,Normal
1790946731.772,Code.exe,Code.exe,0.0,582.9,,STATS,Normal
1790946731.772,conhost.exe,powershell.exe,0.0,21.8,,STATS,Normal
1790946731.772,powershell.exe,explorer.exe,0.0,78.4,,STATS,Normal
1790946731.772,python.exe,powershell.exe,0.2,23.8,,STATS,Normal
1790946731.772,ShellHost.exe,sihost.exe,0.0,55.2,,STATS,Normal
1790946731.772,brave.exe,brave.exe,0.0,32.8,,STATS,Normal
1790946731.772,svchost.exe,services.exe,0.0,9.7,,STATS,Normal
1790946731.772,brave.exe,brave.exe,0.0,59.1,,STATS,Normal
1790946731.772,svchost.exe,services.exe,0.0,15.1,,STATS,Normal
1790946743.781,powershell.exe,python.exe,,72.1,,START,Normal
1790946745.772,powershell.exe,python.exe,,,,EXIT,Normal
1790946761.782,System Idle Process,,84.6,0.0,,STATS,Normal
1790946761.782,System,System Idle Process,2.73,9.3,,STATS,Normal
1790946761.782,,,0.0,0.1,,STATS,Normal
1790946761.782,Registry,,0.0,47.6,,STATS,Normal
1790946761.782,Code.exe,Code.exe,0.0,159.5,,STATS,Normal
1790946761.782,smss.exe,System,0.0,1.5,,STATS,Normal
1790946761.782,csrss.exe,,0.0,6.8,,STATS,Normal
1790946761.782,svchost.exe,services.exe,0.0,12.7,,STATS,Normal
1790946761.782,wininit.exe,,0.0,9.4,,STATS,Normal
1790946761.782,services.exe,wininit.exe,0.0,10.7,,STATS,Normal
1790946761.782,svchost.exe,services.exe,0.0,12.2,,STATS,Normal
1790946761.782,LsaIso.exe,wininit.exe,0.0,3.9,,STATS,Normal
1790946761.782,lsass.exe,wininit.exe,0.0,32.5,,STATS,Normal
1790946761.782,IntelCpHDCPSvc.exe,services.exe,0.0,9.2,,STATS,Normal
1790946761.782,svchost.exe,services.exe,0.0,7.6,,STATS,Normal
1790946761.782,svchost.exe,services.exe,0.0,44.6,,STATS,Normal
1790946761.782,fontdrvhost.exe,wininit.exe,0.0,4.3,,STATS,Normal
1790946761.782,WUDFHost.exe,services.exe,0.0,21.7,,STATS,Normal
1790946761.782,svchost.exe,services.exe,0.0,19.8,,STATS,Normal
1790946761.782,svchost.exe,services.exe,0.0,12.7,,STATS,Normal
1790946761.782,svchost.exe,services.exe,0.0,6.8,,STATS,Normal
1790946761.782,svchost.exe,services.exe,0.0,12.2,,STATS,Normal
1790946761.782,svchost.exe,services.exe,0.0,22.1,,STATS,Normal
1790946761.782,svchost.exe,services.exe,0.0,17.7,,STATS,Normal
1790946761.782,igfxEM.exe,igfxCUIService.exe,0.0,17.2,,STATS,Normal
1790946761.782,svchost.exe,services.exe,0.0,16.6,,STATS,Normal
1790946761.782,svchost.exe,services.exe,0.0,13.5,,STATS,Normal
1790946761.782,svchost.exe,services.exe,0.0,14.9,,STATS,Normal
1790946761.782,svchost.exe,services.exe,0.0,30.5,,STATS,Normal
1790946761.782,svchost.exe,services.exe,0.0,12.4,,STATS,Normal
1790946761.782,svchost.exe,services.exe,0.0,13.9,,STATS,Normal
1790946761.782,IntelCpHeciSvc.exe,services.exe,0.0,9.3,,STATS,Normal
1790946761.782,svchost.exe,services.exe,0.0,23.7,,STATS,Normal
1790946761.782,brave.exe,brave.exe,0.0,368.8,,STATS,Normal
1790946761.782,svchost.exe,services.exe,0.0,8.0,,STATS,Normal
1790946761.782,svchost.exe,services.exe,0.0,22.4,,STATS,Normal
1790946761.782,svchost.exe,services.exe,0.0,10.2,,STATS,Normal
1790946761.782,NVDisplay.Container.exe,services.exe,0.0,36.7,,STATS,Normal
1790946761.782,NVIDIA Overlay.exe,NVIDIA Overlay.exe,0.0,94.1,,STATS,Normal
1790946761.782,svchost.exe,services.exe,0.0,12.0,,STATS,Normal
1790946761.782,PresentationFontCache.exe,services.exe,0.0,19.6,,STATS,Normal
1790946761.782,dllhost.exe,svchost.exe,0.0,21.3,,STATS,Normal
1790946761.782,svchost.exe,services.exe,0.97,19.8,,STATS,Normal
1790946761.782,svchost.exe,services.exe,0.0,28.8,,STATS,Normal
1790946761.782,svchost.exe,services.exe,0.0,10.1,,STATS,Normal
1790946761.782,svchost.exe,services.exe,0.0,7.3,,STATS,Normal
1790946761.782,svchost.exe,services.exe,0.0,18.5,,STATS,Normal
1790946761.782,MemCompression,System,0.0,365.4,,STATS,Normal
1790946761.782,svchost.exe,services.exe,0.0,11.6,,STATS,Normal
1790946761.782,svchost.exe,services.exe,0.0,19.6,,STATS,Normal
1790946761.782,igfxCUIService.exe,services.exe,0.0,12.0,,STATS,Normal
1790946761.782,svchost.exe,services.exe,0.0,9.0,,STATS,Normal
1790946761.782,svchost.exe,services.exe,0.0,12.4,,STATS,Normal
1790946761.782,svchost.exe,services.exe,0.0,9.4,,STATS,Normal
1790946761.782,svchost.exe,services.exe,0.0,24.9,,STATS,Normal
1790946761.782,MicrosoftStartFeedProvider.exe,svchost.exe,0.0,42.7,,STATS,Normal
1790946761.782,SystemSettings.exe,svchost.exe,0.0,3.6,,STATS,Normal
1790946761.782,svchost.exe,services.exe,0.0,21.3,,STATS,Normal
1790946761.782,svchost.exe,services.exe,0.0,11.2,,STATS,Normal
1790946761.782,svchost.exe,services.exe,0.0,14.7,,STATS,Normal
1790946761.782,Code.exe,Code.exe,0.0,52.6,,STATS,Normal
1790946761.782,svchost.exe,services.exe,0.0,10.5,,STATS,Normal
1790946761.782,svchost.exe,services.exe,0.0,25.1,,STATS,Normal
1790946761.782,svchost.exe,services.exe,0.0,12.4,,STATS,Normal
1790946761.782,msedge.exe,msedge.exe,0.0,19.2,,STATS,Normal
1790946761.782,svchost.exe,services.exe,0.0,21.7,,STATS,Normal
1790946761.782,svchost.exe,services.exe,0.0,10.8,,STATS,Normal
1790946761.782,svchost.exe,services.exe,0.0,13.3,,STATS,Normal
1790946761.782,svchost.exe,services.exe,0.0,30.8,,STATS,Normal
1790946761.782,powershell.exe,Code.exe,0.0,96.8,,STATS,Normal
1790946761.782,brave.exe,brave.exe,0.0,54.4,,STATS,Normal
1790946761.782,svchost.exe,services.exe,0.0,9.0,,STATS,Normal
1790946761.782,svchost.exe,services.exe,0.0,29.4,,STATS,Normal
1790946761.782,svchost.exe,services.exe,0.0,11.3,,STATS,Normal
1790946761.782,AsusOptimization.exe,services.exe,0.0,10.1,,STATS,Normal
1790946761.782,svchost.exe,services.exe,0.0,20.5,,STATS,Normal
1790946761.782,svchost.exe,services.exe,0.0,12.8,,STATS,Normal
1790946761.782,spoolsv.exe,services.exe,0.0,26.7,,STATS,Normal
1790946761.782,svchost.exe,services.exe,0.0,9.9,,STATS,Normal
1790946761.782,backgroundTaskHost.exe,svchost.exe,0.0,64.2,,STATS,Normal
1790946761.782,ArmouryCrateControlInterface.exe,services.exe,0.0,11.7,,STATS,Normal
1790946761.782,AsusSoftwareManager.exe,services.exe,0.0,20.6,,STATS,Normal
1790946761.782,AsusSwitch.exe,services.exe,0.0,9.5,,STATS,Normal
1790946761.782,AsusSystemAnalysis.exe,services.exe,0.0,17.2,,STATS,Normal
1790946761.782,svchost.exe,services.exe,0.0,41.6,,STATS,Normal
1790946761.782,AsusAppService.exe,services.exe,0.0,25.2,,STATS,Normal
1790946761.782,AsusSystemDiagnosis.exe,services.exe,0.0,12.2,,STATS,Normal
1790946761.782,DtsApo4Service.exe,services.exe,0.0,20.4,,STATS,Normal
1790946761.782,svchost.exe,services.exe,0.0,16.7,,STATS,Normal
1790946761.782,cmw_srv.exe,services.exe,0.0,90.5,,STATS,Normal
1790946761.782,esif_uf.exe,services.exe,0.0,7.3,,STATS,Normal
1790946761.782,OneApp.IGCC.WinService.exe,services.exe,0.0,48.3,,STATS,Normal
1790946761.782,svchost.exe,services.exe,0.0,28.8,,STATS,Normal
1790946761.782,svchost.exe,services.exe,0.0,15.2,,STATS,Normal
1790946761.782,MpDefenderCoreService.exe,services.exe,0.0,24.2,,STATS,Normal
1790946761.782,nvcontainer.exe,services.exe,0.0,40.3,,STATS,Normal
1790946761.782,svchost.exe,services.exe,0.0,12.7,,STATS,Normal
1790946761.782,RstMwService.exe,services.exe,0.0,8.4,,STATS,Normal
1790946761.782,svchost.exe,services.exe,0.0,7.1,,STATS,Normal
1790946761.782,svchost.exe,services.exe,0.0,22.5,,STATS,Normal
1790946761.782,MsMpEng.exe,services.exe,0.1,332.8,,STATS,Normal
1790946761.782,WMIRegistrationService.exe,services.exe,0.0,13.1,,STATS,Normal
1790946761.782,RtkAudUService64.exe,services.exe,0.0,15.0,,STATS,Normal
1790946761.782,svchost.exe,services.exe,0.0,16.1,,STATS,Normal
1790946761.782,brave.exe,brave.exe,0.0,71.6,,STATS,Normal
1790946761.782,msedgewebview2.exe,msedgewebview2.exe,0.0,12.5,,STATS,Normal
1790946761.782,svchost.exe,services.exe,0.0,14.1,,STATS,Normal
1790946761.782,jhi_service.exe,services.exe,0.0,7.9,,STATS,Normal
1790946761.782,brave.exe,brave.exe,0.0,127.9,,STATS,Normal
1790946761.782,svchost.exe,services.exe,0.0,15.4,,STATS,Normal
1790946761.782,msedgewebview2.exe,msedgewebview2.exe,0.0,18.7,,STATS,Normal
1790946761.782,csrss.exe,,0.0,8.6,,STATS,Normal
1790946761.782,svchost.exe,services.exe,0.0,34.2,,STATS,Normal
1790946761.782,Code.exe,Code.exe,0.0,166.2,,STATS,Normal
1790946761.782,dwm.exe,winlogon.exe,0.49,150.1,,STATS,Normal
1790946761.782,NgcIso.exe,svchost.exe,0.0,4.1,,STATS,Normal
1790946761.782,winlogon.exe,,0.0,23.7,,STATS,Normal
1790946761.782,brave.exe,explorer.exe,3.5,293.6,,STATS,Normal
1790946761.782,fontdrvhost.exe,winlogon.exe,0.0,8.8,,STATS,Normal
1790946761.782,IGCC.exe,svchost.exe,0.0,14.8,,STATS,Normal
1790946761.782,brave.exe,brave.exe,3.7,256.4,,STATS,Normal
1790946761.782,brave.exe,brave.exe,0.0,189.3,,STATS,Normal
1790946761.782,svchost.exe,services.exe,0.0,10.9,,STATS,Normal
1790946761.782,brave.exe,brave.exe,0.0,8.9,,STATS,Normal
1790946761.782,brave.exe,brave.exe,0.0,104.2,,STATS,Normal
1790946761.782,NVIDIA Overlay.exe,NVIDIA Overlay.exe,0.0,70.6,,STATS,Normal
1790946761.782,WmiPrvSE.exe,svchost.exe,0.0,17.4,,STATS,Normal
1790946761.782,nvcontainer.exe,nvcontainer.exe,0.0,33.2,,STATS,Normal
1790946761.782,unsecapp.exe,svchost.exe,0.0,10.1,,STATS,Normal
1790946761.782,svchost.exe,services.exe,0.0,9.6,,STATS,Normal
1790946761.782,NVIDIA Overlay.exe,nvcontainer.exe,0.0,149.0,,STATS,Normal
1790946761.782,AsusOptimizationStartupTask.exe,AsusOptimization.exe,0.0,19.6,,STATS,Normal
1790946761.782,SecurityHealthSystray.exe,explorer.exe,0.0,13.1,,STATS,Normal
1790946761.782,svchost.exe,services.exe,0.0,27.7,,STATS,Normal
1790946761.782,brave.exe,brave.exe,0.0,144.0,,STATS,Normal
1790946761.782,msedge.exe,msedge.exe,0.0,41.4,,STATS,Normal
1790946761.782,svchost.exe,services.exe,0.0,10.3,,STATS,Normal
1790946761.782,sihost.exe,svchost.exe,0.0,48.4,,STATS,Normal
1790946761.782,AppVShNotify.exe,OfficeClickToRun.exe,0.0,9.8,,STATS,Normal
1790946761.782,brave.exe,brave.exe,0.0,118.1,,STATS,Normal
1790946761.782,msedgewebview2.exe,SearchHost.exe,0.0,114.7,,STATS,Normal
1790946761.782,AsusOSD.exe,,0.0,16.5,,STATS,Normal
1790946761.782,ApplicationFrameHost.exe,svchost.exe,0.0,49.6,,STATS,Normal
1790946761.782,Code.exe,Code.exe,0.0,147.0,,STATS,Normal
1790946761.782,brave.exe,brave.exe,0.2,91.8,,STATS,Normal
1790946761.782,NVIDIA Overlay.exe,NVIDIA Overlay.exe,0.0,22.3,,STATS,Normal
1790946761.782,svchost.exe,services.exe,0.0,23.1,,STATS,Normal
1790946761.782,msedge.exe,,0.0,143.9,,STATS,Normal
1790946761.782,nvcontainer.exe,nvcontainer.exe,0.0,39.6,,STATS,Normal
1790946761.782,svchost.exe,services.exe,0.0,29.1,,STATS,Normal
1790946761.782,NisSrv.exe,services.exe,0.0,14.2,,STATS,Normal
1790946761.782,NVDisplay.Container.exe,NVDisplay.Container.exe,0.0,44.6,,STATS,Normal
1790946761.782,ctfmon.exe,svchost.exe,0.1,31.4,,STATS,Normal
1790946761.782,taskhostw.exe,svchost.exe,0.0,21.3,,STATS,Normal
1790946761.782,explorer.exe,,0.2,338.1,,STATS,Normal
1790946761.782,StartMenuExperienceHost.exe,svchost.exe,0.0,150.1,,STATS,Normal
1790946761.782,RuntimeBroker.exe,svchost.exe,0.0,81.3,,STATS,Normal
1790946761.782,brave.exe,brave.exe,1.16,390.2,,STATS,Normal
1790946761.782,msedge.exe,msedge.exe,0.0,49.9,,STATS,Normal
1790946761.782,svchost.exe,services.exe,0.0,12.6,,STATS,Normal
1790946761.782,svchost.exe,services.exe,0.0,24.3,,STATS,Normal
1790946761.782,svchost.exe,services.exe,0.1,42.8,,STATS,Normal
1790946761.782,SpotifyXboxGamebarWebView.exe,svchost.exe,0.0,69.8,,STATS,Normal
1790946761.782,SearchIndexer.exe,services.exe,0.0,45.2,,STATS,Normal
1790946761.782,Code.exe,explorer.exe,0.0,166.3,,STATS,Normal
1790946761.782,svchost.exe,services.exe,0.0,43.9,,STATS,Normal
1790946761.782,svchost.exe,services.exe,0.0,11.2,,STATS,Normal
1790946761.782,CrossDeviceResume.exe,sihost.exe,0.0,52.4,,STATS,Normal
1790946761.782,brave.exe,brave.exe,0.0,295.5,,STATS,Normal
1790946761.782,dllhost.exe,svchost.exe,0.0,20.4,,STATS,Normal
1790946761.782,Code.exe,Code.exe,0.0,289.3,,STATS,Normal
1790946761.782,brave.exe,brave.exe,0.0,25.5,,STATS,Normal
1790946761.782,WidgetService.exe,svchost.exe,0.0,24.9,,STATS,Normal
1790946761.782,nvcontainer.exe,nvcontainer.exe,0.2,91.6,,STATS,Normal
1790946761.782,svchost.exe,services.exe,0.0,29.2,,STATS,Normal
1790946761.782,DefenderSessionHelper.exe,MsMpEng.exe,0.0,6.4,,STATS,Normal
1790946761.782,svchost.exe,services.exe,0.0,70.7,,STATS,Normal
1790946761.782,UserOOBEBroker.exe,svchost.exe,0.0,11.1,,STATS,Normal
1790946761.782,nvsphelper64.exe,nvcontainer.exe,0.0,16.0,,STATS,Normal
1790946761.782,powershell.exe,explorer.exe,0.0,79.2,,STATS,Normal
1790946761.782,svchost.exe,services.exe,0.0,32.4,,STATS,Normal
1790946761.782,WidgetBoard.exe,svchost.exe,0.0,29.1,,STATS,Normal
1790946761.782,brave.exe,brave.exe,0.0,47.2,,STATS,Normal
1790946761.782,SecurityHealthService.exe,services.exe,0.0,23.0,,STATS,Normal
1790946761.782,svchost.exe,services.exe,0.0,14.8,,STATS,Normal
1790946761.782,dllhost.exe,svchost.exe,0.0,12.6,,STATS,Normal
1790946761.782,svchost.exe,services.exe,0.0,18.6,,STATS,Normal
1790946761.782,ArmouryCrateKeyControl.exe,ArmouryCrateControlInterface.exe,0.0,46.2,,STATS,Normal
1790946761.782,conhost.exe,powershell.exe,0.0,23.5,,STATS,Normal
1790946761.782,Code.exe,Code.exe,0.0,118.9,,STATS,Normal
1790946761.782,pet.exe,Code.exe,0.0,9.1,,STATS,Normal
1790946761.782,svchost.exe,services.exe,0.0,10.2,,STATS,Normal
1790946761.782,SDXHelper.exe,svchost.exe,0.0,31.9,,STATS,Normal
1790946761.782,NVIDIA Overlay.exe,NVIDIA Overlay.exe,0.0,37.0,,STATS,Normal
1790946761.782,svchost.exe,services.exe,0.0,16.0,,STATS,Normal
1790946761.782,OfficeClickToRun.exe,services.exe,0.0,58.8,,STATS,Normal
1790946761.782,conhost.exe,pet.exe,0.0,6.8,,STATS,Normal
1790946761.782,RuntimeBroker.exe,svchost.exe,0.0,19.2,,STATS,Normal
1790946761.782,TextInputHost.exe,svchost.exe,0.1,128.2,,STATS,Normal
1790946761.782,svchost.exe,services.exe,0.0,7.6,,STATS,Normal
1790946761.782,msedge.exe,msedge.exe,0.0,12.7,,STATS,Normal
1790946761.782,AsusSoftwareManagerAgent.exe,AsusSoftwareManager.exe,0.0,44.1,,STATS,Normal
1790946761.782,wlanext.exe,svchost.exe,0.0,11.2,,STATS,Normal
1790946761.782,copilot-runtime.exe,Code.exe,0.0,19.2,,STATS,Normal
1790946761.782,AppActions.exe,svchost.exe,0.0,39.7,,STATS,Normal
1790946761.782,brave.exe,brave.exe,0.0,67.0,,STATS,Normal
1790946761.782,SearchHost.exe,svchost.exe,0.0,139.5,,STATS,Normal
1790946761.782,svchost.exe,services.exe,0.0,24.9,,STATS,Normal
1790946761.782,brave.exe,brave.exe,0.0,177.4,,STATS,Normal
1790946761.782,msedgewebview2.exe,msedgewebview2.exe,0.0,124.9,,STATS,Normal
1790946761.782,OpenConsole.exe,Code.exe,0.0,11.4,,STATS,Normal
1790946761.782,brave.exe,brave.exe,0.0,79.6,,STATS,Normal
1790946761.782,svchost.exe,services.exe,0.0,7.6,,STATS,Normal
1790946761.782,RuntimeBroker.exe,svchost.exe,0.0,29.5,,STATS,Normal
1790946761.782,Intel_PIE_Service.exe,services.exe,0.0,11.8,,STATS,Normal
1790946761.782,Code.exe,Code.exe,0.0,107.0,,STATS,Normal
1790946761.782,Code.exe,Code.exe,0.0,33.5,,STATS,Normal
1790946761.782,brave.exe,brave.exe,0.0,224.6,,STATS,Normal
1790946761.782,dllhost.exe,svchost.exe,0.0,11.1,,STATS,Normal
1790946761.782,msedgewebview2.exe,msedgewebview2.exe,0.0,83.1,,STATS,Normal
1790946761.782,msedgewebview2.exe,msedgewebview2.exe,0.0,40.5,,STATS,Normal
1790946761.782,Code.exe,Code.exe,0.0,340.3,,STATS,Normal
1790946761.782,conhost.exe,copilot-runtime.exe,0.0,7.0,,STATS,Normal
1790946761.782,brave.exe,brave.exe,0.0,22.6,,STATS,Normal
1790946761.782,brave.exe,brave.exe,0.1,76.4,,STATS,Normal
1790946761.782,brave.exe,brave.exe,0.0,78.3,,STATS,Normal
1790946761.782,Code.exe,Code.exe,0.0,582.9,,STATS,Normal
1790946761.782,conhost.exe,powershell.exe,0.0,21.8,,STATS,Normal
1790946761.782,powershell.exe,explorer.exe,0.0,78.4,,STATS,Normal
1790946761.782,python.exe,powershell.exe,0.1,23.8,,STATS,Normal
1790946761.782,ShellHost.exe,sihost.exe,0.0,55.1,,STATS,Normal
1790946761.782,brave.exe,brave.exe,0.0,32.8,,STATS,Normal
1790946761.782,svchost.exe,services.exe,0.0,9.7,,STATS,Normal
1790946761.782,brave.exe,brave.exe,0.0,59.1,,STATS,Normal
1790946761.782,svchost.exe,services.exe,0.0,15.0,,STATS,Normal
1790946773.783,powershell.exe,python.exe,,70.7,,START,Normal
1790946775.774,powershell.exe,python.exe,,,,EXIT,Normal
1790946793.774,System Idle Process,,93.95,0.0,,STATS,Normal
1790946793.774,System,System Idle Process,0.0,9.3,,STATS,Normal
1790946793.774,,,0.0,0.1,,STATS,Normal
1790946793.774,Registry,,0.0,47.6,,STATS,Normal
1790946793.774,Code.exe,Code.exe,0.0,159.5,,STATS,Normal
1790946793.774,smss.exe,System,0.0,1.5,,STATS,Normal
1790946793.774,csrss.exe,,0.0,6.8,,STATS,Normal
1790946793.774,svchost.exe,services.exe,0.0,12.7,,STATS,Normal
1790946793.774,wininit.exe,,0.0,9.4,,STATS,Normal
1790946793.774,services.exe,wininit.exe,0.1,10.7,,STATS,Normal
1790946793.774,svchost.exe,services.exe,0.0,12.2,,STATS,Normal
1790946793.774,LsaIso.exe,wininit.exe,0.0,3.9,,STATS,Normal
1790946793.774,lsass.exe,wininit.exe,0.0,32.5,,STATS,Normal
1790946793.774,IntelCpHDCPSvc.exe,services.exe,0.0,9.2,,STATS,Normal
1790946793.774,svchost.exe,services.exe,0.0,7.6,,STATS,Normal
1790946793.774,svchost.exe,services.exe,0.0,44.4,,STATS,Normal
1790946793.774,fontdrvhost.exe,wininit.exe,0.0,4.3,,STATS,Normal
1790946793.774,WUDFHost.exe,services.exe,0.0,21.7,,STATS,Normal
1790946793.774,svchost.exe,services.exe,0.0,19.7,,STATS,Normal
1790946793.774,svchost.exe,services.exe,0.0,12.7,,STATS,Normal
1790946793.774,svchost.exe,services.exe,0.0,6.8,,STATS,Normal
1790946793.774,svchost.exe,services.exe,0.0,12.2,,STATS,Normal
1790946793.774,svchost.exe,services.exe,0.0,22.1,,STATS,Normal
1790946793.774,svchost.exe,services.exe,0.0,17.7,,STATS,Normal
1790946793.774,igfxEM.exe,igfxCUIService.exe,0.0,17.2,,STATS,Normal
1790946793.774,svchost.exe,services.exe,0.0,16.6,,STATS,Normal
1790946793.774,svchost.exe,services.exe,0.0,13.5,,STATS,Normal
1790946793.774,svchost.exe,services.exe,0.0,14.9,,STATS,Normal
1790946793.774,svchost.exe,services.exe,0.0,30.5,,STATS,Normal
1790946793.774,svchost.exe,services.exe,0.0,12.3,,STATS,Normal
1790946793.774,svchost.exe,services.exe,0.0,13.9,,STATS,Normal
1790946793.774,IntelCpHeciSvc.exe,services.exe,0.0,9.3,,STATS,Normal
1790946793.774,svchost.exe,services.exe,0.0,23.6,,STATS,Normal
1790946793.774,brave.exe,brave.exe,0.1,369.5,,STATS,Normal
1790946793.774,svchost.exe,services.exe,0.0,8.0,,STATS,Normal
1790946793.774,svchost.exe,services.exe,0.0,22.3,,STATS,Normal
1790946793.774,svchost.exe,services.exe,0.0,10.2,,STATS,Normal
1790946793.774,NVDisplay.Container.exe,services.exe,0.0,36.7,,STATS,Normal
1790946793.774,NVIDIA Overlay.exe,NVIDIA Overlay.exe,0.0,94.1,,STATS,Normal
1790946793.774,svchost.exe,services.exe,0.0,12.0,,STATS,Normal
1790946793.774,PresentationFontCache.exe,services.exe,0.0,19.6,,STATS,Normal
1790946793.774,dllhost.exe,svchost.exe,0.0,21.3,,STATS,Normal
1790946793.774,svchost.exe,services.exe,0.88,19.8,,STATS,Normal
1790946793.774,svchost.exe,services.exe,0.0,28.8,,STATS,Normal
1790946793.774,svchost.exe,services.exe,0.0,10.1,,STATS,Normal
1790946793.774,svchost.exe,services.exe,0.0,7.3,,STATS,Normal
1790946793.774,svchost.exe,services.exe,0.0,18.5,,STATS,Normal
1790946793.774,MemCompression,System,0.0,365.3,,STATS,Normal
1790946793.774,svchost.exe,services.exe,0.0,11.6,,STATS,Normal
1790946793.774,svchost.exe,services.exe,0.0,19.6,,STATS,Normal
1790946793.774,igfxCUIService.exe,services.exe,0.0,12.0,,STATS,Normal
1790946793.774,svchost.exe,services.exe,0.0,9.0,,STATS,Normal
1790946793.774,svchost.exe,services.exe,0.0,12.4,,STATS,Normal
1790946793.774,svchost.exe,services.exe,0.0,9.4,,STATS,Normal
1790946793.774,svchost.exe,services.exe,0.0,24.9,,STATS,Normal
1790946793.774,MicrosoftStartFeedProvider.exe,svchost.exe,0.0,42.7,,STATS,Normal
1790946793.774,SystemSettings.exe,svchost.exe,0.0,3.6,,STATS,Normal
1790946793.774,svchost.exe,services.exe,0.0,21.3,,STATS,Normal
1790946793.774,svchost.exe,services.exe,0.0,11.2,,STATS,Normal
1790946793.774,svchost.exe,services.exe,0.0,14.7,,STATS,Normal
1790946793.774,Code.exe,Code.exe,0.0,52.6,,STATS,Normal
1790946793.774,svchost.exe,services.exe,0.0,10.5,,STATS,Normal
1790946793.774,svchost.exe,services.exe,0.0,25.1,,STATS,Normal
1790946793.774,svchost.exe,services.exe,0.0,12.4,,STATS,Normal
1790946793.774,msedge.exe,msedge.exe,0.0,19.2,,STATS,Normal
1790946793.774,svchost.exe,services.exe,0.0,21.7,,STATS,Normal
1790946793.774,svchost.exe,services.exe,0.0,10.8,,STATS,Normal
1790946793.774,svchost.exe,services.exe,0.0,13.3,,STATS,Normal
1790946793.774,svchost.exe,services.exe,0.0,30.8,,STATS,Normal
1790946793.774,powershell.exe,Code.exe,0.0,96.8,,STATS,Normal
1790946793.774,brave.exe,brave.exe,0.0,54.2,,STATS,Normal
1790946793.774,svchost.exe,services.exe,0.0,9.0,,STATS,Normal
1790946793.774,svchost.exe,services.exe,0.0,29.4,,STATS,Normal
1790946793.774,svchost.exe,services.exe,0.0,11.3,,STATS,Normal
1790946793.774,AsusOptimization.exe,services.exe,0.0,10.1,,STATS,Normal
1790946793.774,svchost.exe,services.exe,0.0,20.5,,STATS,Normal
1790946793.774,svchost.exe,services.exe,0.0,12.8,,STATS,Normal
1790946793.774,spoolsv.exe,services.exe,0.0,26.7,,STATS,Normal
1790946793.774,svchost.exe,services.exe,0.0,9.9,,STATS,Normal
1790946793.774,backgroundTaskHost.exe,svchost.exe,0.0,64.2,,STATS,Normal
1790946793.774,ArmouryCrateControlInterface.exe,services.exe,0.0,11.7,,STATS,Normal
1790946793.774,AsusSoftwareManager.exe,services.exe,0.0,20.6,,STATS,Normal
1790946793.774,AsusSwitch.exe,services.exe,0.0,9.5,,STATS,Normal
1790946793.774,AsusSystemAnalysis.exe,services.exe,0.0,17.2,,STATS,Normal
1790946793.774,svchost.exe,services.exe,0.0,41.9,,STATS,Normal
1790946793.774,AsusAppService.exe,services.exe,0.0,25.2,,STATS,Normal
1790946793.774,AsusSystemDiagnosis.exe,services.exe,0.0,12.2,,STATS,Normal
1790946793.774,DtsApo4Service.exe,services.exe,0.0,20.4,,STATS,Normal
1790946793.774,svchost.exe,services.exe,0.0,16.7,,STATS,Normal
1790946793.774,cmw_srv.exe,services.exe,0.49,90.5,,STATS,Normal
1790946793.774,esif_uf.exe,services.exe,0.0,7.3,,STATS,Normal
1790946793.774,OneApp.IGCC.WinService.exe,services.exe,0.0,48.3,,STATS,Normal
1790946793.774,svchost.exe,services.exe,0.0,28.8,,STATS,Normal
1790946793.774,svchost.exe,services.exe,0.0,15.2,,STATS,Normal
1790946793.774,MpDefenderCoreService.exe,services.exe,0.0,24.2,,STATS,Normal
1790946793.774,nvcontainer.exe,services.exe,0.0,40.3,,STATS,Normal
1790946793.774,svchost.exe,services.exe,0.0,12.7,,STATS,Normal
1790946793.774,RstMwService.exe,services.exe,0.0,8.4,,STATS,Normal
1790946793.774,svchost.exe,services.exe,0.0,7.1,,STATS,Normal
1790946793.774,svchost.exe,services.exe,0.0,22.5,,STATS,Normal
1790946793.774,MsMpEng.exe,services.exe,0.29,336.2,,STATS,Normal
1790946793.774,WMIRegistrationService.exe,services.exe,0.0,13.1,,STATS,Normal
1790946793.774,RtkAudUService64.exe,services.exe,0.0,15.0,,STATS,Normal
1790946793.774,svchost.exe,services.exe,0.0,16.1,,STATS,Normal
1790946793.774,brave.exe,brave.exe,0.0,71.6,,STATS,Normal
1790946793.774,msedgewebview2.exe,msedgewebview2.exe,0.0,12.5,,STATS,Normal
1790946793.774,svchost.exe,services.exe,0.0,14.1,,STATS,Normal
1790946793.774,jhi_service.exe,services.exe,0.0,7.9,,STATS,Normal
1790946793.774,brave.exe,brave.exe,0.0,127.9,,STATS,Normal
1790946793.774,svchost.exe,services.exe,0.0,15.5,,STATS,Normal
1790946793.774,msedgewebview2.exe,msedgewebview2.exe,0.0,18.7,,STATS,Normal
1790946793.774,csrss.exe,,0.0,8.6,,STATS,Normal
1790946793.774,svchost.exe,services.exe,0.0,34.2,,STATS,Normal
1790946793.774,Code.exe,Code.exe,0.0,166.2,,STATS,Normal
1790946793.774,dwm.exe,winlogon.exe,0.1,151.9,,STATS,Normal
1790946793.774,NgcIso.exe,svchost.exe,0.0,4.1,,STATS,Normal
1790946793.774,winlogon.exe,,0.0,23.6,,STATS,Normal
1790946793.774,brave.exe,explorer.exe,0.1,291.0,,STATS,Normal
1790946793.774,fontdrvhost.exe,winlogon.exe,0.0,8.8,,STATS,Normal
1790946793.774,IGCC.exe,svchost.exe,0.0,14.8,,STATS,Normal
1790946793.774,brave.exe,brave.exe,0.88,249.2,,STATS,Normal
1790946793.774,brave.exe,brave.exe,0.0,189.3,,STATS,Normal
1790946793.774,svchost.exe,services.exe,0.0,10.9,,STATS,Normal
1790946793.774,brave.exe,brave.exe,0.0,8.9,,STATS,Normal
1790946793.774,brave.exe,brave.exe,0.0,104.2,,STATS,Normal
1790946793.774,NVIDIA Overlay.exe,NVIDIA Overlay.exe,0.0,70.6,,STATS,Normal
1790946793.774,WmiPrvSE.exe,svchost.exe,0.0,17.4,,STATS,Normal
1790946793.774,nvcontainer.exe,nvcontainer.exe,0.0,33.2,,STATS,Normal
1790946793.774,unsecapp.exe,svchost.exe,0.0,10.1,,STATS,Normal
1790946793.774,svchost.exe,services.exe,0.0,9.6,,STATS,Normal
1790946793.774,NVIDIA Overlay.exe,nvcontainer.exe,0.0,149.0,,STATS,Normal
1790946793.774,AsusOptimizationStartupTask.exe,AsusOptimization.exe,0.0,19.6,,STATS,Normal
1790946793.774,SecurityHealthSystray.exe,explorer.exe,0.0,13.1,,STATS,Normal
1790946793.774,svchost.exe,services.exe,0.0,27.8,,STATS,Normal
1790946793.774,brave.exe,brave.exe,0.0,144.0,,STATS,Normal
1790946793.774,msedge.exe,msedge.exe,0.0,41.4,,STATS,Normal
1790946793.774,svchost.exe,services.exe,0.0,10.3,,STATS,Normal
1790946793.774,sihost.exe,svchost.exe,0.0,48.4,,STATS,Normal
1790946793.774,AppVShNotify.exe,OfficeClickToRun.exe,0.0,9.8,,STATS,Normal
1790946793.774,brave.exe,brave.exe,0.0,118.1,,STATS,Normal
1790946793.774,msedgewebview2.exe,SearchHost.exe,0.1,114.7,,STATS,Normal
1790946793.774,AsusOSD.exe,,0.0,16.5,,STATS,Normal
1790946793.774,ApplicationFrameHost.exe,svchost.exe,0.0,49.6,,STATS,Normal
1790946793.774,Code.exe,Code.exe,0.0,146.2,,STATS,Normal
1790946793.774,brave.exe,brave.exe,0.0,92.0,,STATS,Normal
1790946793.774,NVIDIA Overlay.exe,NVIDIA Overlay.exe,0.0,22.3,,STATS,Normal
1790946793.774,svchost.exe,services.exe,0.0,22.9,,STATS,Normal
1790946793.774,msedge.exe,,0.0,143.9,,STATS,Normal
1790946793.774,nvcontainer.exe,nvcontainer.exe,0.1,39.6,,STATS,Normal
1790946793.774,svchost.exe,services.exe,0.0,29.1,,STATS,Normal
1790946793.774,NisSrv.exe,services.exe,0.0,14.1,,STATS,Normal
1790946793.774,NVDisplay.Container.exe,NVDisplay.Container.exe,0.0,44.6,,STATS,Normal
1790946793.774,ctfmon.exe,svchost.exe,0.0,31.4,,STATS,Normal
1790946793.774,taskhostw.exe,svchost.exe,0.0,21.3,,STATS,Normal
1790946793.774,explorer.exe,,0.0,339.1,,STATS,Normal
1790946793.774,StartMenuExperienceHost.exe,svchost.exe,0.0,150.1,,STATS,Normal
1790946793.774,RuntimeBroker.exe,svchost.exe,0.0,81.3,,STATS,Normal
1790946793.774,brave.exe,brave.exe,1.07,427.7,,STATS,Normal
1790946793.774,msedge.exe,msedge.exe,0.0,49.9,,STATS,Normal
1790946793.774,svchost.exe,services.exe,0.0,12.6,,STATS,Normal
1790946793.774,svchost.exe,services.exe,0.0,24.3,,STATS,Normal
1790946793.774,svchost.exe,services.exe,0.0,42.6,,STATS,Normal
1790946793.774,SpotifyXboxGamebarWebView.exe,svchost.exe,0.0,69.8,,STATS,Normal
1790946793.774,SearchIndexer.exe,services.exe,0.0,45.2,,STATS,Normal
1790946793.774,Code.exe,explorer.exe,0.0,166.7,,STATS,Normal
1790946793.774,svchost.exe,services.exe,0.0,43.9,,STATS,Normal
1790946793.774,svchost.exe,services.exe,0.0,11.2,,STATS,Normal
1790946793.774,CrossDeviceResume.exe,sihost.exe,0.0,52.4,,STATS,Normal
1790946793.774,brave.exe,brave.exe,0.0,295.6,,STATS,Normal
1790946793.774,dllhost.exe,svchost.exe,0.0,20.4,,STATS,Normal
1790946793.774,Code.exe,Code.exe,0.0,290.9,,STATS,Normal
1790946793.774,brave.exe,brave.exe,0.0,25.5,,STATS,Normal
1790946793.774,WidgetService.exe,svchost.exe,0.0,25.0,,STATS,Normal
1790946793.774,nvcontainer.exe,nvcontainer.exe,0.0,91.6,,STATS,Normal
1790946793.774,svchost.exe,services.exe,0.0,24.3,,STATS,Normal
1790946793.774,DefenderSessionHelper.exe,MsMpEng.exe,0.0,6.4,,STATS,Normal
1790946793.774,svchost.exe,services.exe,0.0,70.7,,STATS,Normal
1790946793.774,UserOOBEBroker.exe,svchost.exe,0.0,11.1,,STATS,Normal
1790946793.774,nvsphelper64.exe,nvcontainer.exe,0.0,16.0,,STATS,Normal
1790946793.774,powershell.exe,explorer.exe,0.0,79.2,,STATS,Normal
1790946793.774,svchost.exe,services.exe,0.0,32.4,,STATS,Normal
1790946793.774,WidgetBoard.exe,svchost.exe,0.0,29.1,,STATS,Normal
1790946793.774,brave.exe,brave.exe,0.0,47.2,,STATS,Normal
1790946793.774,SecurityHealthService.exe,services.exe,0.0,23.0,,STATS,Normal
1790946793.774,svchost.exe,services.exe,0.0,14.8,,STATS,Normal
1790946793.774,dllhost.exe,svchost.exe,0.0,12.6,,STATS,Normal
1790946793.774,svchost.exe,services.exe,0.0,18.6,,STATS,Normal
1790946793.774,ArmouryCrateKeyControl.exe,ArmouryCrateControlInterface.exe,0.0,46.2,,STATS,Normal
1790946793.774,conhost.exe,powershell.exe,0.0,23.5,,STATS,Normal
1790946793.774,Code.exe,Code.exe,0.0,118.8,,STATS,Normal
1790946793.774,pet.exe,Code.exe,0.0,9.1,,STATS,Normal
1790946793.774,svchost.exe,services.exe,0.0,10.2,,STATS,Normal
1790946793.774,SDXHelper.exe,svchost.exe,0.0,31.9,,STATS,Normal
1790946793.774,NVIDIA Overlay.exe,NVIDIA Overlay.exe,0.0,37.0,,STATS,Normal
1790946793.774,svchost.exe,services.exe,0.0,16.0,,STATS,Normal
1790946793.774,OfficeClickToRun.exe,services.exe,0.0,58.8,,STATS,Normal
1790946793.774,conhost.exe,pet.exe,0.0,6.8,,STATS,Normal
1790946793.774,RuntimeBroker.exe,svchost.exe,0.0,19.2,,STATS,Normal
1790946793.774,TextInputHost.exe,svchost.exe,0.0,128.7,,STATS,Normal
1790946793.774,svchost.exe,services.exe,0.0,7.6,,STATS,Normal
1790946793.774,msedge.exe,msedge.exe,0.0,12.7,,STATS,Normal
1790946793.774,AsusSoftwareManagerAgent.exe,AsusSoftwareManager.exe,0.0,44.1,,STATS,Normal
1790946793.774,wlanext.exe,svchost.exe,0.0,11.2,,STATS,Normal
1790946793.774,copilot-runtime.exe,Code.exe,0.0,19.2,,STATS,Normal
1790946793.774,AppActions.exe,svchost.exe,0.0,39.7,,STATS,Normal
1790946793.774,brave.exe,brave.exe,0.0,67.0,,STATS,Normal
1790946793.774,SearchHost.exe,svchost.exe,0.0,139.4,,STATS,Normal
1790946793.774,svchost.exe,services.exe,0.0,24.9,,STATS,Normal
1790946793.774,brave.exe,brave.exe,0.0,177.4,,STATS,Normal
1790946793.774,msedgewebview2.exe,msedgewebview2.exe,0.0,124.9,,STATS,Normal
1790946793.774,OpenConsole.exe,Code.exe,0.0,11.4,,STATS,Normal
1790946793.774,brave.exe,brave.exe,0.0,74.3,,STATS,Normal
1790946793.774,svchost.exe,services.exe,0.0,7.6,,STATS,Normal
1790946793.774,RuntimeBroker.exe,svchost.exe,0.0,29.5,,STATS,Normal
1790946793.774,Intel_PIE_Service.exe,services.exe,0.0,11.8,,STATS,Normal
1790946793.774,Code.exe,Code.exe,0.0,107.0,,STATS,Normal
1790946793.774,Code.exe,Code.exe,0.0,33.5,,STATS,Normal
1790946793.774,brave.exe,brave.exe,0.0,224.6,,STATS,Normal
1790946793.774,dllhost.exe,svchost.exe,0.0,11.1,,STATS,Normal
1790946793.774,msedgewebview2.exe,msedgewebview2.exe,0.0,83.1,,STATS,Normal
1790946793.774,msedgewebview2.exe,msedgewebview2.exe,0.0,40.5,,STATS,Normal
1790946793.774,Code.exe,Code.exe,0.0,340.2,,STATS,Normal
1790946793.774,conhost.exe,copilot-runtime.exe,0.0,7.0,,STATS,Normal
1790946793.774,brave.exe,brave.exe,0.0,22.6,,STATS,Normal
1790946793.774,brave.exe,brave.exe,0.0,76.6,,STATS,Normal
1790946793.774,brave.exe,brave.exe,0.0,78.3,,STATS,Normal
1790946793.774,Code.exe,Code.exe,0.0,582.9,,STATS,Normal
1790946793.774,conhost.exe,powershell.exe,0.0,21.8,,STATS,Normal
1790946793.774,powershell.exe,explorer.exe,0.0,78.4,,STATS,Normal
1790946793.774,python.exe,powershell.exe,0.0,23.8,,STATS,Normal
1790946793.774,ShellHost.exe,sihost.exe,0.0,55.1,,STATS,Normal
1790946793.774,brave.exe,brave.exe,0.0,32.8,,STATS,Normal
1790946793.774,svchost.exe,services.exe,0.0,9.7,,STATS,Normal
1790946793.774,brave.exe,brave.exe,0.0,59.1,,STATS,Normal
1790946793.774,svchost.exe,services.exe,0.0,15.0,,STATS,Normal
1790946797.789,brave.exe,brave.exe,,60.4,,START,Normal
1790946797.789,brave.exe,brave.exe,,35.0,,START,Normal
1790946799.789,brave.exe,brave.exe,,35.0,,START,Normal
1790946799.789,brave.exe,brave.exe,,,,EXIT,Normal
1790946803.865,audiodg.exe,svchost.exe,,36.9,,START,Normal
1790946803.865,powershell.exe,python.exe,,57.1,,START,Normal
1790946805.775,powershell.exe,python.exe,,,,EXIT,Normal
1790946807.776,brave.exe,brave.exe,,,,EXIT,Normal
1790946825.775,System Idle Process,,94.61,0.0,,STATS,Normal
1790946825.775,System,System Idle Process,0.1,9.3,,STATS,Normal
1790946825.775,,,0.0,0.1,,STATS,Normal
1790946825.775,Registry,,0.0,47.7,,STATS,Normal
1790946825.775,Code.exe,Code.exe,0.0,159.5,,STATS,Normal
1790946825.775,smss.exe,System,0.0,1.5,,STATS,Normal
1790946825.775,csrss.exe,,0.0,6.8,,STATS,Normal
1790946825.775,svchost.exe,services.exe,0.0,12.7,,STATS,Normal
1790946825.775,wininit.exe,,0.0,9.4,,STATS,Normal
1790946825.775,services.exe,wininit.exe,0.0,10.7,,STATS,Normal
1790946825.775,svchost.exe,services.exe,0.0,12.2,,STATS,Normal
1790946825.775,LsaIso.exe,wininit.exe,0.0,3.9,,STATS,Normal
1790946825.775,lsass.exe,wininit.exe,0.0,32.5,,STATS,Normal
1790946825.775,IntelCpHDCPSvc.exe,services.exe,0.0,9.2,,STATS,Normal
1790946825.775,svchost.exe,services.exe,0.0,7.6,,STATS,Normal
1790946825.775,svchost.exe,services.exe,0.0,44.5,,STATS,Normal
1790946825.775,fontdrvhost.exe,wininit.exe,0.0,4.3,,STATS,Normal
1790946825.775,WUDFHost.exe,services.exe,0.0,21.7,,STATS,Normal
1790946825.775,svchost.exe,services.exe,0.0,19.9,,STATS,Normal
1790946825.775,svchost.exe,services.exe,0.0,12.7,,STATS,Normal
1790946825.775,svchost.exe,services.exe,0.0,6.8,,STATS,Normal
1790946825.775,svchost.exe,services.exe,0.0,12.2,,STATS,Normal
1790946825.775,svchost.exe,services.exe,0.0,22.7,,STATS,Normal
1790946825.775,svchost.exe,services.exe,0.0,17.7,,STATS,Normal
1790946825.775,igfxEM.exe,igfxCUIService.exe,0.0,17.2,,STATS,Normal
1790946825.775,svchost.exe,services.exe,0.0,16.6,,STATS,Normal
1790946825.775,svchost.exe,services.exe,0.0,13.5,,STATS,Normal
1790946825.775,svchost.exe,services.exe,0.0,14.9,,STATS,Normal
1790946825.775,svchost.exe,services.exe,0.0,30.6,,STATS,Normal
1790946825.775,svchost.exe,services.exe,0.0,12.5,,STATS,Normal
1790946825.775,svchost.exe,services.exe,0.0,13.9,,STATS,Normal
1790946825.775,IntelCpHeciSvc.exe,services.exe,0.0,9.3,,STATS,Normal
1790946825.775,svchost.exe,services.exe,0.0,23.8,,STATS,Normal
1790946825.775,brave.exe,brave.exe,0.1,371.8,,STATS,Normal
1790946825.775,svchost.exe,services.exe,0.0,8.0,,STATS,Normal
1790946825.775,svchost.exe,services.exe,0.0,22.3,,STATS,Normal
1790946825.775,svchost.exe,services.exe,0.0,10.2,,STATS,Normal
1790946825.775,NVDisplay.Container.exe,services.exe,0.0,36.7,,STATS,Normal
1790946825.775,NVIDIA Overlay.exe,NVIDIA Overlay.exe,0.0,94.1,,STATS,Normal
1790946825.775,svchost.exe,services.exe,0.0,12.1,,STATS,Normal
1790946825.775,PresentationFontCache.exe,services.exe,0.0,19.6,,STATS,Normal
1790946825.775,dllhost.exe,svchost.exe,0.0,21.3,,STATS,Normal
1790946825.775,svchost.exe,services.exe,0.97,19.9,,STATS,Normal
1790946825.775,svchost.exe,services.exe,0.0,28.8,,STATS,Normal
1790946825.775,svchost.exe,services.exe,0.0,10.1,,STATS,Normal
1790946825.775,svchost.exe,services.exe,0.0,7.3,,STATS,Normal
1790946825.775,svchost.exe,services.exe,0.0,18.5,,STATS,Normal
1790946825.775,MemCompression,System,0.0,364.7,,STATS,Normal
1790946825.775,svchost.exe,services.exe,0.0,11.6,,STATS,Normal
1790946825.775,svchost.exe,services.exe,0.0,19.7,,STATS,Normal
1790946825.775,igfxCUIService.exe,services.exe,0.0,12.0,,STATS,Normal
1790946825.775,svchost.exe,services.exe,0.0,9.0,,STATS,Normal
1790946825.775,svchost.exe,services.exe,0.0,12.4,,STATS,Normal
1790946825.775,svchost.exe,services.exe,0.0,9.4,,STATS,Normal
1790946825.775,svchost.exe,services.exe,0.0,25.0,,STATS,Normal
1790946825.775,MicrosoftStartFeedProvider.exe,svchost.exe,0.0,42.7,,STATS,Normal
1790946825.775,SystemSettings.exe,svchost.exe,0.0,3.6,,STATS,Normal
1790946825.775,svchost.exe,services.exe,0.0,57.8,,STATS,Normal
1790946825.775,svchost.exe,services.exe,0.0,11.2,,STATS,Normal
1790946825.775,svchost.exe,services.exe,0.0,14.7,,STATS,Normal
1790946825.775,Code.exe,Code.exe,0.0,52.6,,STATS,Normal
1790946825.775,svchost.exe,services.exe,0.0,10.5,,STATS,Normal
1790946825.775,svchost.exe,services.exe,0.0,25.1,,STATS,Normal
1790946825.775,svchost.exe,services.exe,0.0,12.4,,STATS,Normal
1790946825.775,msedge.exe,msedge.exe,0.0,19.2,,STATS,Normal
1790946825.775,svchost.exe,services.exe,0.0,21.7,,STATS,Normal
1790946825.775,svchost.exe,services.exe,0.0,10.8,,STATS,Normal
1790946825.775,svchost.exe,services.exe,0.0,13.3,,STATS,Normal
1790946825.775,svchost.exe,services.exe,0.0,30.8,,STATS,Normal
1790946825.775,powershell.exe,Code.exe,0.0,96.9,,STATS,Normal
1790946825.775,brave.exe,brave.exe,0.0,54.4,,STATS,Normal
1790946825.775,svchost.exe,services.exe,0.0,9.0,,STATS,Normal
1790946825.775,svchost.exe,services.exe,0.0,29.4,,STATS,Normal
1790946825.775,svchost.exe,services.exe,0.0,11.3,,STATS,Normal
1790946825.775,AsusOptimization.exe,services.exe,0.0,10.1,,STATS,Normal
1790946825.775,svchost.exe,services.exe,0.0,20.5,,STATS,Normal
1790946825.775,svchost.exe,services.exe,0.0,13.0,,STATS,Normal
1790946825.775,spoolsv.exe,services.exe,0.0,26.7,,STATS,Normal
1790946825.775,svchost.exe,services.exe,0.0,10.0,,STATS,Normal
1790946825.775,backgroundTaskHost.exe,svchost.exe,0.0,64.2,,STATS,Normal
1790946825.775,ArmouryCrateControlInterface.exe,services.exe,0.0,11.7,,STATS,Normal
1790946825.775,AsusSoftwareManager.exe,services.exe,0.0,20.6,,STATS,Normal
1790946825.775,AsusSwitch.exe,services.exe,0.0,9.5,,STATS,Normal
1790946825.775,AsusSystemAnalysis.exe,services.exe,0.0,17.2,,STATS,Normal
1790946825.775,svchost.exe,services.exe,0.0,41.9,,STATS,Normal
1790946825.775,AsusAppService.exe,services.exe,0.0,25.2,,STATS,Normal
1790946825.775,AsusSystemDiagnosis.exe,services.exe,0.0,12.2,,STATS,Normal
1790946825.775,DtsApo4Service.exe,services.exe,0.0,20.4,,STATS,Normal
1790946825.775,svchost.exe,services.exe,0.0,16.7,,STATS,Normal
1790946825.775,cmw_srv.exe,services.exe,0.0,90.5,,STATS,Normal
1790946825.775,esif_uf.exe,services.exe,0.0,7.3,,STATS,Normal
1790946825.775,OneApp.IGCC.WinService.exe,services.exe,0.0,48.4,,STATS,Normal
1790946825.775,svchost.exe,services.exe,0.0,28.8,,STATS,Normal
1790946825.775,svchost.exe,services.exe,0.0,15.3,,STATS,Normal
1790946825.775,MpDefenderCoreService.exe,services.exe,0.0,24.2,,STATS,Normal
1790946825.775,nvcontainer.exe,services.exe,0.0,40.4,,STATS,Normal
1790946825.775,svchost.exe,services.exe,0.0,12.7,,STATS,Normal
1790946825.775,RstMwService.exe,services.exe,0.0,8.4,,STATS,Normal
1790946825.775,svchost.exe,services.exe,0.0,7.1,,STATS,Normal
1790946825.775,svchost.exe,services.exe,0.0,22.5,,STATS,Normal
1790946825.775,MsMpEng.exe,services.exe,0.29,332.9,,STATS,Normal
1790946825.775,WMIRegistrationService.exe,services.exe,0.0,13.1,,STATS,Normal
1790946825.775,RtkAudUService64.exe,services.exe,0.0,15.0,,STATS,Normal
1790946825.775,svchost.exe,services.exe,0.0,16.1,,STATS,Normal
1790946825.775,brave.exe,brave.exe,0.0,71.6,,STATS,Normal
1790946825.775,msedgewebview2.exe,msedgewebview2.exe,0.0,12.5,,STATS,Normal
1790946825.775,svchost.exe,services.exe,0.0,14.1,,STATS,Normal
1790946825.775,jhi_service.exe,services.exe,0.0,7.9,,STATS,Normal
1790946825.775,brave.exe,brave.exe,0.0,127.9,,STATS,Normal
1790946825.775,svchost.exe,services.exe,0.0,15.5,,STATS,Normal
1790946825.775,msedgewebview2.exe,msedgewebview2.exe,0.0,18.7,,STATS,Normal
1790946825.775,csrss.exe,,0.0,8.6,,STATS,Normal
1790946825.775,svchost.exe,services.exe,0.0,34.2,,STATS,Normal
1790946825.775,Code.exe,Code.exe,0.0,166.2,,STATS,Normal
1790946825.775,dwm.exe,winlogon.exe,0.1,231.9,,STATS,Normal
1790946825.775,NgcIso.exe,svchost.exe,0.0,4.0,,STATS,Normal
1790946825.775,winlogon.exe,,0.0,23.6,,STATS,Normal
1790946825.775,brave.exe,explorer.exe,0.0,303.1,,STATS,Normal
1790946825.775,fontdrvhost.exe,winlogon.exe,0.0,8.8,,STATS,Normal
1790946825.775,IGCC.exe,svchost.exe,0.0,14.8,,STATS,Normal
1790946825.775,brave.exe,brave.exe,0.78,264.2,,STATS,Normal
1790946825.775,brave.exe,brave.exe,0.0,189.3,,STATS,Normal
1790946825.775,svchost.exe,services.exe,0.0,10.9,,STATS,Normal
1790946825.775,brave.exe,brave.exe,0.0,8.9,,STATS,Normal
1790946825.775,brave.exe,brave.exe,0.0,104.2,,STATS,Normal
1790946825.775,NVIDIA Overlay.exe,NVIDIA Overlay.exe,0.0,70.6,,STATS,Normal
1790946825.775,WmiPrvSE.exe,svchost.exe,0.0,17.4,,STATS,Normal
1790946825.775,nvcontainer.exe,nvcontainer.exe,0.0,33.2,,STATS,Normal
1790946825.775,unsecapp.exe,svchost.exe,0.0,10.1,,STATS,Normal
1790946825.775,svchost.exe,services.exe,0.0,9.6,,STATS,Normal
1790946825.775,NVIDIA Overlay.exe,nvcontainer.exe,0.0,148.9,,STATS,Normal
1790946825.775,AsusOptimizationStartupTask.exe,AsusOptimization.exe,0.0,19.6,,STATS,Normal
1790946825.775,SecurityHealthSystray.exe,explorer.exe,0.0,13.1,,STATS,Normal
1790946825.775,svchost.exe,services.exe,0.0,27.7,,STATS,Normal
1790946825.775,brave.exe,brave.exe,0.0,135.8,,STATS,Normal
1790946825.775,msedge.exe,msedge.exe,0.0,41.4,,STATS,Normal
1790946825.775,svchost.exe,services.exe,0.0,10.3,,STATS,Normal
1790946825.775,sihost.exe,svchost.exe,0.0,48.4,,STATS,Normal
1790946825.775,AppVShNotify.exe,OfficeClickToRun.exe,0.0,9.8,,STATS,Normal
1790946825.775,brave.exe,brave.exe,0.0,118.2,,STATS,Normal
1790946825.775,msedgewebview2.exe,SearchHost.exe,0.0,114.7,,STATS,Normal
1790946825.775,AsusOSD.exe,,0.0,16.6,,STATS,Normal
1790946825.775,ApplicationFrameHost.exe,svchost.exe,0.0,49.6,,STATS,Normal
1790946825.775,Code.exe,Code.exe,0.0,146.2,,STATS,Normal
1790946825.775,brave.exe,brave.exe,0.0,91.6,,STATS,Normal
1790946825.775,NVIDIA Overlay.exe,NVIDIA Overlay.exe,0.0,22.3,,STATS,Normal
1790946825.775,svchost.exe,services.exe,0.0,22.9,,STATS,Normal
1790946825.775,msedge.exe,,0.0,143.8,,STATS,Normal
1790946825.775,nvcontainer.exe,nvcontainer.exe,0.0,39.6,,STATS,Normal
1790946825.775,svchost.exe,services.exe,0.0,29.2,,STATS,Normal
1790946825.775,NisSrv.exe,services.exe,0.0,14.2,,STATS,Normal
1790946825.775,NVDisplay.Container.exe,NVDisplay.Container.exe,0.0,44.6,,STATS,Normal
1790946825.775,ctfmon.exe,svchost.exe,0.0,31.4,,STATS,Normal
1790946825.775,taskhostw.exe,svchost.exe,0.0,21.3,,STATS,Normal
1790946825.775,explorer.exe,,0.0,339.2,,STATS,Normal
1790946825.775,StartMenuExperienceHost.exe,svchost.exe,0.0,150.1,,STATS,Normal
1790946825.775,RuntimeBroker.exe,svchost.exe,0.0,81.3,,STATS,Normal
1790946825.775,brave.exe,brave.exe,0.0,423.1,,STATS,Normal
1790946825.775,msedge.exe,msedge.exe,0.0,49.9,,STATS,Normal
1790946825.775,svchost.exe,services.exe,0.0,12.6,,STATS,Normal
1790946825.775,svchost.exe,services.exe,0.0,24.3,,STATS,Normal
1790946825.775,svchost.exe,services.exe,0.0,42.6,,STATS,Normal
1790946825.775,SpotifyXboxGamebarWebView.exe,svchost.exe,0.0,69.8,,STATS,Normal
1790946825.775,SearchIndexer.exe,services.exe,0.0,45.2,,STATS,Normal
1790946825.775,Code.exe,explorer.exe,0.0,167.3,,STATS,Normal
1790946825.775,svchost.exe,services.exe,0.0,43.9,,STATS,Normal
1790946825.775,svchost.exe,services.exe,0.0,11.2,,STATS,Normal
1790946825.775,CrossDeviceResume.exe,sihost.exe,0.0,52.4,,STATS,Normal
1790946825.775,brave.exe,brave.exe,0.0,295.6,,STATS,Normal
1790946825.775,dllhost.exe,svchost.exe,0.0,20.4,,STATS,Normal
1790946825.775,Code.exe,Code.exe,0.0,283.5,,STATS,Normal
1790946825.775,brave.exe,brave.exe,0.0,25.6,,STATS,Normal
1790946825.775,WidgetService.exe,svchost.exe,0.0,25.0,,STATS,Normal
1790946825.775,nvcontainer.exe,nvcontainer.exe,0.0,91.6,,STATS,Normal
1790946825.775,svchost.exe,services.exe,0.0,24.3,,STATS,Normal
1790946825.775,DefenderSessionHelper.exe,MsMpEng.exe,0.0,6.4,,STATS,Normal
1790946825.775,svchost.exe,services.exe,0.0,70.7,,STATS,Normal
1790946825.775,UserOOBEBroker.exe,svchost.exe,0.0,11.1,,STATS,Normal
1790946825.775,nvsphelper64.exe,nvcontainer.exe,0.0,16.0,,STATS,Normal
1790946825.775,powershell.exe,explorer.exe,0.0,79.2,,STATS,Normal
1790946825.775,svchost.exe,services.exe,0.0,32.4,,STATS,Normal
1790946825.775,WidgetBoard.exe,svchost.exe,0.0,29.1,,STATS,Normal
1790946825.775,brave.exe,brave.exe,0.0,47.2,,STATS,Normal
1790946825.775,SecurityHealthService.exe,services.exe,0.0,23.0,,STATS,Normal
1790946825.775,svchost.exe,services.exe,0.0,14.8,,STATS,Normal
1790946825.775,dllhost.exe,svchost.exe,0.0,12.6,,STATS,Normal
1790946825.775,svchost.exe,services.exe,0.0,18.6,,STATS,Normal
1790946825.775,ArmouryCrateKeyControl.exe,ArmouryCrateControlInterface.exe,0.0,46.2,,STATS,Normal
1790946825.775,conhost.exe,powershell.exe,0.0,23.5,,STATS,Normal
1790946825.775,Code.exe,Code.exe,0.0,118.9,,STATS,Normal
1790946825.775,pet.exe,Code.exe,0.0,9.1,,STATS,Normal
1790946825.775,svchost.exe,services.exe,0.0,10.2,,STATS,Normal
1790946825.775,SDXHelper.exe,svchost.exe,0.0,31.9,,STATS,Normal
1790946825.775,NVIDIA Overlay.exe,NVIDIA Overlay.exe,0.0,37.0,,STATS,Normal
1790946825.775,svchost.exe,services.exe,0.0,16.0,,STATS,Normal
1790946825.775,OfficeClickToRun.exe,services.exe,0.0,58.8,,STATS,Normal
1790946825.775,conhost.exe,pet.exe,0.0,6.8,,STATS,Normal
1790946825.775,RuntimeBroker.exe,svchost.exe,0.0,19.2,,STATS,Normal
1790946825.775,TextInputHost.exe,svchost.exe,0.0,128.6,,STATS,Normal
1790946825.775,svchost.exe,services.exe,0.0,7.6,,STATS,Normal
1790946825.775,msedge.exe,msedge.exe,0.0,12.7,,STATS,Normal
1790946825.775,AsusSoftwareManagerAgent.exe,AsusSoftwareManager.exe,0.0,44.1,,STATS,Normal
1790946825.775,wlanext.exe,svchost.exe,0.0,11.2,,STATS,Normal
1790946825.775,copilot-runtime.exe,Code.exe,0.0,19.2,,STATS,Normal
1790946825.775,AppActions.exe,svchost.exe,0.0,39.7,,STATS,Normal
1790946825.775,brave.exe,brave.exe,0.0,67.0,,STATS,Normal
1790946825.775,SearchHost.exe,svchost.exe,0.0,139.4,,STATS,Normal
1790946825.775,svchost.exe,services.exe,0.0,25.3,,STATS,Normal
1790946825.775,brave.exe,brave.exe,0.0,177.4,,STATS,Normal
1790946825.775,msedgewebview2.exe,msedgewebview2.exe,0.0,124.9,,STATS,Normal
1790946825.775,OpenConsole.exe,Code.exe,0.0,11.4,,STATS,Normal
1790946825.775,brave.exe,brave.exe,0.0,79.8,,STATS,Normal
1790946825.775,svchost.exe,services.exe,0.0,7.6,,STATS,Normal
1790946825.775,RuntimeBroker.exe,svchost.exe,0.0,29.5,,STATS,Normal
1790946825.775,Intel_PIE_Service.exe,services.exe,0.0,11.8,,STATS,Normal
1790946825.775,Code.exe,Code.exe,0.0,107.1,,STATS,Normal
1790946825.775,Code.exe,Code.exe,0.0,33.5,,STATS,Normal
1790946825.775,brave.exe,brave.exe,0.0,237.4,,STATS,Normal
1790946825.775,dllhost.exe,svchost.exe,0.0,11.1,,STATS,Normal
1790946825.775,msedgewebview2.exe,msedgewebview2.exe,0.0,83.1,,STATS,Normal
1790946825.775,msedgewebview2.exe,msedgewebview2.exe,0.0,40.5,,STATS,Normal
1790946825.775,Code.exe,Code.exe,0.0,339.6,,STATS,Normal
1790946825.775,conhost.exe,copilot-runtime.exe,0.0,7.0,,STATS,Normal
1790946825.775,brave.exe,brave.exe,0.0,23.2,,STATS,Normal
1790946825.775,brave.exe,brave.exe,0.0,77.6,,STATS,Normal
1790946825.775,brave.exe,brave.exe,0.0,78.3,,STATS,Normal
1790946825.775,Code.exe,Code.exe,0.0,582.9,,STATS,Normal
1790946825.775,conhost.exe,powershell.exe,0.2,21.8,,STATS,Normal
1790946825.775,powershell.exe,explorer.exe,0.0,78.4,,STATS,Normal
1790946825.775,python.exe,powershell.exe,0.0,23.8,,STATS,Normal
1790946825.775,ShellHost.exe,sihost.exe,0.0,55.2,,STATS,Normal
1790946825.775,svchost.exe,services.exe,0.0,9.7,,STATS,Normal
1790946825.775,svchost.exe,services.exe,0.0,15.0,,STATS,Normal
1790946825.775,brave.exe,brave.exe,0.0,60.7,,STATS,Normal
1790946825.775,brave.exe,brave.exe,1.27,530.8,,STATS,Normal
1790946825.775,brave.exe,brave.exe,0.0,34.6,,STATS,Normal
1790946825.775,audiodg.exe,svchost.exe,0.78,48.2,,STATS,Normal
1790946833.794,powershell.exe,python.exe,,70.2,,START,Normal
1790946833.794,brave.exe,brave.exe,,,,EXIT,Normal
1790946835.774,powershell.exe,python.exe,,,,EXIT,Normal
1790946857.774,System Idle Process,,86.49,0.0,,STATS,Normal
1790946857.774,System,System Idle Process,1.07,9.3,,STATS,Normal
1790946857.774,,,0.0,0.1,,STATS,Normal
1790946857.774,Registry,,0.0,47.7,,STATS,Normal
1790946857.774,Code.exe,Code.exe,0.0,159.5,,STATS,Normal
1790946857.774,smss.exe,System,0.0,1.5,,STATS,Normal
1790946857.774,csrss.exe,,0.0,6.8,,STATS,Normal
1790946857.774,svchost.exe,services.exe,0.0,12.7,,STATS,Normal
1790946857.774,wininit.exe,,0.0,9.4,,STATS,Normal
1790946857.774,services.exe,wininit.exe,0.0,10.7,,STATS,Normal
1790946857.774,svchost.exe,services.exe,0.0,12.2,,STATS,Normal
1790946857.774,LsaIso.exe,wininit.exe,0.0,3.9,,STATS,Normal
1790946857.774,lsass.exe,wininit.exe,0.0,32.4,,STATS,Normal
1790946857.774,IntelCpHDCPSvc.exe,services.exe,0.0,9.2,,STATS,Normal
1790946857.774,svchost.exe,services.exe,0.0,7.6,,STATS,Normal
1790946857.774,svchost.exe,services.exe,0.0,44.3,,STATS,Normal
1790946857.774,fontdrvhost.exe,wininit.exe,0.0,4.3,,STATS,Normal
1790946857.774,WUDFHost.exe,services.exe,0.0,21.7,,STATS,Normal
1790946857.774,svchost.exe,services.exe,0.0,20.0,,STATS,Normal
1790946857.774,svchost.exe,services.exe,0.0,12.7,,STATS,Normal
1790946857.774,svchost.exe,services.exe,0.0,6.8,,STATS,Normal
1790946857.774,svchost.exe,services.exe,0.0,12.2,,STATS,Normal
1790946857.774,svchost.exe,services.exe,0.0,22.7,,STATS,Normal
1790946857.774,svchost.exe,services.exe,0.0,17.7,,STATS,Normal
1790946857.774,igfxEM.exe,igfxCUIService.exe,0.0,17.2,,STATS,Normal
1790946857.774,svchost.exe,services.exe,0.0,16.4,,STATS,Normal
1790946857.774,svchost.exe,services.exe,0.0,13.5,,STATS,Normal
1790946857.774,svchost.exe,services.exe,0.0,14.9,,STATS,Normal
1790946857.774,svchost.exe,services.exe,0.0,30.6,,STATS,Normal
1790946857.774,svchost.exe,services.exe,0.0,12.5,,STATS,Normal
1790946857.774,svchost.exe,services.exe,0.0,13.9,,STATS,Normal
1790946857.774,IntelCpHeciSvc.exe,services.exe,0.0,9.3,,STATS,Normal
1790946857.774,svchost.exe,services.exe,0.0,23.8,,STATS,Normal
1790946857.774,brave.exe,brave.exe,0.2,370.5,,STATS,Normal
1790946857.774,svchost.exe,services.exe,0.0,8.0,,STATS,Normal
1790946857.774,svchost.exe,services.exe,0.0,22.3,,STATS,Normal
1790946857.774,svchost.exe,services.exe,0.0,10.2,,STATS,Normal
1790946857.774,NVDisplay.Container.exe,services.exe,0.0,36.6,,STATS,Normal
1790946857.774,NVIDIA Overlay.exe,NVIDIA Overlay.exe,0.0,94.1,,STATS,Normal
1790946857.774,svchost.exe,services.exe,0.0,12.5,,STATS,Normal
1790946857.774,PresentationFontCache.exe,services.exe,0.0,19.6,,STATS,Normal
1790946857.774,dllhost.exe,svchost.exe,0.0,21.3,,STATS,Normal
1790946857.774,svchost.exe,services.exe,0.97,19.9,,STATS,Normal
1790946857.774,svchost.exe,services.exe,0.0,28.8,,STATS,Normal
1790946857.774,svchost.exe,services.exe,0.0,10.1,,STATS,Normal
1790946857.774,svchost.exe,services.exe,0.0,7.3,,STATS,Normal
1790946857.774,svchost.exe,services.exe,0.0,18.5,,STATS,Normal
1790946857.774,MemCompression,System,0.0,392.3,,STATS,Normal
1790946857.774,svchost.exe,services.exe,0.0,11.6,,STATS,Normal
1790946857.774,svchost.exe,services.exe,0.0,19.7,,STATS,Normal
1790946857.774,igfxCUIService.exe,services.exe,0.0,12.0,,STATS,Normal
1790946857.774,svchost.exe,services.exe,0.0,9.0,,STATS,Normal
1790946857.774,svchost.exe,services.exe,0.0,12.4,,STATS,Normal
1790946857.774,svchost.exe,services.exe,0.0,9.4,,STATS,Normal
1790946857.774,svchost.exe,services.exe,0.0,24.8,,STATS,Normal
1790946857.774,MicrosoftStartFeedProvider.exe,svchost.exe,0.0,42.7,,STATS,Normal
1790946857.774,SystemSettings.exe,svchost.exe,0.0,3.6,,STATS,Normal
1790946857.774,svchost.exe,services.exe,0.0,57.7,,STATS,Normal
1790946857.774,svchost.exe,services.exe,0.0,11.1,,STATS,Normal
1790946857.774,svchost.exe,services.exe,0.0,14.7,,STATS,Normal
1790946857.774,Code.exe,Code.exe,0.0,52.6,,STATS,Normal
1790946857.774,svchost.exe,services.exe,0.0,10.5,,STATS,Normal
1790946857.774,svchost.exe,services.exe,0.0,25.1,,STATS,Normal
1790946857.774,svchost.exe,services.exe,0.0,12.5,,STATS,Normal
1790946857.774,msedge.exe,msedge.exe,0.0,18.8,,STATS,Normal
1790946857.774,svchost.exe,services.exe,0.0,21.7,,STATS,Normal
1790946857.774,svchost.exe,services.exe,0.0,10.8,,STATS,Normal
1790946857.774,svchost.exe,services.exe,0.0,13.3,,STATS,Normal
1790946857.774,svchost.exe,services.exe,0.0,30.8,,STATS,Normal
1790946857.774,powershell.exe,Code.exe,0.0,96.9,,STATS,Normal
1790946857.774,brave.exe,brave.exe,0.59,56.4,,STATS,Normal
1790946857.774,svchost.exe,services.exe,0.0,9.0,,STATS,Normal
1790946857.774,svchost.exe,services.exe,0.0,29.4,,STATS,Normal
1790946857.774,svchost.exe,services.exe,0.0,11.3,,STATS,Normal
1790946857.774,AsusOptimization.exe,services.exe,0.0,10.1,,STATS,Normal
1790946857.774,svchost.exe,services.exe,0.0,20.5,,STATS,Normal
1790946857.774,svchost.exe,services.exe,0.0,12.9,,STATS,Normal
1790946857.774,spoolsv.exe,services.exe,0.0,26.7,,STATS,Normal
1790946857.774,svchost.exe,services.exe,0.0,10.0,,STATS,Normal
1790946857.774,backgroundTaskHost.exe,svchost.exe,0.0,63.2,,STATS,Normal
1790946857.774,ArmouryCrateControlInterface.exe,services.exe,0.0,11.7,,STATS,Normal
1790946857.774,AsusSoftwareManager.exe,services.exe,0.0,20.6,,STATS,Normal
1790946857.774,AsusSwitch.exe,services.exe,0.0,9.5,,STATS,Normal
1790946857.774,AsusSystemAnalysis.exe,services.exe,0.0,17.2,,STATS,Normal
1790946857.774,svchost.exe,services.exe,0.0,42.0,,STATS,Normal
1790946857.774,AsusAppService.exe,services.exe,0.0,25.2,,STATS,Normal
1790946857.774,AsusSystemDiagnosis.exe,services.exe,0.0,12.2,,STATS,Normal
1790946857.774,DtsApo4Service.exe,services.exe,0.0,20.4,,STATS,Normal
1790946857.774,svchost.exe,services.exe,0.0,16.7,,STATS,Normal
1790946857.774,cmw_srv.exe,services.exe,0.0,90.5,,STATS,Normal
1790946857.774,esif_uf.exe,services.exe,0.0,7.3,,STATS,Normal
1790946857.774,OneApp.IGCC.WinService.exe,services.exe,0.0,48.4,,STATS,Normal
1790946857.774,svchost.exe,services.exe,0.1,28.8,,STATS,Normal
1790946857.774,svchost.exe,services.exe,0.0,15.3,,STATS,Normal
1790946857.774,MpDefenderCoreService.exe,services.exe,0.0,24.2,,STATS,Normal
1790946857.774,nvcontainer.exe,services.exe,0.0,40.4,,STATS,Normal
1790946857.774,svchost.exe,services.exe,0.0,12.7,,STATS,Normal
1790946857.774,RstMwService.exe,services.exe,0.0,8.4,,STATS,Normal
1790946857.774,svchost.exe,services.exe,0.0,7.1,,STATS,Normal
1790946857.774,svchost.exe,services.exe,0.0,22.4,,STATS,Normal
1790946857.774,MsMpEng.exe,services.exe,0.78,339.2,,STATS,Normal
1790946857.774,WMIRegistrationService.exe,services.exe,0.0,13.1,,STATS,Normal
1790946857.774,RtkAudUService64.exe,services.exe,0.0,15.0,,STATS,Normal
1790946857.774,svchost.exe,services.exe,0.0,16.1,,STATS,Normal
1790946857.774,brave.exe,brave.exe,0.0,71.5,,STATS,Normal
1790946857.774,msedgewebview2.exe,msedgewebview2.exe,0.0,12.3,,STATS,Normal
1790946857.774,svchost.exe,services.exe,0.0,14.1,,STATS,Normal
1790946857.774,jhi_service.exe,services.exe,0.0,7.9,,STATS,Normal
1790946857.774,brave.exe,brave.exe,0.0,127.6,,STATS,Normal
1790946857.774,svchost.exe,services.exe,0.0,15.5,,STATS,Normal
1790946857.774,msedgewebview2.exe,msedgewebview2.exe,0.0,18.6,,STATS,Normal
1790946857.774,csrss.exe,,0.0,8.6,,STATS,Normal
1790946857.774,svchost.exe,services.exe,0.0,34.2,,STATS,Normal
1790946857.774,Code.exe,Code.exe,0.0,166.1,,STATS,Normal
1790946857.774,dwm.exe,winlogon.exe,0.1,169.8,,STATS,Normal
1790946857.774,NgcIso.exe,svchost.exe,0.0,4.1,,STATS,Normal
1790946857.774,winlogon.exe,,0.0,23.6,,STATS,Normal
1790946857.774,brave.exe,explorer.exe,0.1,301.9,,STATS,Normal
1790946857.774,fontdrvhost.exe,winlogon.exe,0.0,8.8,,STATS,Normal
1790946857.774,IGCC.exe,svchost.exe,0.0,14.8,,STATS,Normal
1790946857.774,brave.exe,brave.exe,1.07,281.5,,STATS,Normal
1790946857.774,brave.exe,brave.exe,0.0,187.7,,STATS,Normal
1790946857.774,svchost.exe,services.exe,0.0,10.9,,STATS,Normal
1790946857.774,brave.exe,brave.exe,0.0,8.8,,STATS,Normal
1790946857.774,brave.exe,brave.exe,0.0,86.7,,STATS,Normal
1790946857.774,NVIDIA Overlay.exe,NVIDIA Overlay.exe,0.0,70.5,,STATS,Normal
1790946857.774,WmiPrvSE.exe,svchost.exe,0.0,17.4,,STATS,Normal
1790946857.774,nvcontainer.exe,nvcontainer.exe,0.0,33.2,,STATS,Normal
1790946857.774,unsecapp.exe,svchost.exe,0.0,10.1,,STATS,Normal
1790946857.774,svchost.exe,services.exe,0.0,9.6,,STATS,Normal
1790946857.774,NVIDIA Overlay.exe,nvcontainer.exe,0.0,148.9,,STATS,Normal
1790946857.774,AsusOptimizationStartupTask.exe,AsusOptimization.exe,0.0,19.6,,STATS,Normal
1790946857.774,SecurityHealthSystray.exe,explorer.exe,0.0,13.1,,STATS,Normal
1790946857.774,svchost.exe,services.exe,0.0,27.7,,STATS,Normal
1790946857.774,brave.exe,brave.exe,0.78,157.0,,STATS,Normal
1790946857.774,msedge.exe,msedge.exe,0.0,40.6,,STATS,Normal
1790946857.774,svchost.exe,services.exe,0.0,10.3,,STATS,Normal
1790946857.774,sihost.exe,svchost.exe,0.0,48.4,,STATS,Normal
1790946857.774,AppVShNotify.exe,OfficeClickToRun.exe,0.0,9.8,,STATS,Normal
1790946857.774,msedgewebview2.exe,SearchHost.exe,0.0,114.1,,STATS,Normal
1790946857.774,AsusOSD.exe,,0.0,16.6,,STATS,Normal
1790946857.774,ApplicationFrameHost.exe,svchost.exe,0.0,49.6,,STATS,Normal
1790946857.774,Code.exe,Code.exe,0.0,146.2,,STATS,Normal
1790946857.774,brave.exe,brave.exe,0.0,91.7,,STATS,Normal
1790946857.774,NVIDIA Overlay.exe,NVIDIA Overlay.exe,0.0,22.3,,STATS,Normal
1790946857.774,svchost.exe,services.exe,0.0,22.9,,STATS,Normal
1790946857.774,msedge.exe,,0.0,131.8,,STATS,Normal
1790946857.774,nvcontainer.exe,nvcontainer.exe,0.1,39.6,,STATS,Normal
1790946857.774,svchost.exe,services.exe,0.0,29.3,,STATS,Normal
1790946857.774,NisSrv.exe,services.exe,0.0,14.2,,STATS,Normal
1790946857.774,NVDisplay.Container.exe,NVDisplay.Container.exe,0.0,44.5,,STATS,Normal
1790946857.774,ctfmon.exe,svchost.exe,0.0,31.4,,STATS,Normal
1790946857.774,taskhostw.exe,svchost.exe,0.0,21.3,,STATS,Normal
1790946857.774,explorer.exe,,0.0,338.6,,STATS,Normal
1790946857.774,StartMenuExperienceHost.exe,svchost.exe,0.0,150.0,,STATS,Normal
1790946857.774,RuntimeBroker.exe,svchost.exe,0.0,80.5,,STATS,Normal
1790946857.774,brave.exe,brave.exe,0.0,422.5,,STATS,Normal
1790946857.774,msedge.exe,msedge.exe,0.0,42.1,,STATS,Normal
1790946857.774,svchost.exe,services.exe,0.0,12.6,,STATS,Normal
1790946857.774,svchost.exe,services.exe,0.0,24.3,,STATS,Normal
1790946857.774,svchost.exe,services.exe,0.0,42.9,,STATS,Normal
1790946857.774,SpotifyXboxGamebarWebView.exe,svchost.exe,0.0,69.8,,STATS,Normal
1790946857.774,SearchIndexer.exe,services.exe,0.1,45.2,,STATS,Normal
1790946857.774,Code.exe,explorer.exe,0.0,167.6,,STATS,Normal
1790946857.774,svchost.exe,services.exe,0.0,43.8,,STATS,Normal
1790946857.774,svchost.exe,services.exe,0.0,11.2,,STATS,Normal
1790946857.774,CrossDeviceResume.exe,sihost.exe,0.0,52.4,,STATS,Normal
1790946857.774,brave.exe,brave.exe,0.0,295.7,,STATS,Normal
1790946857.774,dllhost.exe,svchost.exe,0.0,20.4,,STATS,Normal
1790946857.774,Code.exe,Code.exe,0.0,285.0,,STATS,Normal
1790946857.774,brave.exe,brave.exe,0.0,25.4,,STATS,Normal
1790946857.774,WidgetService.exe,svchost.exe,0.0,25.0,,STATS,Normal
1790946857.774,nvcontainer.exe,nvcontainer.exe,0.0,90.6,,STATS,Normal
1790946857.774,svchost.exe,services.exe,0.0,24.3,,STATS,Normal
1790946857.774,DefenderSessionHelper.exe,MsMpEng.exe,0.0,6.4,,STATS,Normal
1790946857.774,svchost.exe,services.exe,0.0,70.7,,STATS,Normal
1790946857.774,UserOOBEBroker.exe,svchost.exe,0.0,11.1,,STATS,Normal
1790946857.774,nvsphelper64.exe,nvcontainer.exe,0.0,16.0,,STATS,Normal
1790946857.774,powershell.exe,explorer.exe,0.0,79.2,,STATS,Normal
1790946857.774,svchost.exe,services.exe,0.0,32.4,,STATS,Normal
1790946857.774,WidgetBoard.exe,svchost.exe,0.0,29.1,,STATS,Normal
1790946857.774,brave.exe,brave.exe,0.0,46.9,,STATS,Normal
1790946857.774,SecurityHealthService.exe,services.exe,0.0,23.0,,STATS,Normal
1790946857.774,svchost.exe,services.exe,0.0,14.8,,STATS,Normal
1790946857.774,dllhost.exe,svchost.exe,0.0,12.6,,STATS,Normal
1790946857.774,svchost.exe,services.exe,0.0,18.6,,STATS,Normal
1790946857.774,ArmouryCrateKeyControl.exe,ArmouryCrateControlInterface.exe,0.0,46.2,,STATS,Normal
1790946857.774,conhost.exe,powershell.exe,0.0,23.5,,STATS,Normal
1790946857.774,Code.exe,Code.exe,0.0,118.8,,STATS,Normal
1790946857.774,pet.exe,Code.exe,0.0,9.1,,STATS,Normal
1790946857.774,svchost.exe,services.exe,0.0,10.2,,STATS,Normal
1790946857.774,SDXHelper.exe,svchost.exe,0.0,30.5,,STATS,Normal
1790946857.774,NVIDIA Overlay.exe,NVIDIA Overlay.exe,0.0,37.0,,STATS,Normal
1790946857.774,svchost.exe,services.exe,0.0,16.0,,STATS,Normal
1790946857.774,OfficeClickToRun.exe,services.exe,0.0,58.8,,STATS,Normal
1790946857.774,conhost.exe,pet.exe,0.0,6.8,,STATS,Normal
1790946857.774,RuntimeBroker.exe,svchost.exe,0.0,19.1,,STATS,Normal
1790946857.774,TextInputHost.exe,svchost.exe,0.0,128.6,,STATS,Normal
1790946857.774,svchost.exe,services.exe,0.0,7.6,,STATS,Normal
1790946857.774,msedge.exe,msedge.exe,0.0,12.5,,STATS,Normal
1790946857.774,AsusSoftwareManagerAgent.exe,AsusSoftwareManager.exe,0.0,43.9,,STATS,Normal
1790946857.774,wlanext.exe,svchost.exe,0.0,11.2,,STATS,Normal
1790946857.774,copilot-runtime.exe,Code.exe,0.0,19.2,,STATS,Normal
1790946857.774,AppActions.exe,svchost.exe,0.0,39.7,,STATS,Normal
1790946857.774,brave.exe,brave.exe,0.0,67.0,,STATS,Normal
1790946857.774,SearchHost.exe,svchost.exe,0.0,139.2,,STATS,Normal
1790946857.774,svchost.exe,services.exe,0.0,25.2,,STATS,Normal
1790946857.774,brave.exe,brave.exe,0.0,153.5,,STATS,Normal
1790946857.774,msedgewebview2.exe,msedgewebview2.exe,0.0,124.8,,STATS,Normal
1790946857.774,OpenConsole.exe,Code.exe,0.0,11.4,,STATS,Normal
1790946857.774,brave.exe,brave.exe,0.0,75.5,,STATS,Normal
1790946857.774,svchost.exe,services.exe,0.0,7.6,,STATS,Normal
1790946857.774,RuntimeBroker.exe,svchost.exe,0.0,29.3,,STATS,Normal
1790946857.774,Intel_PIE_Service.exe,services.exe,0.0,11.8,,STATS,Normal
1790946857.774,Code.exe,Code.exe,0.0,107.0,,STATS,Normal
1790946857.774,Code.exe,Code.exe,0.0,33.5,,STATS,Normal
1790946857.774,brave.exe,brave.exe,0.0,224.9,,STATS,Normal
1790946857.774,dllhost.exe,svchost.exe,0.0,11.1,,STATS,Normal
1790946857.774,msedgewebview2.exe,msedgewebview2.exe,0.0,83.0,,STATS,Normal
1790946857.774,msedgewebview2.exe,msedgewebview2.exe,0.0,40.4,,STATS,Normal
1790946857.774,Code.exe,Code.exe,0.0,339.6,,STATS,Normal
1790946857.774,conhost.exe,copilot-runtime.exe,0.0,7.0,,STATS,Normal
1790946857.774,brave.exe,brave.exe,0.1,23.1,,STATS,Normal
1790946857.774,brave.exe,brave.exe,0.0,78.0,,STATS,Normal
1790946857.774,brave.exe,brave.exe,0.0,78.3,,STATS,Normal
1790946857.774,Code.exe,Code.exe,0.0,582.9,,STATS,Normal
1790946857.774,conhost.exe,powershell.exe,0.0,21.8,,STATS,Normal
1790946857.774,powershell.exe,explorer.exe,0.0,78.4,,STATS,Normal
1790946857.774,python.exe,powershell.exe,0.2,23.8,,STATS,Normal
1790946857.774,ShellHost.exe,sihost.exe,0.0,55.2,,STATS,Normal
1790946857.774,svchost.exe,services.exe,0.0,9.7,,STATS,Normal
1790946857.774,svchost.exe,services.exe,0.0,15.0,,STATS,Normal
1790946857.774,brave.exe,brave.exe,0.0,59.4,,STATS,Normal
1790946857.774,brave.exe,brave.exe,2.64,422.1,,STATS,Normal
1790946857.774,brave.exe,brave.exe,0.0,34.6,,STATS,Normal
1790946857.774,audiodg.exe,svchost.exe,0.78,48.2,,STATS,Normal
1790946887.78,System Idle Process,,72.17,0.0,,STATS,Normal
1790946887.78,System,System Idle Process,1.66,9.3,,STATS,Normal
1790946887.78,,,0.0,0.1,,STATS,Normal
1790946887.78,Registry,,0.0,47.7,,STATS,Normal
1790946887.78,Code.exe,Code.exe,0.0,159.4,,STATS,Normal
1790946887.78,smss.exe,System,0.0,1.5,,STATS,Normal
1790946887.78,csrss.exe,,0.0,6.8,,STATS,Normal
1790946887.78,svchost.exe,services.exe,0.0,12.7,,STATS,Normal
1790946887.78,wininit.exe,,0.0,9.6,,STATS,Normal
1790946887.78,services.exe,wininit.exe,0.0,10.7,,STATS,Normal
1790946887.78,svchost.exe,services.exe,0.0,12.2,,STATS,Normal
1790946887.78,LsaIso.exe,wininit.exe,0.0,3.9,,STATS,Normal
1790946887.78,lsass.exe,wininit.exe,0.0,32.4,,STATS,Normal
1790946887.78,IntelCpHDCPSvc.exe,services.exe,0.0,9.2,,STATS,Normal
1790946887.78,svchost.exe,services.exe,0.0,7.6,,STATS,Normal
1790946887.78,svchost.exe,services.exe,0.0,44.3,,STATS,Normal
1790946887.78,fontdrvhost.exe,wininit.exe,0.0,4.3,,STATS,Normal
1790946887.78,WUDFHost.exe,services.exe,0.0,21.7,,STATS,Normal
1790946887.78,svchost.exe,services.exe,0.0,19.9,,STATS,Normal
1790946887.78,svchost.exe,services.exe,0.0,12.7,,STATS,Normal
1790946887.78,svchost.exe,services.exe,0.0,6.8,,STATS,Normal
1790946887.78,svchost.exe,services.exe,0.0,12.2,,STATS,Normal
1790946887.78,svchost.exe,services.exe,0.0,22.7,,STATS,Normal
1790946887.78,svchost.exe,services.exe,0.0,17.7,,STATS,Normal
1790946887.78,igfxEM.exe,igfxCUIService.exe,0.0,17.2,,STATS,Normal
1790946887.78,svchost.exe,services.exe,0.0,16.4,,STATS,Normal
1790946887.78,svchost.exe,services.exe,0.0,13.5,,STATS,Normal
1790946887.78,svchost.exe,services.exe,0.0,14.9,,STATS,Normal
1790946887.78,svchost.exe,services.exe,0.0,30.6,,STATS,Normal
1790946887.78,svchost.exe,services.exe,0.0,12.5,,STATS,Normal
1790946887.78,svchost.exe,services.exe,0.0,13.9,,STATS,Normal
1790946887.78,IntelCpHeciSvc.exe,services.exe,0.0,9.3,,STATS,Normal
1790946887.78,svchost.exe,services.exe,0.0,23.8,,STATS,Normal
1790946887.78,brave.exe,brave.exe,0.0,370.5,,STATS,Normal
1790946887.78,svchost.exe,services.exe,0.0,8.0,,STATS,Normal
1790946887.78,svchost.exe,services.exe,0.0,22.3,,STATS,Normal
1790946887.78,svchost.exe,services.exe,0.0,10.2,,STATS,Normal
1790946887.78,NVDisplay.Container.exe,services.exe,0.0,36.6,,STATS,Normal
1790946887.78,NVIDIA Overlay.exe,NVIDIA Overlay.exe,0.0,94.1,,STATS,Normal
1790946887.78,svchost.exe,services.exe,0.0,12.1,,STATS,Normal
1790946887.78,PresentationFontCache.exe,services.exe,0.0,19.6,,STATS,Normal
1790946887.78,dllhost.exe,svchost.exe,0.0,21.3,,STATS,Normal
1790946887.78,svchost.exe,services.exe,1.07,19.8,,STATS,Normal
1790946887.78,svchost.exe,services.exe,0.0,28.8,,STATS,Normal
1790946887.78,svchost.exe,services.exe,0.0,10.1,,STATS,Normal
1790946887.78,svchost.exe,services.exe,0.0,7.3,,STATS,Normal
1790946887.78,svchost.exe,services.exe,0.0,18.5,,STATS,Normal
1790946887.78,MemCompression,System,0.0,388.0,,STATS,Normal
1790946887.78,svchost.exe,services.exe,0.0,11.6,,STATS,Normal
1790946887.78,svchost.exe,services.exe,0.0,19.7,,STATS,Normal
1790946887.78,igfxCUIService.exe,services.exe,0.0,12.0,,STATS,Normal
1790946887.78,svchost.exe,services.exe,0.0,9.0,,STATS,Normal
1790946887.78,svchost.exe,services.exe,0.0,12.4,,STATS,Normal
1790946887.78,svchost.exe,services.exe,0.0,9.4,,STATS,Normal
1790946887.78,svchost.exe,services.exe,0.0,24.9,,STATS,Normal
1790946887.78,MicrosoftStartFeedProvider.exe,svchost.exe,0.0,42.8,,STATS,Normal
1790946887.78,SystemSettings.exe,svchost.exe,0.0,3.6,,STATS,Normal
1790946887.78,svchost.exe,services.exe,0.0,57.7,,STATS,Normal
1790946887.78,svchost.exe,services.exe,0.0,11.2,,STATS,Normal
1790946887.78,svchost.exe,services.exe,0.0,14.7,,STATS,Normal
1790946887.78,Code.exe,Code.exe,0.0,52.6,,STATS,Normal
1790946887.78,svchost.exe,services.exe,0.0,10.5,,STATS,Normal
1790946887.78,svchost.exe,services.exe,0.0,25.1,,STATS,Normal
1790946887.78,svchost.exe,services.exe,0.0,12.5,,STATS,Normal
1790946887.78,msedge.exe,msedge.exe,0.0,18.9,,STATS,Normal
1790946887.78,svchost.exe,services.exe,0.0,21.7,,STATS,Normal
1790946887.78,svchost.exe,services.exe,0.0,10.9,,STATS,Normal
1790946887.78,svchost.exe,services.exe,0.0,13.3,,STATS,Normal
1790946887.78,svchost.exe,services.exe,0.0,30.8,,STATS,Normal
1790946887.78,powershell.exe,Code.exe,0.0,96.9,,STATS,Normal
1790946887.78,brave.exe,brave.exe,0.0,54.9,,STATS,Normal
1790946887.78,svchost.exe,services.exe,0.0,9.0,,STATS,Normal
1790946887.78,svchost.exe,services.exe,0.0,29.4,,STATS,Normal
1790946887.78,svchost.exe,services.exe,0.0,11.3,,STATS,Normal
1790946887.78,AsusOptimization.exe,services.exe,0.0,10.1,,STATS,Normal
1790946887.78,svchost.exe,services.exe,0.0,20.5,,STATS,Normal
1790946887.78,svchost.exe,services.exe,0.0,12.9,,STATS,Normal
1790946887.78,spoolsv.exe,services.exe,0.0,26.7,,STATS,Normal
1790946887.78,svchost.exe,services.exe,0.0,10.0,,STATS,Normal
1790946887.78,backgroundTaskHost.exe,svchost.exe,0.0,63.2,,STATS,Normal
1790946887.78,ArmouryCrateControlInterface.exe,services.exe,0.0,11.7,,STATS,Normal
1790946887.78,AsusSoftwareManager.exe,services.exe,0.0,20.6,,STATS,Normal
1790946887.78,AsusSwitch.exe,services.exe,0.0,9.5,,STATS,Normal
1790946887.78,AsusSystemAnalysis.exe,services.exe,0.0,17.2,,STATS,Normal
1790946887.78,svchost.exe,services.exe,0.0,42.0,,STATS,Normal
1790946887.78,AsusAppService.exe,services.exe,0.0,25.2,,STATS,Normal
1790946887.78,AsusSystemDiagnosis.exe,services.exe,0.0,12.2,,STATS,Normal
1790946887.78,DtsApo4Service.exe,services.exe,0.0,20.4,,STATS,Normal
1790946887.78,svchost.exe,services.exe,0.0,16.7,,STATS,Normal
1790946887.78,cmw_srv.exe,services.exe,0.0,90.6,,STATS,Normal
1790946887.78,esif_uf.exe,services.exe,0.0,7.3,,STATS,Normal
1790946887.78,OneApp.IGCC.WinService.exe,services.exe,0.0,48.4,,STATS,Normal
1790946887.78,svchost.exe,services.exe,0.0,28.8,,STATS,Normal
1790946887.78,svchost.exe,services.exe,0.0,15.3,,STATS,Normal
1790946887.78,MpDefenderCoreService.exe,services.exe,0.0,24.3,,STATS,Normal
1790946887.78,nvcontainer.exe,services.exe,0.0,40.4,,STATS,Normal
1790946887.78,svchost.exe,services.exe,0.0,12.7,,STATS,Normal
1790946887.78,RstMwService.exe,services.exe,0.0,8.4,,STATS,Normal
1790946887.78,svchost.exe,services.exe,0.0,7.1,,STATS,Normal
1790946887.78,svchost.exe,services.exe,0.0,21.9,,STATS,Normal
1790946887.78,MsMpEng.exe,services.exe,0.2,333.1,,STATS,Normal
1790946887.78,WMIRegistrationService.exe,services.exe,0.0,13.1,,STATS,Normal
1790946887.78,RtkAudUService64.exe,services.exe,0.0,15.0,,STATS,Normal
1790946887.78,svchost.exe,services.exe,0.0,16.1,,STATS,Normal
1790946887.78,brave.exe,brave.exe,0.0,71.5,,STATS,Normal
1790946887.78,msedgewebview2.exe,msedgewebview2.exe,0.0,12.3,,STATS,Normal
1790946887.78,svchost.exe,services.exe,0.0,14.1,,STATS,Normal
1790946887.78,jhi_service.exe,services.exe,0.0,7.9,,STATS,Normal
1790946887.78,brave.exe,brave.exe,0.0,127.6,,STATS,Normal
1790946887.78,svchost.exe,services.exe,0.0,15.5,,STATS,Normal
1790946887.78,msedgewebview2.exe,msedgewebview2.exe,0.0,18.6,,STATS,Normal
1790946887.78,csrss.exe,,0.0,8.6,,STATS,Normal
1790946887.78,svchost.exe,services.exe,0.0,34.2,,STATS,Normal
1790946887.78,Code.exe,Code.exe,0.0,166.1,,STATS,Normal
1790946887.78,dwm.exe,winlogon.exe,0.97,169.8,,STATS,Normal
1790946887.78,NgcIso.exe,svchost.exe,0.0,4.1,,STATS,Normal
1790946887.78,winlogon.exe,,0.0,23.6,,STATS,Normal
1790946887.78,brave.exe,explorer.exe,0.78,302.9,,STATS,Normal
1790946887.78,fontdrvhost.exe,winlogon.exe,0.0,8.8,,STATS,Normal
1790946887.78,IGCC.exe,svchost.exe,0.0,14.8,,STATS,Normal
1790946887.78,brave.exe,brave.exe,2.73,273.7,,STATS,Normal
1790946887.78,brave.exe,brave.exe,0.0,187.7,,STATS,Normal
1790946887.78,svchost.exe,services.exe,0.0,10.9,,STATS,Normal
1790946887.78,brave.exe,brave.exe,0.0,8.8,,STATS,Normal
1790946887.78,brave.exe,brave.exe,0.0,86.7,,STATS,Normal
1790946887.78,NVIDIA Overlay.exe,NVIDIA Overlay.exe,0.0,70.5,,STATS,Normal
1790946887.78,WmiPrvSE.exe,svchost.exe,0.0,17.4,,STATS,Normal
1790946887.78,nvcontainer.exe,nvcontainer.exe,0.0,33.2,,STATS,Normal
1790946887.78,unsecapp.exe,svchost.exe,0.0,10.1,,STATS,Normal
1790946887.78,svchost.exe,services.exe,0.0,9.6,,STATS,Normal
1790946887.78,NVIDIA Overlay.exe,nvcontainer.exe,0.1,148.9,,STATS,Normal
1790946887.78,AsusOptimizationStartupTask.exe,AsusOptimization.exe,0.0,19.6,,STATS,Normal
1790946887.78,SecurityHealthSystray.exe,explorer.exe,0.0,13.1,,STATS,Normal
1790946887.78,svchost.exe,services.exe,0.0,27.7,,STATS,Normal
1790946887.78,brave.exe,brave.exe,0.0,144.1,,STATS,Normal
1790946887.78,msedge.exe,msedge.exe,0.0,40.6,,STATS,Normal
1790946887.78,svchost.exe,services.exe,0.0,10.3,,STATS,Normal
1790946887.78,sihost.exe,svchost.exe,0.0,48.4,,STATS,Normal
1790946887.78,AppVShNotify.exe,OfficeClickToRun.exe,0.0,9.8,,STATS,Normal
1790946887.78,msedgewebview2.exe,SearchHost.exe,0.0,114.1,,STATS,Normal
1790946887.78,AsusOSD.exe,,0.0,16.7,,STATS,Normal
1790946887.78,ApplicationFrameHost.exe,svchost.exe,0.0,49.6,,STATS,Normal
1790946887.78,Code.exe,Code.exe,0.0,146.2,,STATS,Normal
1790946887.78,brave.exe,brave.exe,0.0,101.1,,STATS,Normal
1790946887.78,NVIDIA Overlay.exe,NVIDIA Overlay.exe,0.0,22.3,,STATS,Normal
1790946887.78,svchost.exe,services.exe,0.0,22.9,,STATS,Normal
1790946887.78,msedge.exe,,0.0,132.0,,STATS,Normal
1790946887.78,nvcontainer.exe,nvcontainer.exe,0.0,39.6,,STATS,Normal
1790946887.78,svchost.exe,services.exe,0.0,29.2,,STATS,Normal
1790946887.78,NisSrv.exe,services.exe,0.0,14.2,,STATS,Normal
1790946887.78,NVDisplay.Container.exe,NVDisplay.Container.exe,0.0,44.5,,STATS,Normal
1790946887.78,ctfmon.exe,svchost.exe,0.0,31.3,,STATS,Normal
1790946887.78,taskhostw.exe,svchost.exe,0.0,21.3,,STATS,Normal
1790946887.78,explorer.exe,,0.0,337.7,,STATS,Normal
1790946887.78,StartMenuExperienceHost.exe,svchost.exe,0.0,150.1,,STATS,Normal
1790946887.78,RuntimeBroker.exe,svchost.exe,0.0,80.5,,STATS,Normal
1790946887.78,brave.exe,brave.exe,13.93,417.5,,STATS,Normal
1790946887.78,msedge.exe,msedge.exe,0.0,42.2,,STATS,Normal
1790946887.78,svchost.exe,services.exe,0.0,12.6,,STATS,Normal
1790946887.78,svchost.exe,services.exe,0.0,24.3,,STATS,Normal
1790946887.78,svchost.exe,services.exe,0.0,42.9,,STATS,Normal
1790946887.78,SpotifyXboxGamebarWebView.exe,svchost.exe,0.0,69.8,,STATS,Normal
1790946887.78,SearchIndexer.exe,services.exe,0.0,45.2,,STATS,Normal
1790946887.78,Code.exe,explorer.exe,0.0,168.1,,STATS,Normal
1790946887.78,svchost.exe,services.exe,0.0,43.8,,STATS,Normal
1790946887.78,svchost.exe,services.exe,0.0,11.2,,STATS,Normal
1790946887.78,CrossDeviceResume.exe,sihost.exe,0.0,52.4,,STATS,Normal
1790946887.78,brave.exe,brave.exe,0.0,295.7,,STATS,Normal
1790946887.78,dllhost.exe,svchost.exe,0.0,20.4,,STATS,Normal
1790946887.78,Code.exe,Code.exe,0.0,285.9,,STATS,Normal
1790946887.78,brave.exe,brave.exe,0.0,25.4,,STATS,Normal
1790946887.78,WidgetService.exe,svchost.exe,0.0,25.0,,STATS,Normal
1790946887.78,nvcontainer.exe,nvcontainer.exe,0.0,90.6,,STATS,Normal
1790946887.78,svchost.exe,services.exe,0.0,24.3,,STATS,Normal
1790946887.78,DefenderSessionHelper.exe,MsMpEng.exe,0.0,6.4,,STATS,Normal
1790946887.78,svchost.exe,services.exe,0.0,70.7,,STATS,Normal
1790946887.78,UserOOBEBroker.exe,svchost.exe,0.0,11.1,,STATS,Normal
1790946887.78,nvsphelper64.exe,nvcontainer.exe,0.0,16.0,,STATS,Normal
1790946887.78,powershell.exe,explorer.exe,0.0,79.2,,STATS,Normal
1790946887.78,svchost.exe,services.exe,0.0,32.5,,STATS,Normal
1790946887.78,WidgetBoard.exe,svchost.exe,0.0,29.1,,STATS,Normal
1790946887.78,brave.exe,brave.exe,0.0,46.9,,STATS,Normal
1790946887.78,SecurityHealthService.exe,services.exe,0.0,23.0,,STATS,Normal
1790946887.78,svchost.exe,services.exe,0.0,14.8,,STATS,Normal
1790946887.78,dllhost.exe,svchost.exe,0.0,12.6,,STATS,Normal
1790946887.78,svchost.exe,services.exe,0.0,18.6,,STATS,Normal
1790946887.78,ArmouryCrateKeyControl.exe,ArmouryCrateControlInterface.exe,0.0,46.2,,STATS,Normal
1790946887.78,conhost.exe,powershell.exe,0.0,23.5,,STATS,Normal
1790946887.78,Code.exe,Code.exe,0.0,118.8,,STATS,Normal
1790946887.78,pet.exe,Code.exe,0.0,9.1,,STATS,Normal
1790946887.78,svchost.exe,services.exe,0.0,10.2,,STATS,Normal
1790946887.78,SDXHelper.exe,svchost.exe,0.0,31.0,,STATS,Normal
1790946887.78,NVIDIA Overlay.exe,NVIDIA Overlay.exe,0.0,37.0,,STATS,Normal
1790946887.78,svchost.exe,services.exe,0.0,16.0,,STATS,Normal
1790946887.78,OfficeClickToRun.exe,services.exe,0.0,58.8,,STATS,Normal
1790946887.78,conhost.exe,pet.exe,0.0,6.8,,STATS,Normal
1790946887.78,RuntimeBroker.exe,svchost.exe,0.0,19.1,,STATS,Normal
1790946887.78,TextInputHost.exe,svchost.exe,0.1,128.6,,STATS,Normal
1790946887.78,svchost.exe,services.exe,0.0,7.6,,STATS,Normal
1790946887.78,msedge.exe,msedge.exe,0.0,12.5,,STATS,Normal
1790946887.78,AsusSoftwareManagerAgent.exe,AsusSoftwareManager.exe,0.0,43.9,,STATS,Normal
1790946887.78,wlanext.exe,svchost.exe,0.0,11.2,,STATS,Normal
1790946887.78,copilot-runtime.exe,Code.exe,0.0,19.2,,STATS,Normal
1790946887.78,AppActions.exe,svchost.exe,0.0,39.7,,STATS,Normal
1790946887.78,brave.exe,brave.exe,0.0,67.0,,STATS,Normal
1790946887.78,SearchHost.exe,svchost.exe,0.0,139.2,,STATS,Normal
1790946887.78,svchost.exe,services.exe,0.0,25.2,,STATS,Normal
1790946887.78,brave.exe,brave.exe,0.0,153.5,,STATS,Normal
1790946887.78,msedgewebview2.exe,msedgewebview2.exe,0.0,124.8,,STATS,Normal
1790946887.78,OpenConsole.exe,Code.exe,0.0,11.4,,STATS,Normal
1790946887.78,brave.exe,brave.exe,0.0,74.9,,STATS,Normal
1790946887.78,svchost.exe,services.exe,0.0,7.6,,STATS,Normal
1790946887.78,RuntimeBroker.exe,svchost.exe,0.0,29.3,,STATS,Normal
1790946887.78,Intel_PIE_Service.exe,services.exe,0.0,11.8,,STATS,Normal
1790946887.78,Code.exe,Code.exe,0.0,107.0,,STATS,Normal
1790946887.78,Code.exe,Code.exe,0.0,33.5,,STATS,Normal
1790946887.78,brave.exe,brave.exe,0.0,160.9,,STATS,Normal
1790946887.78,dllhost.exe,svchost.exe,0.0,11.1,,STATS,Normal
1790946887.78,msedgewebview2.exe,msedgewebview2.exe,0.0,83.0,,STATS,Normal
1790946887.78,msedgewebview2.exe,msedgewebview2.exe,0.0,40.4,,STATS,Normal
1790946887.78,Code.exe,Code.exe,0.0,339.5,,STATS,Normal
1790946887.78,conhost.exe,copilot-runtime.exe,0.0,7.0,,STATS,Normal
1790946887.78,brave.exe,brave.exe,0.1,23.1,,STATS,Normal
1790946887.78,brave.exe,brave.exe,0.0,78.2,,STATS,Normal
1790946887.78,brave.exe,brave.exe,0.0,78.3,,STATS,Normal
1790946887.78,Code.exe,Code.exe,0.0,582.9,,STATS,Normal
1790946887.78,conhost.exe,powershell.exe,0.0,21.8,,STATS,Normal
1790946887.78,powershell.exe,explorer.exe,0.0,78.4,,STATS,Normal
1790946887.78,python.exe,powershell.exe,0.0,23.8,,STATS,Normal
1790946887.78,ShellHost.exe,sihost.exe,0.0,55.1,,STATS,Normal
1790946887.78,svchost.exe,services.exe,0.0,9.7,,STATS,Normal
1790946887.78,svchost.exe,services.exe,0.0,15.0,,STATS,Normal
1790946887.78,brave.exe,brave.exe,0.0,59.6,,STATS,Normal
1790946887.78,brave.exe,brave.exe,3.6,402.1,,STATS,Normal
1790946887.78,brave.exe,brave.exe,0.0,34.6,,STATS,Normal
1790946887.78,audiodg.exe,svchost.exe,0.39,48.2,,STATS,Normal
1790946893.785,powershell.exe,python.exe,,70.2,,START,Normal
1790946895.775,powershell.exe,python.exe,,,,EXIT,Normal
1790946917.78,System Idle Process,,59.48,0.0,,STATS,Normal
1790946917.78,System,System Idle Process,2.65,9.3,,STATS,Normal
1790946917.78,,,0.0,0.1,,STATS,Normal
1790946917.78,Registry,,0.0,47.6,,STATS,Normal
1790946917.78,Code.exe,Code.exe,0.0,159.5,,STATS,Normal
1790946917.78,smss.exe,System,0.0,1.5,,STATS,Normal
1790946917.78,csrss.exe,,0.0,6.8,,STATS,Normal
1790946917.78,svchost.exe,services.exe,0.0,12.7,,STATS,Normal
1790946917.78,wininit.exe,,0.0,9.6,,STATS,Normal
1790946917.78,services.exe,wininit.exe,0.0,10.7,,STATS,Normal
1790946917.78,svchost.exe,services.exe,0.0,12.2,,STATS,Normal
1790946917.78,LsaIso.exe,wininit.exe,0.0,3.9,,STATS,Normal
1790946917.78,lsass.exe,wininit.exe,0.0,32.6,,STATS,Normal
1790946917.78,IntelCpHDCPSvc.exe,services.exe,0.0,9.2,,STATS,Normal
1790946917.78,svchost.exe,services.exe,0.0,7.6,,STATS,Normal
1790946917.78,svchost.exe,services.exe,0.0,44.4,,STATS,Normal
1790946917.78,fontdrvhost.exe,wininit.exe,0.0,4.3,,STATS,Normal
1790946917.78,WUDFHost.exe,services.exe,0.0,21.7,,STATS,Normal
1790946917.78,svchost.exe,services.exe,0.0,19.8,,STATS,Normal
1790946917.78,svchost.exe,services.exe,0.0,12.7,,STATS,Normal
1790946917.78,svchost.exe,services.exe,0.0,6.8,,STATS,Normal
1790946917.78,svchost.exe,services.exe,0.0,12.2,,STATS,Normal
1790946917.78,svchost.exe,services.exe,0.0,22.8,,STATS,Normal
1790946917.78,svchost.exe,services.exe,0.0,17.7,,STATS,Normal
1790946917.78,igfxEM.exe,igfxCUIService.exe,0.0,17.2,,STATS,Normal
1790946917.78,svchost.exe,services.exe,0.0,16.4,,STATS,Normal
1790946917.78,svchost.exe,services.exe,0.0,13.5,,STATS,Normal
1790946917.78,svchost.exe,services.exe,0.0,14.8,,STATS,Normal
1790946917.78,svchost.exe,services.exe,0.0,30.6,,STATS,Normal
1790946917.78,svchost.exe,services.exe,0.0,12.6,,STATS,Normal
1790946917.78,svchost.exe,services.exe,0.0,13.9,,STATS,Normal
1790946917.78,IntelCpHeciSvc.exe,services.exe,0.0,9.3,,STATS,Normal
1790946917.78,svchost.exe,services.exe,0.0,23.8,,STATS,Normal
1790946917.78,brave.exe,brave.exe,0.2,370.8,,STATS,Normal
1790946917.78,svchost.exe,services.exe,0.0,8.0,,STATS,Normal
1790946917.78,svchost.exe,services.exe,0.0,22.3,,STATS,Normal
1790946917.78,svchost.exe,services.exe,0.0,10.2,,STATS,Normal
1790946917.78,NVDisplay.Container.exe,services.exe,0.1,36.6,,STATS,Normal
1790946917.78,NVIDIA Overlay.exe,NVIDIA Overlay.exe,0.0,94.1,,STATS,Normal
1790946917.78,svchost.exe,services.exe,0.1,12.5,,STATS,Normal
1790946917.78,PresentationFontCache.exe,services.exe,0.0,19.6,,STATS,Normal
1790946917.78,dllhost.exe,svchost.exe,0.0,21.3,,STATS,Normal
1790946917.78,svchost.exe,services.exe,0.99,19.8,,STATS,Normal
1790946917.78,svchost.exe,services.exe,0.0,28.7,,STATS,Normal
1790946917.78,svchost.exe,services.exe,0.0,10.1,,STATS,Normal
1790946917.78,svchost.exe,services.exe,0.0,7.3,,STATS,Normal
1790946917.78,svchost.exe,services.exe,0.0,18.4,,STATS,Normal
1790946917.78,MemCompression,System,0.0,387.7,,STATS,Normal
1790946917.78,svchost.exe,services.exe,0.0,11.6,,STATS,Normal
1790946917.78,svchost.exe,services.exe,0.0,19.6,,STATS,Normal
1790946917.78,igfxCUIService.exe,services.exe,0.0,12.0,,STATS,Normal
1790946917.78,svchost.exe,services.exe,0.0,9.0,,STATS,Normal
1790946917.78,svchost.exe,services.exe,0.0,12.4,,STATS,Normal
1790946917.78,svchost.exe,services.exe,0.0,9.4,,STATS,Normal
1790946917.78,svchost.exe,services.exe,0.0,24.9,,STATS,Normal
1790946917.78,MicrosoftStartFeedProvider.exe,svchost.exe,0.0,42.8,,STATS,Normal
1790946917.78,SystemSettings.exe,svchost.exe,0.0,3.6,,STATS,Normal
1790946917.78,svchost.exe,services.exe,0.0,57.6,,STATS,Normal
1790946917.78,svchost.exe,services.exe,0.0,11.2,,STATS,Normal
1790946917.78,svchost.exe,services.exe,0.0,14.7,,STATS,Normal
1790946917.78,Code.exe,Code.exe,0.0,52.6,,STATS,Normal
1790946917.78,svchost.exe,services.exe,0.0,10.5,,STATS,Normal
1790946917.78,svchost.exe,services.exe,0.0,25.1,,STATS,Normal
1790946917.78,svchost.exe,services.exe,0.0,12.4,,STATS,Normal
1790946917.78,msedge.exe,msedge.exe,0.0,18.8,,STATS,Normal
1790946917.78,svchost.exe,services.exe,0.0,21.7,,STATS,Normal
1790946917.78,svchost.exe,services.exe,0.0,10.9,,STATS,Normal
1790946917.78,svchost.exe,services.exe,0.0,13.3,,STATS,Normal
1790946917.78,svchost.exe,services.exe,0.0,30.8,,STATS,Normal
1790946917.78,powershell.exe,Code.exe,0.0,96.9,,STATS,Normal
1790946917.78,brave.exe,brave.exe,0.39,54.4,,STATS,Normal
1790946917.78,svchost.exe,services.exe,0.0,9.0,,STATS,Normal
1790946917.78,svchost.exe,services.exe,0.0,29.4,,STATS,Normal
1790946917.78,svchost.exe,services.exe,0.0,11.3,,STATS,Normal
1790946917.78,AsusOptimization.exe,services.exe,0.0,10.1,,STATS,Normal
1790946917.78,svchost.exe,services.exe,0.0,20.5,,STATS,Normal
1790946917.78,svchost.exe,services.exe,0.0,12.8,,STATS,Normal
1790946917.78,spoolsv.exe,services.exe,0.0,26.7,,STATS,Normal
1790946917.78,svchost.exe,services.exe,0.0,10.0,,STATS,Normal
1790946917.78,backgroundTaskHost.exe,svchost.exe,0.0,63.2,,STATS,Normal
1790946917.78,ArmouryCrateControlInterface.exe,services.exe,0.0,11.7,,STATS,Normal
1790946917.78,AsusSoftwareManager.exe,services.exe,0.0,20.6,,STATS,Normal
1790946917.78,AsusSwitch.exe,services.exe,0.0,9.5,,STATS,Normal
1790946917.78,AsusSystemAnalysis.exe,services.exe,0.0,17.2,,STATS,Normal
1790946917.78,svchost.exe,services.exe,0.0,42.3,,STATS,Normal
1790946917.78,AsusAppService.exe,services.exe,0.0,25.2,,STATS,Normal
1790946917.78,AsusSystemDiagnosis.exe,services.exe,0.0,12.2,,STATS,Normal
1790946917.78,DtsApo4Service.exe,services.exe,0.0,20.4,,STATS,Normal
1790946917.78,svchost.exe,services.exe,0.0,16.7,,STATS,Normal
1790946917.78,cmw_srv.exe,services.exe,0.0,90.6,,STATS,Normal
1790946917.78,esif_uf.exe,services.exe,0.0,7.3,,STATS,Normal
1790946917.78,OneApp.IGCC.WinService.exe,services.exe,0.0,48.4,,STATS,Normal
1790946917.78,svchost.exe,services.exe,0.0,28.8,,STATS,Normal
1790946917.78,svchost.exe,services.exe,0.0,15.3,,STATS,Normal
1790946917.78,MpDefenderCoreService.exe,services.exe,0.0,24.3,,STATS,Normal
1790946917.78,nvcontainer.exe,services.exe,0.0,40.4,,STATS,Normal
1790946917.78,svchost.exe,services.exe,0.0,12.7,,STATS,Normal
1790946917.78,RstMwService.exe,services.exe,0.0,8.4,,STATS,Normal
1790946917.78,svchost.exe,services.exe,0.0,7.1,,STATS,Normal
1790946917.78,svchost.exe,services.exe,0.0,21.9,,STATS,Normal
1790946917.78,MsMpEng.exe,services.exe,0.3,332.9,,STATS,Normal
1790946917.78,WMIRegistrationService.exe,services.exe,0.0,13.1,,STATS,Normal
1790946917.78,RtkAudUService64.exe,services.exe,0.0,15.0,,STATS,Normal
1790946917.78,svchost.exe,services.exe,0.0,16.1,,STATS,Normal
1790946917.78,brave.exe,brave.exe,0.0,71.5,,STATS,Normal
1790946917.78,msedgewebview2.exe,msedgewebview2.exe,0.0,12.3,,STATS,Normal
1790946917.78,svchost.exe,services.exe,0.0,14.1,,STATS,Normal
1790946917.78,jhi_service.exe,services.exe,0.0,7.9,,STATS,Normal
1790946917.78,brave.exe,brave.exe,0.0,127.6,,STATS,Normal
1790946917.78,svchost.exe,services.exe,0.0,15.4,,STATS,Normal
1790946917.78,msedgewebview2.exe,msedgewebview2.exe,0.0,18.6,,STATS,Normal
1790946917.78,csrss.exe,,0.0,8.6,,STATS,Normal
1790946917.78,svchost.exe,services.exe,0.0,34.2,,STATS,Normal
1790946917.78,Code.exe,Code.exe,0.1,166.1,,STATS,Normal
1790946917.78,dwm.exe,winlogon.exe,5.21,282.5,,STATS,Normal
1790946917.78,NgcIso.exe,svchost.exe,0.0,4.1,,STATS,Normal
1790946917.78,winlogon.exe,,0.0,23.6,,STATS,Normal
1790946917.78,brave.exe,explorer.exe,1.38,302.6,,STATS,Normal
1790946917.78,fontdrvhost.exe,winlogon.exe,0.0,8.8,,STATS,Normal
1790946917.78,IGCC.exe,svchost.exe,0.0,14.8,,STATS,Normal
1790946917.78,brave.exe,brave.exe,8.74,269.0,,STATS,Normal
1790946917.78,brave.exe,brave.exe,0.0,187.8,,STATS,Normal
1790946917.78,svchost.exe,services.exe,0.0,10.9,,STATS,Normal
1790946917.78,brave.exe,brave.exe,0.0,8.8,,STATS,Normal
1790946917.78,brave.exe,brave.exe,0.0,86.7,,STATS,Normal
1790946917.78,NVIDIA Overlay.exe,NVIDIA Overlay.exe,0.0,70.5,,STATS,Normal
1790946917.78,WmiPrvSE.exe,svchost.exe,0.0,17.4,,STATS,Normal
1790946917.78,nvcontainer.exe,nvcontainer.exe,0.0,33.2,,STATS,Normal
1790946917.78,unsecapp.exe,svchost.exe,0.0,10.1,,STATS,Normal
1790946917.78,svchost.exe,services.exe,0.0,9.6,,STATS,Normal
1790946917.78,NVIDIA Overlay.exe,nvcontainer.exe,0.0,148.9,,STATS,Normal
1790946917.78,AsusOptimizationStartupTask.exe,AsusOptimization.exe,0.0,19.6,,STATS,Normal
1790946917.78,SecurityHealthSystray.exe,explorer.exe,0.0,13.1,,STATS,Normal
1790946917.78,svchost.exe,services.exe,0.0,27.7,,STATS,Normal
1790946917.78,brave.exe,brave.exe,0.0,127.4,,STATS,Normal
1790946917.78,msedge.exe,msedge.exe,0.0,40.6,,STATS,Normal
1790946917.78,svchost.exe,services.exe,0.0,10.3,,STATS,Normal
1790946917.78,sihost.exe,svchost.exe,0.0,48.3,,STATS,Normal
1790946917.78,AppVShNotify.exe,OfficeClickToRun.exe,0.0,9.8,,STATS,Normal
1790946917.78,msedgewebview2.exe,SearchHost.exe,0.0,114.1,,STATS,Normal
1790946917.78,AsusOSD.exe,,0.0,16.7,,STATS,Normal
1790946917.78,ApplicationFrameHost.exe,svchost.exe,0.0,49.6,,STATS,Normal
1790946917.78,Code.exe,Code.exe,0.0,146.2,,STATS,Normal
1790946917.78,brave.exe,brave.exe,0.0,101.1,,STATS,Normal
1790946917.78,NVIDIA Overlay.exe,NVIDIA Overlay.exe,0.0,22.3,,STATS,Normal
1790946917.78,svchost.exe,services.exe,0.0,22.9,,STATS,Normal
1790946917.78,msedge.exe,,0.0,131.9,,STATS,Normal
1790946917.78,nvcontainer.exe,nvcontainer.exe,0.0,39.6,,STATS,Normal
1790946917.78,svchost.exe,services.exe,0.0,29.3,,STATS,Normal
1790946917.78,NisSrv.exe,services.exe,0.0,14.1,,STATS,Normal
1790946917.78,NVDisplay.Container.exe,NVDisplay.Container.exe,0.0,44.5,,STATS,Normal
1790946917.78,ctfmon.exe,svchost.exe,0.0,31.3,,STATS,Normal
1790946917.78,taskhostw.exe,svchost.exe,0.0,21.2,,STATS,Normal
1790946917.78,explorer.exe,,0.0,337.7,,STATS,Normal
1790946917.78,StartMenuExperienceHost.exe,svchost.exe,0.0,150.1,,STATS,Normal
1790946917.78,RuntimeBroker.exe,svchost.exe,0.0,80.4,,STATS,Normal
1790946917.78,brave.exe,brave.exe,0.0,432.4,,STATS,Normal
1790946917.78,msedge.exe,msedge.exe,0.1,42.1,,STATS,Normal
1790946917.78,svchost.exe,services.exe,0.0,12.6,,STATS,Normal
1790946917.78,svchost.exe,services.exe,0.0,24.3,,STATS,Normal
1790946917.78,svchost.exe,services.exe,0.0,43.0,,STATS,Normal
1790946917.78,SpotifyXboxGamebarWebView.exe,svchost.exe,0.0,69.8,,STATS,Normal
1790946917.78,SearchIndexer.exe,services.exe,0.0,45.2,,STATS,Normal
1790946917.78,Code.exe,explorer.exe,0.0,168.5,,STATS,Normal
1790946917.78,svchost.exe,services.exe,0.0,43.8,,STATS,Normal
1790946917.78,svchost.exe,services.exe,0.0,11.2,,STATS,Normal
1790946917.78,CrossDeviceResume.exe,sihost.exe,0.0,52.4,,STATS,Normal
1790946917.78,brave.exe,brave.exe,0.0,295.8,,STATS,Normal
1790946917.78,dllhost.exe,svchost.exe,0.0,20.4,,STATS,Normal
1790946917.78,Code.exe,Code.exe,0.0,287.1,,STATS,Normal
1790946917.78,brave.exe,brave.exe,0.0,25.4,,STATS,Normal
1790946917.78,WidgetService.exe,svchost.exe,0.0,24.9,,STATS,Normal
1790946917.78,nvcontainer.exe,nvcontainer.exe,0.0,90.6,,STATS,Normal
1790946917.78,svchost.exe,services.exe,0.0,24.3,,STATS,Normal
1790946917.78,DefenderSessionHelper.exe,MsMpEng.exe,0.0,6.4,,STATS,Normal
1790946917.78,svchost.exe,services.exe,0.0,70.7,,STATS,Normal
1790946917.78,UserOOBEBroker.exe,svchost.exe,0.0,11.1,,STATS,Normal
1790946917.78,nvsphelper64.exe,nvcontainer.exe,0.0,16.0,,STATS,Normal
1790946917.78,powershell.exe,explorer.exe,0.0,79.2,,STATS,Normal
1790946917.78,svchost.exe,services.exe,0.0,32.5,,STATS,Normal
1790946917.78,WidgetBoard.exe,svchost.exe,0.0,29.1,,STATS,Normal
1790946917.78,brave.exe,brave.exe,0.0,46.9,,STATS,Normal
1790946917.78,SecurityHealthService.exe,services.exe,0.0,23.0,,STATS,Normal
1790946917.78,svchost.exe,services.exe,0.0,14.8,,STATS,Normal
1790946917.78,dllhost.exe,svchost.exe,0.0,12.6,,STATS,Normal
1790946917.78,svchost.exe,services.exe,0.0,18.6,,STATS,Normal
1790946917.78,ArmouryCrateKeyControl.exe,ArmouryCrateControlInterface.exe,0.0,46.2,,STATS,Normal
1790946917.78,conhost.exe,powershell.exe,0.0,23.5,,STATS,Normal
1790946917.78,Code.exe,Code.exe,0.0,118.8,,STATS,Normal
1790946917.78,pet.exe,Code.exe,0.0,9.1,,STATS,Normal
1790946917.78,svchost.exe,services.exe,0.0,10.2,,STATS,Normal
1790946917.78,SDXHelper.exe,svchost.exe,0.49,31.4,,STATS,Normal
1790946917.78,NVIDIA Overlay.exe,NVIDIA Overlay.exe,0.0,37.0,,STATS,Normal
1790946917.78,svchost.exe,services.exe,0.0,16.0,,STATS,Normal
1790946917.78,OfficeClickToRun.exe,services.exe,0.0,58.8,,STATS,Normal
1790946917.78,conhost.exe,pet.exe,0.0,6.8,,STATS,Normal
1790946917.78,RuntimeBroker.exe,svchost.exe,0.0,19.1,,STATS,Normal
1790946917.78,TextInputHost.exe,svchost.exe,0.0,128.6,,STATS,Normal
1790946917.78,svchost.exe,services.exe,0.0,7.6,,STATS,Normal
1790946917.78,msedge.exe,msedge.exe,0.0,12.5,,STATS,Normal
1790946917.78,AsusSoftwareManagerAgent.exe,AsusSoftwareManager.exe,0.0,43.9,,STATS,Normal
1790946917.78,wlanext.exe,svchost.exe,0.0,11.2,,STATS,Normal
1790946917.78,copilot-runtime.exe,Code.exe,0.0,19.2,,STATS,Normal
1790946917.78,AppActions.exe,svchost.exe,0.0,39.7,,STATS,Normal
1790946917.78,brave.exe,brave.exe,0.0,67.0,,STATS,Normal
1790946917.78,SearchHost.exe,svchost.exe,0.0,139.3,,STATS,Normal
1790946917.78,svchost.exe,services.exe,0.0,25.4,,STATS,Normal
1790946917.78,brave.exe,brave.exe,0.0,153.5,,STATS,Normal
1790946917.78,msedgewebview2.exe,msedgewebview2.exe,0.0,124.8,,STATS,Normal
1790946917.78,OpenConsole.exe,Code.exe,0.0,11.4,,STATS,Normal
1790946917.78,brave.exe,brave.exe,0.0,68.2,,STATS,Normal
1790946917.78,svchost.exe,services.exe,0.0,7.6,,STATS,Normal
1790946917.78,RuntimeBroker.exe,svchost.exe,0.0,29.3,,STATS,Normal
1790946917.78,Intel_PIE_Service.exe,services.exe,0.0,11.8,,STATS,Normal
1790946917.78,Code.exe,Code.exe,0.0,107.0,,STATS,Normal
1790946917.78,Code.exe,Code.exe,0.0,33.5,,STATS,Normal
1790946917.78,brave.exe,brave.exe,0.0,160.9,,STATS,Normal
1790946917.78,dllhost.exe,svchost.exe,0.0,11.1,,STATS,Normal
1790946917.78,msedgewebview2.exe,msedgewebview2.exe,0.0,83.0,,STATS,Normal
1790946917.78,msedgewebview2.exe,msedgewebview2.exe,0.0,40.4,,STATS,Normal
1790946917.78,Code.exe,Code.exe,0.0,339.5,,STATS,Normal
1790946917.78,conhost.exe,copilot-runtime.exe,0.0,7.0,,STATS,Normal
1790946917.78,brave.exe,brave.exe,0.2,23.1,,STATS,Normal
1790946917.78,brave.exe,brave.exe,0.0,78.3,,STATS,Normal
1790946917.78,brave.exe,brave.exe,0.0,78.3,,STATS,Normal
1790946917.78,Code.exe,Code.exe,0.0,582.9,,STATS,Normal
1790946917.78,conhost.exe,powershell.exe,0.0,21.8,,STATS,Normal
1790946917.78,powershell.exe,explorer.exe,0.0,78.4,,STATS,Normal
1790946917.78,python.exe,powershell.exe,0.39,23.8,,STATS,Normal
1790946917.78,ShellHost.exe,sihost.exe,0.1,55.1,,STATS,Normal
1790946917.78,svchost.exe,services.exe,0.0,9.7,,STATS,Normal
1790946917.78,svchost.exe,services.exe,0.0,15.0,,STATS,Normal
1790946917.78,brave.exe,brave.exe,0.0,59.6,,STATS,Normal
1790946917.78,brave.exe,brave.exe,16.54,693.7,,STATS,Normal
1790946917.78,brave.exe,brave.exe,0.0,34.6,,STATS,Normal
1790946917.78,audiodg.exe,svchost.exe,1.09,48.2,,STATS,Normal
1790946923.786,powershell.exe,python.exe,,70.9,,START,Normal
1790946925.772,powershell.exe,python.exe,,,,EXIT,Normal
1790946949.78,brave.exe,brave.exe,,59.9,,START,Normal
1790946949.78,System Idle Process,,91.29,0.0,,STATS,Normal
1790946949.78,System,System Idle Process,0.1,9.3,,STATS,Normal
1790946949.78,,,0.0,0.1,,STATS,Normal
1790946949.78,Registry,,0.0,47.5,,STATS,Normal
1790946949.78,Code.exe,Code.exe,0.0,159.4,,STATS,Normal
1790946949.78,smss.exe,System,0.0,1.5,,STATS,Normal
1790946949.78,csrss.exe,,0.0,6.8,,STATS,Normal
1790946949.78,svchost.exe,services.exe,0.0,12.7,,STATS,Normal
1790946949.78,wininit.exe,,0.0,9.6,,STATS,Normal
1790946949.78,services.exe,wininit.exe,0.0,10.7,,STATS,Normal
1790946949.78,svchost.exe,services.exe,0.0,12.2,,STATS,Normal
1790946949.78,LsaIso.exe,wininit.exe,0.0,3.9,,STATS,Normal
1790946949.78,lsass.exe,wininit.exe,0.0,32.3,,STATS,Normal
1790946949.78,IntelCpHDCPSvc.exe,services.exe,0.0,9.2,,STATS,Normal
1790946949.78,svchost.exe,services.exe,0.0,7.6,,STATS,Normal
1790946949.78,svchost.exe,services.exe,0.0,44.4,,STATS,Normal
1790946949.78,fontdrvhost.exe,wininit.exe,0.0,4.3,,STATS,Normal
1790946949.78,WUDFHost.exe,services.exe,0.0,21.7,,STATS,Normal
1790946949.78,svchost.exe,services.exe,0.0,19.9,,STATS,Normal
1790946949.78,svchost.exe,services.exe,0.0,12.7,,STATS,Normal
1790946949.78,svchost.exe,services.exe,0.0,6.8,,STATS,Normal
1790946949.78,svchost.exe,services.exe,0.0,12.2,,STATS,Normal
1790946949.78,svchost.exe,services.exe,0.0,22.8,,STATS,Normal
1790946949.78,svchost.exe,services.exe,0.0,17.7,,STATS,Normal
1790946949.78,igfxEM.exe,igfxCUIService.exe,0.0,17.2,,STATS,Normal
1790946949.78,svchost.exe,services.exe,0.0,16.4,,STATS,Normal
1790946949.78,svchost.exe,services.exe,0.0,13.5,,STATS,Normal
1790946949.78,svchost.exe,services.exe,0.0,14.8,,STATS,Normal
1790946949.78,svchost.exe,services.exe,0.0,30.6,,STATS,Normal
1790946949.78,svchost.exe,services.exe,0.0,12.6,,STATS,Normal
1790946949.78,svchost.exe,services.exe,0.0,13.9,,STATS,Normal
1790946949.78,IntelCpHeciSvc.exe,services.exe,0.0,9.3,,STATS,Normal
1790946949.78,svchost.exe,services.exe,0.0,23.7,,STATS,Normal
1790946949.78,brave.exe,brave.exe,0.0,370.9,,STATS,Normal
1790946949.78,svchost.exe,services.exe,0.0,8.0,,STATS,Normal
1790946949.78,svchost.exe,services.exe,0.0,22.3,,STATS,Normal
1790946949.78,svchost.exe,services.exe,0.0,10.2,,STATS,Normal
1790946949.78,NVDisplay.Container.exe,services.exe,0.0,36.6,,STATS,Normal
1790946949.78,NVIDIA Overlay.exe,NVIDIA Overlay.exe,0.0,94.1,,STATS,Normal
1790946949.78,svchost.exe,services.exe,0.0,12.0,,STATS,Normal
1790946949.78,PresentationFontCache.exe,services.exe,0.0,19.6,,STATS,Normal
1790946949.78,dllhost.exe,svchost.exe,0.0,21.3,,STATS,Normal
1790946949.78,svchost.exe,services.exe,0.88,19.8,,STATS,Normal
1790946949.78,svchost.exe,services.exe,0.0,28.7,,STATS,Normal
1790946949.78,svchost.exe,services.exe,0.0,10.1,,STATS,Normal
1790946949.78,svchost.exe,services.exe,0.0,7.3,,STATS,Normal
1790946949.78,svchost.exe,services.exe,0.0,18.4,,STATS,Normal
1790946949.78,MemCompression,System,0.0,385.3,,STATS,Normal
1790946949.78,svchost.exe,services.exe,0.0,11.6,,STATS,Normal
1790946949.78,svchost.exe,services.exe,0.0,19.6,,STATS,Normal
1790946949.78,igfxCUIService.exe,services.exe,0.0,12.0,,STATS,Normal
1790946949.78,svchost.exe,services.exe,0.0,9.0,,STATS,Normal
1790946949.78,svchost.exe,services.exe,0.0,12.4,,STATS,Normal
1790946949.78,svchost.exe,services.exe,0.0,9.4,,STATS,Normal
1790946949.78,svchost.exe,services.exe,0.0,24.9,,STATS,Normal
1790946949.78,MicrosoftStartFeedProvider.exe,svchost.exe,0.0,42.8,,STATS,Normal
1790946949.78,SystemSettings.exe,svchost.exe,0.0,3.6,,STATS,Normal
1790946949.78,svchost.exe,services.exe,0.0,57.6,,STATS,Normal
1790946949.78,svchost.exe,services.exe,0.0,11.1,,STATS,Normal
1790946949.78,svchost.exe,services.exe,0.0,14.7,,STATS,Normal
1790946949.78,Code.exe,Code.exe,0.0,52.6,,STATS,Normal
1790946949.78,svchost.exe,services.exe,0.0,10.5,,STATS,Normal
1790946949.78,svchost.exe,services.exe,0.0,25.1,,STATS,Normal
1790946949.78,svchost.exe,services.exe,0.0,12.4,,STATS,Normal
1790946949.78,msedge.exe,msedge.exe,0.0,18.8,,STATS,Normal
1790946949.78,svchost.exe,services.exe,0.0,21.7,,STATS,Normal
1790946949.78,svchost.exe,services.exe,0.0,10.9,,STATS,Normal
1790946949.78,svchost.exe,services.exe,0.0,13.3,,STATS,Normal
1790946949.78,svchost.exe,services.exe,0.0,30.8,,STATS,Normal
1790946949.78,powershell.exe,Code.exe,0.0,96.9,,STATS,Normal
1790946949.78,brave.exe,brave.exe,0.0,54.3,,STATS,Normal
1790946949.78,svchost.exe,services.exe,0.0,9.0,,STATS,Normal
1790946949.78,svchost.exe,services.exe,0.0,29.4,,STATS,Normal
1790946949.78,svchost.exe,services.exe,0.0,11.3,,STATS,Normal
1790946949.78,AsusOptimization.exe,services.exe,0.0,10.1,,STATS,Normal
1790946949.78,svchost.exe,services.exe,0.0,20.5,,STATS,Normal
1790946949.78,svchost.exe,services.exe,0.0,12.8,,STATS,Normal
1790946949.78,spoolsv.exe,services.exe,0.0,26.7,,STATS,Normal
1790946949.78,svchost.exe,services.exe,0.0,10.0,,STATS,Normal
1790946949.78,backgroundTaskHost.exe,svchost.exe,0.0,63.2,,STATS,Normal
1790946949.78,ArmouryCrateControlInterface.exe,services.exe,0.0,11.7,,STATS,Normal
1790946949.78,AsusSoftwareManager.exe,services.exe,0.0,20.6,,STATS,Normal
1790946949.78,AsusSwitch.exe,services.exe,0.0,9.5,,STATS,Normal
1790946949.78,AsusSystemAnalysis.exe,services.exe,0.0,17.2,,STATS,Normal
1790946949.78,svchost.exe,services.exe,0.0,42.3,,STATS,Normal
1790946949.78,AsusAppService.exe,services.exe,0.0,25.2,,STATS,Normal
1790946949.78,AsusSystemDiagnosis.exe,services.exe,0.0,12.2,,STATS,Normal
1790946949.78,DtsApo4Service.exe,services.exe,0.0,20.4,,STATS,Normal
1790946949.78,svchost.exe,services.exe,0.0,16.7,,STATS,Normal
1790946949.78,cmw_srv.exe,services.exe,0.0,90.6,,STATS,Normal
1790946949.78,esif_uf.exe,services.exe,0.0,7.3,,STATS,Normal
1790946949.78,OneApp.IGCC.WinService.exe,services.exe,0.0,48.4,,STATS,Normal
1790946949.78,svchost.exe,services.exe,0.0,28.8,,STATS,Normal
1790946949.78,svchost.exe,services.exe,0.0,15.3,,STATS,Normal
1790946949.78,MpDefenderCoreService.exe,services.exe,0.0,24.3,,STATS,Normal
1790946949.78,nvcontainer.exe,services.exe,0.0,40.4,,STATS,Normal
1790946949.78,svchost.exe,services.exe,0.0,12.7,,STATS,Normal
1790946949.78,RstMwService.exe,services.exe,0.0,8.4,,STATS,Normal
1790946949.78,svchost.exe,services.exe,0.0,7.1,,STATS,Normal
1790946949.78,svchost.exe,services.exe,0.0,22.0,,STATS,Normal
1790946949.78,MsMpEng.exe,services.exe,0.97,329.4,,STATS,Normal
1790946949.78,WMIRegistrationService.exe,services.exe,0.0,13.1,,STATS,Normal
1790946949.78,RtkAudUService64.exe,services.exe,0.0,15.0,,STATS,Normal
1790946949.78,svchost.exe,services.exe,0.0,16.1,,STATS,Normal
1790946949.78,brave.exe,brave.exe,0.0,71.5,,STATS,Normal
1790946949.78,msedgewebview2.exe,msedgewebview2.exe,0.0,12.3,,STATS,Normal
1790946949.78,svchost.exe,services.exe,0.0,14.1,,STATS,Normal
1790946949.78,jhi_service.exe,services.exe,0.0,7.9,,STATS,Normal
1790946949.78,brave.exe,brave.exe,0.0,127.6,,STATS,Normal
1790946949.78,svchost.exe,services.exe,0.0,15.4,,STATS,Normal
1790946949.78,msedgewebview2.exe,msedgewebview2.exe,0.0,18.6,,STATS,Normal
1790946949.78,csrss.exe,,0.1,8.6,,STATS,Normal
1790946949.78,svchost.exe,services.exe,0.0,34.2,,STATS,Normal
1790946949.78,Code.exe,Code.exe,0.0,166.1,,STATS,Normal
1790946949.78,dwm.exe,winlogon.exe,0.0,196.9,,STATS,Normal
1790946949.78,NgcIso.exe,svchost.exe,0.0,4.1,,STATS,Normal
1790946949.78,winlogon.exe,,0.0,23.6,,STATS,Normal
1790946949.78,brave.exe,explorer.exe,0.78,302.8,,STATS,Normal
1790946949.78,fontdrvhost.exe,winlogon.exe,0.0,8.8,,STATS,Normal
1790946949.78,IGCC.exe,svchost.exe,0.0,14.8,,STATS,Normal
1790946949.78,brave.exe,brave.exe,0.97,297.6,,STATS,Normal
1790946949.78,brave.exe,brave.exe,0.0,187.9,,STATS,Normal
1790946949.78,svchost.exe,services.exe,0.0,10.9,,STATS,Normal
1790946949.78,brave.exe,brave.exe,0.0,8.8,,STATS,Normal
1790946949.78,brave.exe,brave.exe,0.0,86.7,,STATS,Normal
1790946949.78,NVIDIA Overlay.exe,NVIDIA Overlay.exe,0.0,70.5,,STATS,Normal
1790946949.78,WmiPrvSE.exe,svchost.exe,0.0,17.4,,STATS,Normal
1790946949.78,nvcontainer.exe,nvcontainer.exe,0.0,33.2,,STATS,Normal
1790946949.78,unsecapp.exe,svchost.exe,0.0,10.1,,STATS,Normal
1790946949.78,svchost.exe,services.exe,0.0,9.6,,STATS,Normal
1790946949.78,NVIDIA Overlay.exe,nvcontainer.exe,0.0,148.9,,STATS,Normal
1790946949.78,AsusOptimizationStartupTask.exe,AsusOptimization.exe,0.0,19.6,,STATS,Normal
1790946949.78,SecurityHealthSystray.exe,explorer.exe,0.0,13.1,,STATS,Normal
1790946949.78,svchost.exe,services.exe,0.0,27.7,,STATS,Normal
1790946949.78,brave.exe,brave.exe,0.1,145.8,,STATS,Normal
1790946949.78,msedge.exe,msedge.exe,0.0,40.6,,STATS,Normal
1790946949.78,svchost.exe,services.exe,0.0,10.3,,STATS,Normal
1790946949.78,sihost.exe,svchost.exe,0.0,48.3,,STATS,Normal
1790946949.78,AppVShNotify.exe,OfficeClickToRun.exe,0.0,9.8,,STATS,Normal
1790946949.78,msedgewebview2.exe,SearchHost.exe,0.0,114.0,,STATS,Normal
1790946949.78,AsusOSD.exe,,0.0,16.7,,STATS,Normal
1790946949.78,ApplicationFrameHost.exe,svchost.exe,0.0,49.6,,STATS,Normal
1790946949.78,Code.exe,Code.exe,0.0,146.2,,STATS,Normal
1790946949.78,brave.exe,brave.exe,0.0,101.2,,STATS,Normal
1790946949.78,NVIDIA Overlay.exe,NVIDIA Overlay.exe,0.0,22.3,,STATS,Normal
1790946949.78,svchost.exe,services.exe,0.0,22.9,,STATS,Normal
1790946949.78,msedge.exe,,0.0,131.9,,STATS,Normal
1790946949.78,nvcontainer.exe,nvcontainer.exe,0.0,39.6,,STATS,Normal
1790946949.78,svchost.exe,services.exe,0.0,29.4,,STATS,Normal
1790946949.78,NisSrv.exe,services.exe,0.0,14.2,,STATS,Normal
1790946949.78,NVDisplay.Container.exe,NVDisplay.Container.exe,0.0,44.5,,STATS,Normal
1790946949.78,ctfmon.exe,svchost.exe,0.0,31.3,,STATS,Normal
1790946949.78,taskhostw.exe,svchost.exe,0.0,21.2,,STATS,Normal
1790946949.78,explorer.exe,,0.0,337.7,,STATS,Normal
1790946949.78,StartMenuExperienceHost.exe,svchost.exe,0.0,150.1,,STATS,Normal
1790946949.78,RuntimeBroker.exe,svchost.exe,0.0,80.4,,STATS,Normal
1790946949.78,brave.exe,brave.exe,0.0,432.7,,STATS,Normal
1790946949.78,msedge.exe,msedge.exe,0.0,42.1,,STATS,Normal
1790946949.78,svchost.exe,services.exe,0.0,12.6,,STATS,Normal
1790946949.78,svchost.exe,services.exe,0.0,24.3,,STATS,Normal
1790946949.78,svchost.exe,services.exe,0.0,43.0,,STATS,Normal
1790946949.78,SpotifyXboxGamebarWebView.exe,svchost.exe,0.0,69.8,,STATS,Normal
1790946949.78,SearchIndexer.exe,services.exe,0.0,45.2,,STATS,Normal
1790946949.78,Code.exe,explorer.exe,0.0,169.0,,STATS,Normal
1790946949.78,svchost.exe,services.exe,0.0,43.8,,STATS,Normal
1790946949.78,svchost.exe,services.exe,0.0,11.2,,STATS,Normal
1790946949.78,CrossDeviceResume.exe,sihost.exe,0.0,52.4,,STATS,Normal
1790946949.78,brave.exe,brave.exe,0.0,295.8,,STATS,Normal
1790946949.78,dllhost.exe,svchost.exe,0.0,20.4,,STATS,Normal
1790946949.78,Code.exe,Code.exe,0.0,289.4,,STATS,Normal
1790946949.78,brave.exe,brave.exe,0.0,25.4,,STATS,Normal
1790946949.78,WidgetService.exe,svchost.exe,0.0,24.9,,STATS,Normal
1790946949.78,nvcontainer.exe,nvcontainer.exe,0.0,90.6,,STATS,Normal
1790946949.78,svchost.exe,services.exe,0.0,24.3,,STATS,Normal
1790946949.78,DefenderSessionHelper.exe,MsMpEng.exe,0.0,6.4,,STATS,Normal
1790946949.78,svchost.exe,services.exe,0.0,70.7,,STATS,Normal
1790946949.78,UserOOBEBroker.exe,svchost.exe,0.0,11.1,,STATS,Normal
1790946949.78,nvsphelper64.exe,nvcontainer.exe,0.0,16.0,,STATS,Normal
1790946949.78,powershell.exe,explorer.exe,0.0,79.2,,STATS,Normal
1790946949.78,svchost.exe,services.exe,0.0,32.4,,STATS,Normal
1790946949.78,WidgetBoard.exe,svchost.exe,0.0,29.1,,STATS,Normal
1790946949.78,brave.exe,brave.exe,0.0,46.9,,STATS,Normal
1790946949.78,SecurityHealthService.exe,services.exe,0.0,23.0,,STATS,Normal
1790946949.78,svchost.exe,services.exe,0.0,14.8,,STATS,Normal
1790946949.78,dllhost.exe,svchost.exe,0.0,12.6,,STATS,Normal
1790946949.78,svchost.exe,services.exe,0.0,18.6,,STATS,Normal
1790946949.78,ArmouryCrateKeyControl.exe,ArmouryCrateControlInterface.exe,0.0,46.2,,STATS,Normal
1790946949.78,conhost.exe,powershell.exe,0.0,23.5,,STATS,Normal
1790946949.78,Code.exe,Code.exe,0.0,118.9,,STATS,Normal
1790946949.78,pet.exe,Code.exe,0.0,9.1,,STATS,Normal
1790946949.78,svchost.exe,services.exe,0.0,10.2,,STATS,Normal
1790946949.78,SDXHelper.exe,svchost.exe,0.0,31.9,,STATS,Normal
1790946949.78,NVIDIA Overlay.exe,NVIDIA Overlay.exe,0.0,37.0,,STATS,Normal
1790946949.78,svchost.exe,services.exe,0.0,16.0,,STATS,Normal
1790946949.78,OfficeClickToRun.exe,services.exe,0.0,58.8,,STATS,Normal
1790946949.78,conhost.exe,pet.exe,0.0,6.8,,STATS,Normal
1790946949.78,RuntimeBroker.exe,svchost.exe,0.0,19.2,,STATS,Normal
1790946949.78,TextInputHost.exe,svchost.exe,0.0,128.6,,STATS,Normal
1790946949.78,svchost.exe,services.exe,0.0,7.6,,STATS,Normal
1790946949.78,msedge.exe,msedge.exe,0.0,12.5,,STATS,Normal
1790946949.78,AsusSoftwareManagerAgent.exe,AsusSoftwareManager.exe,0.0,43.9,,STATS,Normal
1790946949.78,wlanext.exe,svchost.exe,0.0,11.2,,STATS,Normal
1790946949.78,copilot-runtime.exe,Code.exe,0.0,19.2,,STATS,Normal
1790946949.78,AppActions.exe,svchost.exe,0.0,39.7,,STATS,Normal
1790946949.78,brave.exe,brave.exe,0.0,67.0,,STATS,Normal
1790946949.78,SearchHost.exe,svchost.exe,0.0,139.3,,STATS,Normal
1790946949.78,svchost.exe,services.exe,0.0,25.3,,STATS,Normal
1790946949.78,brave.exe,brave.exe,0.0,153.5,,STATS,Normal
1790946949.78,msedgewebview2.exe,msedgewebview2.exe,0.0,124.8,,STATS,Normal
1790946949.78,OpenConsole.exe,Code.exe,0.0,11.4,,STATS,Normal
1790946949.78,brave.exe,brave.exe,0.59,77.0,,STATS,Normal
1790946949.78,svchost.exe,services.exe,0.0,7.6,,STATS,Normal
1790946949.78,RuntimeBroker.exe,svchost.exe,0.0,29.3,,STATS,Normal
1790946949.78,Intel_PIE_Service.exe,services.exe,0.0,11.8,,STATS,Normal
1790946949.78,Code.exe,Code.exe,0.0,107.0,,STATS,Normal
1790946949.78,Code.exe,Code.exe,0.0,33.5,,STATS,Normal
1790946949.78,brave.exe,brave.exe,0.0,160.9,,STATS,Normal
1790946949.78,dllhost.exe,svchost.exe,0.0,11.1,,STATS,Normal
1790946949.78,msedgewebview2.exe,msedgewebview2.exe,0.0,83.0,,STATS,Normal
1790946949.78,msedgewebview2.exe,msedgewebview2.exe,0.0,40.4,,STATS,Normal
1790946949.78,Code.exe,Code.exe,0.0,339.6,,STATS,Normal
1790946949.78,conhost.exe,copilot-runtime.exe,0.0,7.0,,STATS,Normal
1790946949.78,brave.exe,brave.exe,0.1,23.1,,STATS,Normal
1790946949.78,brave.exe,brave.exe,0.0,78.5,,STATS,Normal
1790946949.78,brave.exe,brave.exe,0.0,78.3,,STATS,Normal
1790946949.78,Code.exe,Code.exe,0.0,582.9,,STATS,Normal
1790946949.78,conhost.exe,powershell.exe,0.0,21.8,,STATS,Normal
1790946949.78,powershell.exe,explorer.exe,0.0,78.4,,STATS,Normal
1790946949.78,python.exe,powershell.exe,0.0,23.8,,STATS,Normal
1790946949.78,ShellHost.exe,sihost.exe,0.0,55.1,,STATS,Normal
1790946949.78,svchost.exe,services.exe,0.0,9.7,,STATS,Normal
1790946949.78,svchost.exe,services.exe,0.0,15.0,,STATS,Normal
1790946949.78,brave.exe,brave.exe,0.0,60.3,,STATS,Normal
1790946949.78,brave.exe,brave.exe,0.97,496.4,,STATS,Normal
1790946949.78,brave.exe,brave.exe,0.0,34.6,,STATS,Normal
1790946949.78,audiodg.exe,svchost.exe,0.97,48.0,,STATS,Normal
1790946949.78,brave.exe,brave.exe,,59.9,,STATS,Normal
1790946953.782,powershell.exe,python.exe,,70.9,,START,Normal
1790946955.774,powershell.exe,python.exe,,,,EXIT,Normal
1790946959.774,brave.exe,brave.exe,,,,EXIT,Normal
1790946981.773,System Idle Process,,90.34,0.0,,STATS,Normal
1790946981.773,System,System Idle Process,0.1,9.3,,STATS,Normal
1790946981.773,,,0.0,0.1,,STATS,Normal
1790946981.773,Registry,,0.0,47.5,,STATS,Normal
1790946981.773,Code.exe,Code.exe,0.0,159.5,,STATS,Normal
1790946981.773,smss.exe,System,0.0,1.5,,STATS,Normal
1790946981.773,csrss.exe,,0.0,6.8,,STATS,Normal
1790946981.773,svchost.exe,services.exe,0.0,12.7,,STATS,Normal
1790946981.773,wininit.exe,,0.0,9.6,,STATS,Normal
1790946981.773,services.exe,wininit.exe,0.0,10.7,,STATS,Normal
1790946981.773,svchost.exe,services.exe,0.0,12.2,,STATS,Normal
1790946981.773,LsaIso.exe,wininit.exe,0.0,3.9,,STATS,Normal
1790946981.773,lsass.exe,wininit.exe,0.0,32.4,,STATS,Normal
1790946981.773,IntelCpHDCPSvc.exe,services.exe,0.0,9.2,,STATS,Normal
1790946981.773,svchost.exe,services.exe,0.0,7.6,,STATS,Normal
1790946981.773,svchost.exe,services.exe,0.0,44.4,,STATS,Normal
1790946981.773,fontdrvhost.exe,wininit.exe,0.0,4.3,,STATS,Normal
1790946981.773,WUDFHost.exe,services.exe,0.0,21.7,,STATS,Normal
1790946981.773,svchost.exe,services.exe,0.1,19.9,,STATS,Normal
1790946981.773,svchost.exe,services.exe,0.0,12.7,,STATS,Normal
1790946981.773,svchost.exe,services.exe,0.0,6.8,,STATS,Normal
1790946981.773,svchost.exe,services.exe,0.0,12.2,,STATS,Normal
1790946981.773,svchost.exe,services.exe,0.0,22.8,,STATS,Normal
1790946981.773,svchost.exe,services.exe,0.0,17.7,,STATS,Normal
1790946981.773,igfxEM.exe,igfxCUIService.exe,0.0,17.2,,STATS,Normal
1790946981.773,svchost.exe,services.exe,0.0,16.4,,STATS,Normal
1790946981.773,svchost.exe,services.exe,0.0,13.5,,STATS,Normal
1790946981.773,svchost.exe,services.exe,0.0,14.8,,STATS,Normal
1790946981.773,svchost.exe,services.exe,0.0,30.6,,STATS,Normal
1790946981.773,svchost.exe,services.exe,0.0,12.8,,STATS,Normal
1790946981.773,svchost.exe,services.exe,0.0,13.9,,STATS,Normal
1790946981.773,IntelCpHeciSvc.exe,services.exe,0.0,9.3,,STATS,Normal
1790946981.773,svchost.exe,services.exe,0.0,23.8,,STATS,Normal
1790946981.773,brave.exe,brave.exe,0.1,369.3,,STATS,Normal
1790946981.773,svchost.exe,services.exe,0.0,8.0,,STATS,Normal
1790946981.773,svchost.exe,services.exe,0.0,22.3,,STATS,Normal
1790946981.773,svchost.exe,services.exe,0.0,10.2,,STATS,Normal
1790946981.773,NVDisplay.Container.exe,services.exe,0.0,36.6,,STATS,Normal
1790946981.773,NVIDIA Overlay.exe,NVIDIA Overlay.exe,0.0,94.1,,STATS,Normal
1790946981.773,svchost.exe,services.exe,0.0,12.0,,STATS,Normal
1790946981.773,PresentationFontCache.exe,services.exe,0.0,19.6,,STATS,Normal
1790946981.773,dllhost.exe,svchost.exe,0.0,21.3,,STATS,Normal
1790946981.773,svchost.exe,services.exe,0.88,19.9,,STATS,Normal
1790946981.773,svchost.exe,services.exe,0.0,28.7,,STATS,Normal
1790946981.773,svchost.exe,services.exe,0.0,10.1,,STATS,Normal
1790946981.773,svchost.exe,services.exe,0.0,7.3,,STATS,Normal
1790946981.773,svchost.exe,services.exe,0.0,18.4,,STATS,Normal
1790946981.773,MemCompression,System,0.0,377.9,,STATS,Normal
1790946981.773,svchost.exe,services.exe,0.0,11.6,,STATS,Normal
1790946981.773,svchost.exe,services.exe,0.0,19.6,,STATS,Normal
1790946981.773,igfxCUIService.exe,services.exe,0.0,12.0,,STATS,Normal
1790946981.773,svchost.exe,services.exe,0.0,9.0,,STATS,Normal
1790946981.773,svchost.exe,services.exe,0.0,12.4,,STATS,Normal
1790946981.773,svchost.exe,services.exe,0.0,9.4,,STATS,Normal
1790946981.773,svchost.exe,services.exe,0.0,24.9,,STATS,Normal
1790946981.773,MicrosoftStartFeedProvider.exe,svchost.exe,0.0,42.8,,STATS,Normal
1790946981.773,SystemSettings.exe,svchost.exe,0.0,3.6,,STATS,Normal
1790946981.773,svchost.exe,services.exe,0.0,57.6,,STATS,Normal
1790946981.773,svchost.exe,services.exe,0.0,11.1,,STATS,Normal
1790946981.773,svchost.exe,services.exe,0.0,14.7,,STATS,Normal
1790946981.773,Code.exe,Code.exe,0.0,52.6,,STATS,Normal
1790946981.773,svchost.exe,services.exe,0.0,10.5,,STATS,Normal
1790946981.773,svchost.exe,services.exe,0.0,25.1,,STATS,Normal
1790946981.773,svchost.exe,services.exe,0.0,12.4,,STATS,Normal
1790946981.773,msedge.exe,msedge.exe,0.0,18.8,,STATS,Normal
1790946981.773,svchost.exe,services.exe,0.0,21.2,,STATS,Normal
1790946981.773,svchost.exe,services.exe,0.0,10.8,,STATS,Normal
1790946981.773,svchost.exe,services.exe,0.0,13.3,,STATS,Normal
1790946981.773,svchost.exe,services.exe,0.0,30.9,,STATS,Normal
1790946981.773,powershell.exe,Code.exe,0.0,96.9,,STATS,Normal
1790946981.773,brave.exe,brave.exe,0.0,54.3,,STATS,Normal
1790946981.773,svchost.exe,services.exe,0.0,9.0,,STATS,Normal
1790946981.773,svchost.exe,services.exe,0.0,29.4,,STATS,Normal
1790946981.773,svchost.exe,services.exe,0.0,11.3,,STATS,Normal
1790946981.773,AsusOptimization.exe,services.exe,0.0,10.1,,STATS,Normal
1790946981.773,svchost.exe,services.exe,0.0,20.5,,STATS,Normal
1790946981.773,svchost.exe,services.exe,0.0,12.8,,STATS,Normal
1790946981.773,spoolsv.exe,services.exe,0.0,26.7,,STATS,Normal
1790946981.773,svchost.exe,services.exe,0.0,10.0,,STATS,Normal
1790946981.773,backgroundTaskHost.exe,svchost.exe,0.0,63.2,,STATS,Normal
1790946981.773,ArmouryCrateControlInterface.exe,services.exe,0.0,11.7,,STATS,Normal
1790946981.773,AsusSoftwareManager.exe,services.exe,0.0,20.6,,STATS,Normal
1790946981.773,AsusSwitch.exe,services.exe,0.0,9.5,,STATS,Normal
1790946981.773,AsusSystemAnalysis.exe,services.exe,0.0,17.2,,STATS,Normal
1790946981.773,svchost.exe,services.exe,0.0,42.5,,STATS,Normal
1790946981.773,AsusAppService.exe,services.exe,0.0,25.2,,STATS,Normal
1790946981.773,AsusSystemDiagnosis.exe,services.exe,0.0,12.2,,STATS,Normal
1790946981.773,DtsApo4Service.exe,services.exe,0.0,20.4,,STATS,Normal
1790946981.773,svchost.exe,services.exe,0.0,16.7,,STATS,Normal
1790946981.773,cmw_srv.exe,services.exe,0.79,90.6,,STATS,Normal
1790946981.773,esif_uf.exe,services.exe,0.0,7.3,,STATS,Normal
1790946981.773,OneApp.IGCC.WinService.exe,services.exe,0.0,48.4,,STATS,Normal
1790946981.773,svchost.exe,services.exe,0.0,28.8,,STATS,Normal
1790946981.773,svchost.exe,services.exe,0.0,15.3,,STATS,Normal
1790946981.773,MpDefenderCoreService.exe,services.exe,0.0,24.3,,STATS,Normal
1790946981.773,nvcontainer.exe,services.exe,0.0,40.4,,STATS,Normal
1790946981.773,svchost.exe,services.exe,0.0,12.7,,STATS,Normal
1790946981.773,RstMwService.exe,services.exe,0.0,8.4,,STATS,Normal
1790946981.773,svchost.exe,services.exe,0.0,7.1,,STATS,Normal
1790946981.773,svchost.exe,services.exe,0.0,22.0,,STATS,Normal
1790946981.773,MsMpEng.exe,services.exe,0.59,346.3,,STATS,Normal
1790946981.773,WMIRegistrationService.exe,services.exe,0.0,13.1,,STATS,Normal
1790946981.773,RtkAudUService64.exe,services.exe,0.0,15.0,,STATS,Normal
1790946981.773,svchost.exe,services.exe,0.0,16.2,,STATS,Normal
1790946981.773,brave.exe,brave.exe,0.0,71.5,,STATS,Normal
1790946981.773,msedgewebview2.exe,msedgewebview2.exe,0.0,12.3,,STATS,Normal
1790946981.773,svchost.exe,services.exe,0.0,14.1,,STATS,Normal
1790946981.773,jhi_service.exe,services.exe,0.0,7.9,,STATS,Normal
1790946981.773,brave.exe,brave.exe,0.0,127.6,,STATS,Normal
1790946981.773,svchost.exe,services.exe,0.0,15.4,,STATS,Normal
1790946981.773,msedgewebview2.exe,msedgewebview2.exe,0.0,18.6,,STATS,Normal
1790946981.773,csrss.exe,,0.0,8.6,,STATS,Normal
1790946981.773,svchost.exe,services.exe,0.0,34.2,,STATS,Normal
1790946981.773,Code.exe,Code.exe,0.0,166.1,,STATS,Normal
1790946981.773,dwm.exe,winlogon.exe,0.0,196.9,,STATS,Normal
1790946981.773,NgcIso.exe,svchost.exe,0.0,4.1,,STATS,Normal
1790946981.773,winlogon.exe,,0.0,23.6,,STATS,Normal
1790946981.773,brave.exe,explorer.exe,0.1,300.9,,STATS,Normal
1790946981.773,fontdrvhost.exe,winlogon.exe,0.0,8.8,,STATS,Normal
1790946981.773,IGCC.exe,svchost.exe,0.0,14.8,,STATS,Normal
1790946981.773,brave.exe,brave.exe,0.29,301.0,,STATS,Normal
1790946981.773,brave.exe,brave.exe,0.0,188.0,,STATS,Normal
1790946981.773,svchost.exe,services.exe,0.0,10.9,,STATS,Normal
1790946981.773,brave.exe,brave.exe,0.0,8.8,,STATS,Normal
1790946981.773,brave.exe,brave.exe,0.0,86.7,,STATS,Normal
1790946981.773,NVIDIA Overlay.exe,NVIDIA Overlay.exe,0.0,70.5,,STATS,Normal
1790946981.773,WmiPrvSE.exe,svchost.exe,0.0,17.4,,STATS,Normal
1790946981.773,nvcontainer.exe,nvcontainer.exe,0.0,33.2,,STATS,Normal
1790946981.773,unsecapp.exe,svchost.exe,0.0,10.1,,STATS,Normal
1790946981.773,svchost.exe,services.exe,0.0,9.6,,STATS,Normal
1790946981.773,NVIDIA Overlay.exe,nvcontainer.exe,0.1,148.9,,STATS,Normal
1790946981.773,AsusOptimizationStartupTask.exe,AsusOptimization.exe,0.0,19.6,,STATS,Normal
1790946981.773,SecurityHealthSystray.exe,explorer.exe,0.0,13.1,,STATS,Normal
1790946981.773,svchost.exe,services.exe,0.0,27.7,,STATS,Normal
1790946981.773,brave.exe,brave.exe,0.0,149.5,,STATS,Normal
1790946981.773,msedge.exe,msedge.exe,0.0,40.6,,STATS,Normal
1790946981.773,svchost.exe,services.exe,0.0,10.3,,STATS,Normal
1790946981.773,sihost.exe,svchost.exe,0.0,48.4,,STATS,Normal
1790946981.773,AppVShNotify.exe,OfficeClickToRun.exe,0.0,9.8,,STATS,Normal
1790946981.773,msedgewebview2.exe,SearchHost.exe,0.0,114.1,,STATS,Normal
1790946981.773,AsusOSD.exe,,0.0,16.6,,STATS,Normal
1790946981.773,ApplicationFrameHost.exe,svchost.exe,0.0,49.6,,STATS,Normal
1790946981.773,Code.exe,Code.exe,0.0,146.2,,STATS,Normal
1790946981.773,brave.exe,brave.exe,0.0,101.5,,STATS,Normal
1790946981.773,NVIDIA Overlay.exe,NVIDIA Overlay.exe,0.0,22.3,,STATS,Normal
1790946981.773,svchost.exe,services.exe,0.0,23.0,,STATS,Normal
1790946981.773,msedge.exe,,0.0,131.9,,STATS,Normal
1790946981.773,nvcontainer.exe,nvcontainer.exe,0.1,39.6,,STATS,Normal
1790946981.773,svchost.exe,services.exe,0.0,29.3,,STATS,Normal
1790946981.773,NisSrv.exe,services.exe,0.0,14.2,,STATS,Normal
1790946981.773,NVDisplay.Container.exe,NVDisplay.Container.exe,0.1,44.5,,STATS,Normal
1790946981.773,ctfmon.exe,svchost.exe,0.0,31.3,,STATS,Normal
1790946981.773,taskhostw.exe,svchost.exe,0.0,21.2,,STATS,Normal
1790946981.773,explorer.exe,,0.0,337.6,,STATS,Normal
1790946981.773,StartMenuExperienceHost.exe,svchost.exe,0.0,150.1,,STATS,Normal
1790946981.773,RuntimeBroker.exe,svchost.exe,0.0,80.4,,STATS,Normal
1790946981.773,brave.exe,brave.exe,0.0,432.7,,STATS,Normal
1790946981.773,msedge.exe,msedge.exe,0.0,42.1,,STATS,Normal
1790946981.773,svchost.exe,services.exe,0.0,12.6,,STATS,Normal
1790946981.773,svchost.exe,services.exe,0.0,24.3,,STATS,Normal
1790946981.773,svchost.exe,services.exe,0.0,42.9,,STATS,Normal
1790946981.773,SpotifyXboxGamebarWebView.exe,svchost.exe,0.0,69.8,,STATS,Normal
1790946981.773,SearchIndexer.exe,services.exe,0.0,45.2,,STATS,Normal
1790946981.773,Code.exe,explorer.exe,0.0,169.5,,STATS,Normal
1790946981.773,svchost.exe,services.exe,0.0,43.8,,STATS,Normal
1790946981.773,svchost.exe,services.exe,0.0,11.2,,STATS,Normal
1790946981.773,CrossDeviceResume.exe,sihost.exe,0.0,52.4,,STATS,Normal
1790946981.773,brave.exe,brave.exe,0.0,295.9,,STATS,Normal
1790946981.773,dllhost.exe,svchost.exe,0.0,20.4,,STATS,Normal
1790946981.773,Code.exe,Code.exe,3.02,286.6,,STATS,Normal
1790946981.773,brave.exe,brave.exe,0.0,25.4,,STATS,Normal
1790946981.773,WidgetService.exe,svchost.exe,0.0,24.9,,STATS,Normal
1790946981.773,nvcontainer.exe,nvcontainer.exe,0.0,90.6,,STATS,Normal
1790946981.773,svchost.exe,services.exe,0.0,24.3,,STATS,Normal
1790946981.773,DefenderSessionHelper.exe,MsMpEng.exe,0.0,6.4,,STATS,Normal
1790946981.773,svchost.exe,services.exe,0.0,70.7,,STATS,Normal
1790946981.773,UserOOBEBroker.exe,svchost.exe,0.0,11.1,,STATS,Normal
1790946981.773,nvsphelper64.exe,nvcontainer.exe,0.1,16.0,,STATS,Normal
1790946981.773,powershell.exe,explorer.exe,0.0,79.2,,STATS,Normal
1790946981.773,svchost.exe,services.exe,0.0,32.4,,STATS,Normal
1790946981.773,WidgetBoard.exe,svchost.exe,0.0,29.1,,STATS,Normal
1790946981.773,brave.exe,brave.exe,0.0,46.9,,STATS,Normal
1790946981.773,SecurityHealthService.exe,services.exe,0.0,23.0,,STATS,Normal
1790946981.773,svchost.exe,services.exe,0.0,14.8,,STATS,Normal
1790946981.773,dllhost.exe,svchost.exe,0.0,12.6,,STATS,Normal
1790946981.773,svchost.exe,services.exe,0.0,18.6,,STATS,Normal
1790946981.773,ArmouryCrateKeyControl.exe,ArmouryCrateControlInterface.exe,0.0,46.2,,STATS,Normal
1790946981.773,conhost.exe,powershell.exe,0.0,23.5,,STATS,Normal
1790946981.773,Code.exe,Code.exe,0.0,118.9,,STATS,Normal
1790946981.773,pet.exe,Code.exe,0.0,9.1,,STATS,Normal
1790946981.773,svchost.exe,services.exe,0.0,10.2,,STATS,Normal
1790946981.773,SDXHelper.exe,svchost.exe,0.0,32.0,,STATS,Normal
1790946981.773,NVIDIA Overlay.exe,NVIDIA Overlay.exe,0.0,37.0,,STATS,Normal
1790946981.773,svchost.exe,services.exe,0.0,16.0,,STATS,Normal
1790946981.773,OfficeClickToRun.exe,services.exe,0.0,58.8,,STATS,Normal
1790946981.773,conhost.exe,pet.exe,0.0,6.8,,STATS,Normal
1790946981.773,RuntimeBroker.exe,svchost.exe,0.0,19.2,,STATS,Normal
1790946981.773,TextInputHost.exe,svchost.exe,0.0,128.1,,STATS,Normal
1790946981.773,svchost.exe,services.exe,0.0,7.6,,STATS,Normal
1790946981.773,msedge.exe,msedge.exe,0.0,12.5,,STATS,Normal
1790946981.773,AsusSoftwareManagerAgent.exe,AsusSoftwareManager.exe,0.0,43.9,,STATS,Normal
1790946981.773,wlanext.exe,svchost.exe,0.0,11.2,,STATS,Normal
1790946981.773,copilot-runtime.exe,Code.exe,0.0,19.2,,STATS,Normal
1790946981.773,AppActions.exe,svchost.exe,0.0,39.7,,STATS,Normal
1790946981.773,brave.exe,brave.exe,0.0,67.0,,STATS,Normal
1790946981.773,SearchHost.exe,svchost.exe,0.0,139.3,,STATS,Normal
1790946981.773,svchost.exe,services.exe,0.0,25.3,,STATS,Normal
1790946981.773,brave.exe,brave.exe,0.0,153.5,,STATS,Normal
1790946981.773,msedgewebview2.exe,msedgewebview2.exe,0.0,124.8,,STATS,Normal
1790946981.773,OpenConsole.exe,Code.exe,0.0,11.4,,STATS,Normal
1790946981.773,brave.exe,brave.exe,0.1,70.6,,STATS,Normal
1790946981.773,svchost.exe,services.exe,0.0,7.6,,STATS,Normal
1790946981.773,RuntimeBroker.exe,svchost.exe,0.0,29.3,,STATS,Normal
1790946981.773,Intel_PIE_Service.exe,services.exe,0.0,11.8,,STATS,Normal
1790946981.773,Code.exe,Code.exe,0.0,107.1,,STATS,Normal
1790946981.773,Code.exe,Code.exe,0.0,33.5,,STATS,Normal
1790946981.773,brave.exe,brave.exe,0.0,160.9,,STATS,Normal
1790946981.773,dllhost.exe,svchost.exe,0.0,11.1,,STATS,Normal
1790946981.773,msedgewebview2.exe,msedgewebview2.exe,0.0,83.0,,STATS,Normal
1790946981.773,msedgewebview2.exe,msedgewebview2.exe,0.0,40.4,,STATS,Normal
1790946981.773,Code.exe,Code.exe,0.0,339.6,,STATS,Normal
1790946981.773,conhost.exe,copilot-runtime.exe,0.0,7.0,,STATS,Normal
1790946981.773,brave.exe,brave.exe,0.2,23.1,,STATS,Normal
1790946981.773,brave.exe,brave.exe,0.0,78.1,,STATS,Normal
1790946981.773,brave.exe,brave.exe,0.0,78.3,,STATS,Normal
1790946981.773,Code.exe,Code.exe,0.0,582.9,,STATS,Normal
1790946981.773,conhost.exe,powershell.exe,0.0,21.8,,STATS,Normal
1790946981.773,powershell.exe,explorer.exe,0.0,78.4,,STATS,Normal
1790946981.773,python.exe,powershell.exe,0.0,23.8,,STATS,Normal
1790946981.773,ShellHost.exe,sihost.exe,0.0,55.2,,STATS,Normal
1790946981.773,svchost.exe,services.exe,0.0,9.7,,STATS,Normal
1790946981.773,svchost.exe,services.exe,0.0,15.0,,STATS,Normal
1790946981.773,brave.exe,brave.exe,1.27,519.8,,STATS,Normal
1790946981.773,brave.exe,brave.exe,0.0,34.6,,STATS,Normal
1790946981.773,audiodg.exe,svchost.exe,0.49,48.0,,STATS,Normal
1790946981.773,brave.exe,brave.exe,0.0,58.6,,STATS,Normal
1790946983.781,powershell.exe,python.exe,,70.6,,START,Normal
1790946985.772,powershell.exe,python.exe,,,,EXIT,Normal
1790947013.782,powershell.exe,python.exe,,67.4,,START,Normal
1790947013.782,System Idle Process,,90.88,0.0,,STATS,Normal
1790947013.782,System,System Idle Process,0.2,9.3,,STATS,Normal
1790947013.782,,,0.0,0.1,,STATS,Normal
1790947013.782,Registry,,0.0,47.5,,STATS,Normal
1790947013.782,Code.exe,Code.exe,0.0,159.5,,STATS,Normal
1790947013.782,smss.exe,System,0.0,1.5,,STATS,Normal
1790947013.782,csrss.exe,,0.0,6.8,,STATS,Normal
1790947013.782,svchost.exe,services.exe,0.0,12.7,,STATS,Normal
1790947013.782,wininit.exe,,0.0,9.6,,STATS,Normal
1790947013.782,services.exe,wininit.exe,0.0,10.7,,STATS,Normal
1790947013.782,svchost.exe,services.exe,0.0,12.2,,STATS,Normal
1790947013.782,LsaIso.exe,wininit.exe,0.0,3.9,,STATS,Normal
1790947013.782,lsass.exe,wininit.exe,0.0,32.4,,STATS,Normal
1790947013.782,IntelCpHDCPSvc.exe,services.exe,0.0,9.2,,STATS,Normal
1790947013.782,svchost.exe,services.exe,0.0,7.6,,STATS,Normal
1790947013.782,svchost.exe,services.exe,0.0,44.4,,STATS,Normal
1790947013.782,fontdrvhost.exe,wininit.exe,0.0,4.3,,STATS,Normal
1790947013.782,WUDFHost.exe,services.exe,0.0,21.7,,STATS,Normal
1790947013.782,svchost.exe,services.exe,0.0,20.2,,STATS,Normal
1790947013.782,svchost.exe,services.exe,0.0,12.7,,STATS,Normal
1790947013.782,svchost.exe,services.exe,0.0,6.8,,STATS,Normal
1790947013.782,svchost.exe,services.exe,0.0,12.2,,STATS,Normal
1790947013.782,svchost.exe,services.exe,0.0,22.8,,STATS,Normal
1790947013.782,svchost.exe,services.exe,0.0,17.7,,STATS,Normal
1790947013.782,igfxEM.exe,igfxCUIService.exe,0.0,17.2,,STATS,Normal
1790947013.782,svchost.exe,services.exe,0.0,16.4,,STATS,Normal
1790947013.782,svchost.exe,services.exe,0.0,13.5,,STATS,Normal
1790947013.782,svchost.exe,services.exe,0.0,14.8,,STATS,Normal
1790947013.782,svchost.exe,services.exe,0.0,30.6,,STATS,Normal
1790947013.782,svchost.exe,services.exe,0.0,12.6,,STATS,Normal
1790947013.782,svchost.exe,services.exe,0.0,13.9,,STATS,Normal
1790947013.782,IntelCpHeciSvc.exe,services.exe,0.0,9.3,,STATS,Normal
1790947013.782,svchost.exe,services.exe,0.0,23.8,,STATS,Normal
1790947013.782,brave.exe,brave.exe,0.0,369.8,,STATS,Normal
1790947013.782,svchost.exe,services.exe,0.0,8.0,,STATS,Normal
1790947013.782,svchost.exe,services.exe,0.0,22.3,,STATS,Normal
1790947013.782,svchost.exe,services.exe,0.0,10.2,,STATS,Normal
1790947013.782,NVDisplay.Container.exe,services.exe,0.0,36.6,,STATS,Normal
1790947013.782,NVIDIA Overlay.exe,NVIDIA Overlay.exe,0.0,94.1,,STATS,Normal
1790947013.782,svchost.exe,services.exe,0.0,12.0,,STATS,Normal
1790947013.782,PresentationFontCache.exe,services.exe,0.0,19.6,,STATS,Normal
1790947013.782,dllhost.exe,svchost.exe,0.0,21.3,,STATS,Normal
1790947013.782,svchost.exe,services.exe,0.49,19.9,,STATS,Normal
1790947013.782,svchost.exe,services.exe,0.0,28.8,,STATS,Normal
1790947013.782,svchost.exe,services.exe,0.0,10.1,,STATS,Normal
1790947013.782,svchost.exe,services.exe,0.0,7.3,,STATS,Normal
1790947013.782,svchost.exe,services.exe,0.0,18.4,,STATS,Normal
1790947013.782,MemCompression,System,0.0,377.9,,STATS,Normal
1790947013.782,svchost.exe,services.exe,0.0,11.6,,STATS,Normal
1790947013.782,svchost.exe,services.exe,0.0,19.6,,STATS,Normal
1790947013.782,igfxCUIService.exe,services.exe,0.0,12.0,,STATS,Normal
1790947013.782,svchost.exe,services.exe,0.0,9.0,,STATS,Normal
1790947013.782,svchost.exe,services.exe,0.0,12.4,,STATS,Normal
1790947013.782,svchost.exe,services.exe,0.0,9.4,,STATS,Normal
1790947013.782,svchost.exe,services.exe,0.0,24.9,,STATS,Normal
1790947013.782,MicrosoftStartFeedProvider.exe,svchost.exe,0.0,42.8,,STATS,Normal
1790947013.782,SystemSettings.exe,svchost.exe,0.0,3.6,,STATS,Normal
1790947013.782,svchost.exe,services.exe,0.0,57.6,,STATS,Normal
1790947013.782,svchost.exe,services.exe,0.0,11.2,,STATS,Normal
1790947013.782,svchost.exe,services.exe,0.0,14.7,,STATS,Normal
1790947013.782,Code.exe,Code.exe,0.0,52.6,,STATS,Normal
1790947013.782,svchost.exe,services.exe,0.0,10.5,,STATS,Normal
1790947013.782,svchost.exe,services.exe,0.0,25.2,,STATS,Normal
1790947013.782,svchost.exe,services.exe,0.0,12.4,,STATS,Normal
1790947013.782,msedge.exe,msedge.exe,0.0,18.8,,STATS,Normal
1790947013.782,svchost.exe,services.exe,0.0,21.2,,STATS,Normal
1790947013.782,svchost.exe,services.exe,0.0,10.9,,STATS,Normal
1790947013.782,svchost.exe,services.exe,0.0,13.4,,STATS,Normal
1790947013.782,svchost.exe,services.exe,0.0,30.9,,STATS,Normal
1790947013.782,powershell.exe,Code.exe,0.0,96.9,,STATS,Normal
1790947013.782,brave.exe,brave.exe,0.0,54.3,,STATS,Normal
1790947013.782,svchost.exe,services.exe,0.0,9.0,,STATS,Normal
1790947013.782,svchost.exe,services.exe,0.0,29.4,,STATS,Normal
1790947013.782,svchost.exe,services.exe,0.0,11.3,,STATS,Normal
1790947013.782,AsusOptimization.exe,services.exe,0.0,10.1,,STATS,Normal
1790947013.782,svchost.exe,services.exe,0.0,20.5,,STATS,Normal
1790947013.782,svchost.exe,services.exe,0.0,12.8,,STATS,Normal
1790947013.782,spoolsv.exe,services.exe,0.0,26.7,,STATS,Normal
1790947013.782,svchost.exe,services.exe,0.0,10.0,,STATS,Normal
1790947013.782,backgroundTaskHost.exe,svchost.exe,0.0,63.2,,STATS,Normal
1790947013.782,ArmouryCrateControlInterface.exe,services.exe,0.0,11.7,,STATS,Normal
1790947013.782,AsusSoftwareManager.exe,services.exe,0.0,20.6,,STATS,Normal
1790947013.782,AsusSwitch.exe,services.exe,0.0,9.5,,STATS,Normal
1790947013.782,AsusSystemAnalysis.exe,services.exe,0.0,17.2,,STATS,Normal
1790947013.782,svchost.exe,services.exe,0.0,42.5,,STATS,Normal
1790947013.782,AsusAppService.exe,services.exe,0.0,25.2,,STATS,Normal
1790947013.782,AsusSystemDiagnosis.exe,services.exe,0.0,12.2,,STATS,Normal
1790947013.782,DtsApo4Service.exe,services.exe,0.0,20.4,,STATS,Normal
1790947013.782,svchost.exe,services.exe,0.0,16.7,,STATS,Normal
1790947013.782,cmw_srv.exe,services.exe,0.0,90.6,,STATS,Normal
1790947013.782,esif_uf.exe,services.exe,0.0,7.3,,STATS,Normal
1790947013.782,OneApp.IGCC.WinService.exe,services.exe,0.0,48.4,,STATS,Normal
1790947013.782,svchost.exe,services.exe,0.0,28.8,,STATS,Normal
1790947013.782,svchost.exe,services.exe,0.0,15.3,,STATS,Normal
1790947013.782,MpDefenderCoreService.exe,services.exe,0.0,24.3,,STATS,Normal
1790947013.782,nvcontainer.exe,services.exe,0.0,40.4,,STATS,Normal
1790947013.782,svchost.exe,services.exe,0.0,12.7,,STATS,Normal
1790947013.782,RstMwService.exe,services.exe,0.0,8.4,,STATS,Normal
1790947013.782,svchost.exe,services.exe,0.0,7.1,,STATS,Normal
1790947013.782,svchost.exe,services.exe,0.0,22.0,,STATS,Normal
1790947013.782,MsMpEng.exe,services.exe,0.59,334.7,,STATS,Normal
1790947013.782,WMIRegistrationService.exe,services.exe,0.0,13.1,,STATS,Normal
1790947013.782,RtkAudUService64.exe,services.exe,0.0,15.0,,STATS,Normal
1790947013.782,svchost.exe,services.exe,0.0,16.2,,STATS,Normal
1790947013.782,brave.exe,brave.exe,0.0,71.5,,STATS,Normal
1790947013.782,msedgewebview2.exe,msedgewebview2.exe,0.0,12.3,,STATS,Normal
1790947013.782,svchost.exe,services.exe,0.0,14.1,,STATS,Normal
1790947013.782,jhi_service.exe,services.exe,0.0,7.9,,STATS,Normal
1790947013.782,brave.exe,brave.exe,0.0,127.6,,STATS,Normal
1790947013.782,svchost.exe,services.exe,0.0,15.4,,STATS,Normal
1790947013.782,msedgewebview2.exe,msedgewebview2.exe,0.0,18.6,,STATS,Normal
1790947013.782,csrss.exe,,0.0,8.6,,STATS,Normal
1790947013.782,svchost.exe,services.exe,0.0,34.2,,STATS,Normal
1790947013.782,Code.exe,Code.exe,0.0,166.1,,STATS,Normal
1790947013.782,dwm.exe,winlogon.exe,0.1,196.9,,STATS,Normal
1790947013.782,NgcIso.exe,svchost.exe,0.0,4.1,,STATS,Normal
1790947013.782,winlogon.exe,,0.0,23.6,,STATS,Normal
1790947013.782,brave.exe,explorer.exe,0.1,300.7,,STATS,Normal
1790947013.782,fontdrvhost.exe,winlogon.exe,0.0,8.8,,STATS,Normal
1790947013.782,IGCC.exe,svchost.exe,0.0,14.8,,STATS,Normal
1790947013.782,brave.exe,brave.exe,0.78,285.9,,STATS,Normal
1790947013.782,brave.exe,brave.exe,0.0,188.0,,STATS,Normal
1790947013.782,svchost.exe,services.exe,0.0,10.9,,STATS,Normal
1790947013.782,brave.exe,brave.exe,0.0,8.8,,STATS,Normal
1790947013.782,brave.exe,brave.exe,0.0,86.7,,STATS,Normal
1790947013.782,NVIDIA Overlay.exe,NVIDIA Overlay.exe,0.0,70.5,,STATS,Normal
1790947013.782,WmiPrvSE.exe,svchost.exe,0.0,17.4,,STATS,Normal
1790947013.782,nvcontainer.exe,nvcontainer.exe,0.0,33.2,,STATS,Normal
1790947013.782,unsecapp.exe,svchost.exe,0.0,10.1,,STATS,Normal
1790947013.782,svchost.exe,services.exe,0.0,9.6,,STATS,Normal
1790947013.782,NVIDIA Overlay.exe,nvcontainer.exe,0.0,148.9,,STATS,Normal
1790947013.782,AsusOptimizationStartupTask.exe,AsusOptimization.exe,0.0,19.6,,STATS,Normal
1790947013.782,SecurityHealthSystray.exe,explorer.exe,0.0,13.1,,STATS,Normal
1790947013.782,svchost.exe,services.exe,0.0,27.7,,STATS,Normal
1790947013.782,brave.exe,brave.exe,0.0,137.3,,STATS,Normal
1790947013.782,msedge.exe,msedge.exe,0.0,40.6,,STATS,Normal
1790947013.782,svchost.exe,services.exe,0.0,10.3,,STATS,Normal
1790947013.782,sihost.exe,svchost.exe,0.0,48.4,,STATS,Normal
1790947013.782,AppVShNotify.exe,OfficeClickToRun.exe,0.0,9.8,,STATS,Normal
1790947013.782,msedgewebview2.exe,SearchHost.exe,0.0,114.1,,STATS,Normal
1790947013.782,AsusOSD.exe,,0.0,16.6,,STATS,Normal
1790947013.782,ApplicationFrameHost.exe,svchost.exe,0.0,49.6,,STATS,Normal
1790947013.782,Code.exe,Code.exe,0.0,146.2,,STATS,Normal
1790947013.782,brave.exe,brave.exe,0.0,101.7,,STATS,Normal
1790947013.782,NVIDIA Overlay.exe,NVIDIA Overlay.exe,0.0,22.3,,STATS,Normal
1790947013.782,svchost.exe,services.exe,0.0,23.0,,STATS,Normal
1790947013.782,msedge.exe,,0.0,132.1,,STATS,Normal
1790947013.782,nvcontainer.exe,nvcontainer.exe,0.0,39.6,,STATS,Normal
1790947013.782,svchost.exe,services.exe,0.0,29.3,,STATS,Normal
1790947013.782,NisSrv.exe,services.exe,0.0,14.2,,STATS,Normal
1790947013.782,NVDisplay.Container.exe,NVDisplay.Container.exe,0.0,44.5,,STATS,Normal
1790947013.782,ctfmon.exe,svchost.exe,0.0,31.3,,STATS,Normal
1790947013.782,taskhostw.exe,svchost.exe,0.0,21.2,,STATS,Normal
1790947013.782,explorer.exe,,0.0,337.3,,STATS,Normal
1790947013.782,StartMenuExperienceHost.exe,svchost.exe,0.0,150.1,,STATS,Normal
1790947013.782,RuntimeBroker.exe,svchost.exe,0.0,80.4,,STATS,Normal
1790947013.782,brave.exe,brave.exe,0.0,432.7,,STATS,Normal
1790947013.782,msedge.exe,msedge.exe,0.0,42.1,,STATS,Normal
1790947013.782,svchost.exe,services.exe,0.0,12.6,,STATS,Normal
1790947013.782,svchost.exe,services.exe,0.0,24.3,,STATS,Normal
1790947013.782,svchost.exe,services.exe,0.0,42.9,,STATS,Normal
1790947013.782,SpotifyXboxGamebarWebView.exe,svchost.exe,0.0,69.8,,STATS,Normal
1790947013.782,SearchIndexer.exe,services.exe,0.0,45.2,,STATS,Normal
1790947013.782,Code.exe,explorer.exe,0.0,170.0,,STATS,Normal
1790947013.782,svchost.exe,services.exe,0.0,43.8,,STATS,Normal
1790947013.782,svchost.exe,services.exe,0.0,11.2,,STATS,Normal
1790947013.782,CrossDeviceResume.exe,sihost.exe,0.0,52.4,,STATS,Normal
1790947013.782,brave.exe,brave.exe,0.0,295.9,,STATS,Normal
1790947013.782,dllhost.exe,svchost.exe,0.0,20.4,,STATS,Normal
1790947013.782,Code.exe,Code.exe,0.0,283.2,,STATS,Normal
1790947013.782,brave.exe,brave.exe,0.0,25.4,,STATS,Normal
1790947013.782,WidgetService.exe,svchost.exe,0.0,24.9,,STATS,Normal
1790947013.782,nvcontainer.exe,nvcontainer.exe,0.0,90.6,,STATS,Normal
1790947013.782,svchost.exe,services.exe,0.0,24.3,,STATS,Normal
1790947013.782,DefenderSessionHelper.exe,MsMpEng.exe,0.0,6.4,,STATS,Normal
1790947013.782,svchost.exe,services.exe,0.0,70.7,,STATS,Normal
1790947013.782,UserOOBEBroker.exe,svchost.exe,0.0,11.1,,STATS,Normal
1790947013.782,nvsphelper64.exe,nvcontainer.exe,0.0,16.0,,STATS,Normal
1790947013.782,powershell.exe,explorer.exe,0.0,79.2,,STATS,Normal
1790947013.782,svchost.exe,services.exe,0.0,32.4,,STATS,Normal
1790947013.782,WidgetBoard.exe,svchost.exe,0.0,29.1,,STATS,Normal
1790947013.782,brave.exe,brave.exe,0.0,46.9,,STATS,Normal
1790947013.782,SecurityHealthService.exe,services.exe,0.0,23.0,,STATS,Normal
1790947013.782,svchost.exe,services.exe,0.0,14.8,,STATS,Normal
1790947013.782,dllhost.exe,svchost.exe,0.0,12.6,,STATS,Normal
1790947013.782,svchost.exe,services.exe,0.0,18.6,,STATS,Normal
1790947013.782,ArmouryCrateKeyControl.exe,ArmouryCrateControlInterface.exe,0.0,46.2,,STATS,Normal
1790947013.782,conhost.exe,powershell.exe,0.0,23.5,,STATS,Normal
1790947013.782,Code.exe,Code.exe,0.0,118.9,,STATS,Normal
1790947013.782,pet.exe,Code.exe,0.0,9.1,,STATS,Normal
1790947013.782,svchost.exe,services.exe,0.0,10.2,,STATS,Normal
1790947013.782,SDXHelper.exe,svchost.exe,0.0,32.0,,STATS,Normal
1790947013.782,NVIDIA Overlay.exe,NVIDIA Overlay.exe,0.0,37.0,,STATS,Normal
1790947013.782,svchost.exe,services.exe,0.0,16.0,,STATS,Normal
1790947013.782,OfficeClickToRun.exe,services.exe,0.0,58.8,,STATS,Normal
1790947013.782,conhost.exe,pet.exe,0.0,6.8,,STATS,Normal
1790947013.782,RuntimeBroker.exe,svchost.exe,0.0,19.1,,STATS,Normal
1790947013.782,TextInputHost.exe,svchost.exe,0.0,128.0,,STATS,Normal
1790947013.782,svchost.exe,services.exe,0.0,7.6,,STATS,Normal
1790947013.782,msedge.exe,msedge.exe,0.0,12.5,,STATS,Normal
1790947013.782,AsusSoftwareManagerAgent.exe,AsusSoftwareManager.exe,0.0,43.9,,STATS,Normal
1790947013.782,wlanext.exe,svchost.exe,0.0,11.2,,STATS,Normal
1790947013.782,copilot-runtime.exe,Code.exe,0.0,19.2,,STATS,Normal
1790947013.782,AppActions.exe,svchost.exe,0.0,39.7,,STATS,Normal
1790947013.782,brave.exe,brave.exe,0.0,67.0,,STATS,Normal
1790947013.782,SearchHost.exe,svchost.exe,0.0,139.3,,STATS,Normal
1790947013.782,svchost.exe,services.exe,0.0,25.2,,STATS,Normal
1790947013.782,brave.exe,brave.exe,0.0,153.5,,STATS,Normal
1790947013.782,msedgewebview2.exe,msedgewebview2.exe,0.0,124.8,,STATS,Normal
1790947013.782,OpenConsole.exe,Code.exe,0.0,11.4,,STATS,Normal
1790947013.782,brave.exe,brave.exe,0.0,73.9,,STATS,Normal
1790947013.782,svchost.exe,services.exe,0.0,7.6,,STATS,Normal
1790947013.782,RuntimeBroker.exe,svchost.exe,0.0,29.3,,STATS,Normal
1790947013.782,Intel_PIE_Service.exe,services.exe,0.0,11.8,,STATS,Normal
1790947013.782,Code.exe,Code.exe,0.0,107.1,,STATS,Normal
1790947013.782,Code.exe,Code.exe,0.0,33.5,,STATS,Normal
1790947013.782,brave.exe,brave.exe,0.0,160.9,,STATS,Normal
1790947013.782,dllhost.exe,svchost.exe,0.0,11.1,,STATS,Normal
1790947013.782,msedgewebview2.exe,msedgewebview2.exe,0.0,83.0,,STATS,Normal
1790947013.782,msedgewebview2.exe,msedgewebview2.exe,0.0,40.4,,STATS,Normal
1790947013.782,Code.exe,Code.exe,0.0,339.7,,STATS,Normal
1790947013.782,conhost.exe,copilot-runtime.exe,0.0,7.0,,STATS,Normal
1790947013.782,brave.exe,brave.exe,0.1,23.1,,STATS,Normal
1790947013.782,brave.exe,brave.exe,0.0,78.1,,STATS,Normal
1790947013.782,brave.exe,brave.exe,0.0,78.3,,STATS,Normal
1790947013.782,Code.exe,Code.exe,0.0,583.2,,STATS,Normal
1790947013.782,conhost.exe,powershell.exe,0.0,21.8,,STATS,Normal
1790947013.782,powershell.exe,explorer.exe,0.0,78.4,,STATS,Normal
1790947013.782,python.exe,powershell.exe,0.1,23.8,,STATS,Normal
1790947013.782,ShellHost.exe,sihost.exe,0.0,55.2,,STATS,Normal
1790947013.782,svchost.exe,services.exe,0.0,9.7,,STATS,Normal
1790947013.782,svchost.exe,services.exe,0.0,15.0,,STATS,Normal
1790947013.782,brave.exe,brave.exe,0.97,511.2,,STATS,Normal
1790947013.782,brave.exe,brave.exe,0.0,34.6,,STATS,Normal
1790947013.782,audiodg.exe,svchost.exe,0.97,48.0,,STATS,Normal
1790947013.782,brave.exe,brave.exe,0.0,58.7,,STATS,Normal
1790947013.782,powershell.exe,python.exe,,67.4,,STATS,Normal
1790947015.773,powershell.exe,python.exe,,,,EXIT,Normal
1790947021.774,brave.exe,brave.exe,,,,EXIT,Normal
1790947023.782,brave.exe,brave.exe,,32.3,,START,Normal
1790947043.782,powershell.exe,python.exe,,71.3,,START,Normal
1790947045.772,powershell.exe,python.exe,,,,EXIT,Normal
1790947045.772,System Idle Process,,90.46,0.0,,STATS,Normal
1790947045.772,System,System Idle Process,0.1,9.3,,STATS,Normal
1790947045.772,,,0.0,0.1,,STATS,Normal
1790947045.772,Registry,,0.0,47.4,,STATS,Normal
1790947045.772,Code.exe,Code.exe,0.0,159.5,,STATS,Normal
1790947045.772,smss.exe,System,0.0,1.5,,STATS,Normal
1790947045.772,csrss.exe,,0.0,6.8,,STATS,Normal
1790947045.772,svchost.exe,services.exe,0.0,12.7,,STATS,Normal
1790947045.772,wininit.exe,,0.0,9.6,,STATS,Normal
1790947045.772,services.exe,wininit.exe,0.0,10.7,,STATS,Normal
1790947045.772,svchost.exe,services.exe,0.0,12.2,,STATS,Normal
1790947045.772,LsaIso.exe,wininit.exe,0.0,3.9,,STATS,Normal
1790947045.772,lsass.exe,wininit.exe,0.0,32.4,,STATS,Normal
1790947045.772,IntelCpHDCPSvc.exe,services.exe,0.0,9.2,,STATS,Normal
1790947045.772,svchost.exe,services.exe,0.0,7.6,,STATS,Normal
1790947045.772,svchost.exe,services.exe,0.0,44.4,,STATS,Normal
1790947045.772,fontdrvhost.exe,wininit.exe,0.0,4.3,,STATS,Normal
1790947045.772,WUDFHost.exe,services.exe,0.0,21.7,,STATS,Normal
1790947045.772,svchost.exe,services.exe,0.0,19.9,,STATS,Normal
1790947045.772,svchost.exe,services.exe,0.0,12.7,,STATS,Normal
1790947045.772,svchost.exe,services.exe,0.0,6.8,,STATS,Normal
1790947045.772,svchost.exe,services.exe,0.0,12.2,,STATS,Normal
1790947045.772,svchost.exe,services.exe,0.0,22.7,,STATS,Normal
1790947045.772,svchost.exe,services.exe,0.0,17.7,,STATS,Normal
1790947045.772,igfxEM.exe,igfxCUIService.exe,0.0,17.2,,STATS,Normal
1790947045.772,svchost.exe,services.exe,0.0,16.4,,STATS,Normal
1790947045.772,svchost.exe,services.exe,0.0,13.5,,STATS,Normal
1790947045.772,svchost.exe,services.exe,0.0,14.8,,STATS,Normal
1790947045.772,svchost.exe,services.exe,0.0,30.6,,STATS,Normal
1790947045.772,svchost.exe,services.exe,0.0,12.5,,STATS,Normal
1790947045.772,svchost.exe,services.exe,0.0,13.9,,STATS,Normal
1790947045.772,IntelCpHeciSvc.exe,services.exe,0.0,9.3,,STATS,Normal
1790947045.772,svchost.exe,services.exe,0.0,23.8,,STATS,Normal
1790947045.772,brave.exe,brave.exe,0.0,369.8,,STATS,Normal
1790947045.772,svchost.exe,services.exe,0.0,8.0,,STATS,Normal
1790947045.772,svchost.exe,services.exe,0.0,22.3,,STATS,Normal
1790947045.772,svchost.exe,services.exe,0.0,10.2,,STATS,Normal
1790947045.772,NVDisplay.Container.exe,services.exe,0.0,36.6,,STATS,Normal
1790947045.772,NVIDIA Overlay.exe,NVIDIA Overlay.exe,0.0,94.1,,STATS,Normal
1790947045.772,svchost.exe,services.exe,0.0,12.0,,STATS,Normal
1790947045.772,PresentationFontCache.exe,services.exe,0.0,19.6,,STATS,Normal
1790947045.772,dllhost.exe,svchost.exe,0.0,21.3,,STATS,Normal
1790947045.772,svchost.exe,services.exe,1.36,19.4,,STATS,Normal
1790947045.772,svchost.exe,services.exe,0.0,28.8,,STATS,Normal
1790947045.772,svchost.exe,services.exe,0.0,10.1,,STATS,Normal
1790947045.772,svchost.exe,services.exe,0.0,7.3,,STATS,Normal
1790947045.772,svchost.exe,services.exe,0.0,18.4,,STATS,Normal
1790947045.772,MemCompression,System,0.0,377.9,,STATS,Normal
1790947045.772,svchost.exe,services.exe,0.0,11.6,,STATS,Normal
1790947045.772,svchost.exe,services.exe,0.0,19.6,,STATS,Normal
1790947045.772,igfxCUIService.exe,services.exe,0.0,12.0,,STATS,Normal
1790947045.772,svchost.exe,services.exe,0.0,9.0,,STATS,Normal
1790947045.772,svchost.exe,services.exe,0.0,12.4,,STATS,Normal
1790947045.772,svchost.exe,services.exe,0.0,9.4,,STATS,Normal
1790947045.772,svchost.exe,services.exe,0.0,24.9,,STATS,Normal
1790947045.772,MicrosoftStartFeedProvider.exe,svchost.exe,0.0,42.8,,STATS,Normal
1790947045.772,SystemSettings.exe,svchost.exe,0.0,3.6,,STATS,Normal
1790947045.772,svchost.exe,services.exe,0.0,57.6,,STATS,Normal
1790947045.772,svchost.exe,services.exe,0.0,11.2,,STATS,Normal
1790947045.772,svchost.exe,services.exe,0.0,14.7,,STATS,Normal
1790947045.772,Code.exe,Code.exe,0.0,52.6,,STATS,Normal
1790947045.772,svchost.exe,services.exe,0.0,10.5,,STATS,Normal
1790947045.772,svchost.exe,services.exe,0.0,25.1,,STATS,Normal
1790947045.772,svchost.exe,services.exe,0.0,12.5,,STATS,Normal
1790947045.772,msedge.exe,msedge.exe,0.0,18.8,,STATS,Normal
1790947045.772,svchost.exe,services.exe,0.0,21.2,,STATS,Normal
1790947045.772,svchost.exe,services.exe,0.0,10.9,,STATS,Normal
1790947045.772,svchost.exe,services.exe,0.0,13.4,,STATS,Normal
1790947045.772,svchost.exe,services.exe,0.0,30.9,,STATS,Normal
1790947045.772,powershell.exe,Code.exe,0.0,96.9,,STATS,Normal
1790947045.772,brave.exe,brave.exe,0.0,54.3,,STATS,Normal
1790947045.772,svchost.exe,services.exe,0.0,9.0,,STATS,Normal
1790947045.772,svchost.exe,services.exe,0.0,29.4,,STATS,Normal
1790947045.772,svchost.exe,services.exe,0.0,11.3,,STATS,Normal
1790947045.772,AsusOptimization.exe,services.exe,0.0,10.1,,STATS,Normal
1790947045.772,svchost.exe,services.exe,0.0,20.5,,STATS,Normal
1790947045.772,svchost.exe,services.exe,0.0,12.8,,STATS,Normal
1790947045.772,spoolsv.exe,services.exe,0.0,26.7,,STATS,Normal
1790947045.772,svchost.exe,services.exe,0.0,10.0,,STATS,Normal
1790947045.772,backgroundTaskHost.exe,svchost.exe,0.0,63.2,,STATS,Normal
1790947045.772,ArmouryCrateControlInterface.exe,services.exe,0.0,11.7,,STATS,Normal
1790947045.772,AsusSoftwareManager.exe,services.exe,0.0,20.6,,STATS,Normal
1790947045.772,AsusSwitch.exe,services.exe,0.0,9.5,,STATS,Normal
1790947045.772,AsusSystemAnalysis.exe,services.exe,0.0,17.2,,STATS,Normal
1790947045.772,svchost.exe,services.exe,0.0,42.8,,STATS,Normal
1790947045.772,AsusAppService.exe,services.exe,0.0,25.2,,STATS,Normal
1790947045.772,AsusSystemDiagnosis.exe,services.exe,0.0,12.2,,STATS,Normal
1790947045.772,DtsApo4Service.exe,services.exe,0.0,20.4,,STATS,Normal
1790947045.772,svchost.exe,services.exe,0.0,16.7,,STATS,Normal
1790947045.772,cmw_srv.exe,services.exe,0.49,90.6,,STATS,Normal
1790947045.772,esif_uf.exe,services.exe,0.0,7.3,,STATS,Normal
1790947045.772,OneApp.IGCC.WinService.exe,services.exe,0.0,48.4,,STATS,Normal
1790947045.772,svchost.exe,services.exe,0.0,28.8,,STATS,Normal
1790947045.772,svchost.exe,services.exe,0.0,15.3,,STATS,Normal
1790947045.772,MpDefenderCoreService.exe,services.exe,0.0,24.3,,STATS,Normal
1790947045.772,nvcontainer.exe,services.exe,0.0,40.4,,STATS,Normal
1790947045.772,svchost.exe,services.exe,0.0,12.7,,STATS,Normal
1790947045.772,RstMwService.exe,services.exe,0.0,8.4,,STATS,Normal
1790947045.772,svchost.exe,services.exe,0.0,7.1,,STATS,Normal
1790947045.772,svchost.exe,services.exe,0.0,22.0,,STATS,Normal
1790947045.772,MsMpEng.exe,services.exe,0.49,327.7,,STATS,Normal
1790947045.772,WMIRegistrationService.exe,services.exe,0.0,13.1,,STATS,Normal
1790947045.772,RtkAudUService64.exe,services.exe,0.0,15.0,,STATS,Normal
1790947045.772,svchost.exe,services.exe,0.0,16.2,,STATS,Normal
1790947045.772,brave.exe,brave.exe,0.0,71.5,,STATS,Normal
1790947045.772,msedgewebview2.exe,msedgewebview2.exe,0.0,12.3,,STATS,Normal
1790947045.772,svchost.exe,services.exe,0.0,14.1,,STATS,Normal
1790947045.772,jhi_service.exe,services.exe,0.0,7.9,,STATS,Normal
1790947045.772,brave.exe,brave.exe,0.0,127.6,,STATS,Normal
1790947045.772,svchost.exe,services.exe,0.0,15.4,,STATS,Normal
1790947045.772,msedgewebview2.exe,msedgewebview2.exe,0.0,18.6,,STATS,Normal
1790947045.772,csrss.exe,,0.1,8.6,,STATS,Normal
1790947045.772,svchost.exe,services.exe,0.0,34.2,,STATS,Normal
1790947045.772,Code.exe,Code.exe,0.0,166.1,,STATS,Normal
1790947045.772,dwm.exe,winlogon.exe,0.0,196.9,,STATS,Normal
1790947045.772,NgcIso.exe,svchost.exe,0.0,4.1,,STATS,Normal
1790947045.772,winlogon.exe,,0.0,23.6,,STATS,Normal
1790947045.772,brave.exe,explorer.exe,0.0,302.8,,STATS,Normal
1790947045.772,fontdrvhost.exe,winlogon.exe,0.0,8.8,,STATS,Normal
1790947045.772,IGCC.exe,svchost.exe,0.0,14.8,,STATS,Normal
1790947045.772,brave.exe,brave.exe,0.69,277.6,,STATS,Normal
1790947045.772,brave.exe,brave.exe,0.0,187.7,,STATS,Normal
1790947045.772,svchost.exe,services.exe,0.0,10.9,,STATS,Normal
1790947045.772,brave.exe,brave.exe,0.0,8.8,,STATS,Normal
1790947045.772,brave.exe,brave.exe,0.0,86.7,,STATS,Normal
1790947045.772,NVIDIA Overlay.exe,NVIDIA Overlay.exe,0.0,70.5,,STATS,Normal
1790947045.772,WmiPrvSE.exe,svchost.exe,0.0,17.4,,STATS,Normal
1790947045.772,nvcontainer.exe,nvcontainer.exe,0.0,33.2,,STATS,Normal
1790947045.772,unsecapp.exe,svchost.exe,0.0,10.1,,STATS,Normal
1790947045.772,svchost.exe,services.exe,0.0,9.6,,STATS,Normal
1790947045.772,NVIDIA Overlay.exe,nvcontainer.exe,0.0,148.9,,STATS,Normal
1790947045.772,AsusOptimizationStartupTask.exe,AsusOptimization.exe,0.0,19.6,,STATS,Normal
1790947045.772,SecurityHealthSystray.exe,explorer.exe,0.0,13.1,,STATS,Normal
1790947045.772,svchost.exe,services.exe,0.0,27.8,,STATS,Normal
1790947045.772,brave.exe,brave.exe,0.0,140.3,,STATS,Normal
1790947045.772,msedge.exe,msedge.exe,0.0,40.6,,STATS,Normal
1790947045.772,svchost.exe,services.exe,0.0,10.3,,STATS,Normal
1790947045.772,sihost.exe,svchost.exe,0.0,48.2,,STATS,Normal
1790947045.772,AppVShNotify.exe,OfficeClickToRun.exe,0.0,9.8,,STATS,Normal
1790947045.772,msedgewebview2.exe,SearchHost.exe,0.0,114.1,,STATS,Normal
1790947045.772,AsusOSD.exe,,0.0,16.6,,STATS,Normal
1790947045.772,ApplicationFrameHost.exe,svchost.exe,0.0,49.6,,STATS,Normal
1790947045.772,Code.exe,Code.exe,0.0,146.2,,STATS,Normal
1790947045.772,brave.exe,brave.exe,0.0,101.8,,STATS,Normal
1790947045.772,NVIDIA Overlay.exe,NVIDIA Overlay.exe,0.0,22.3,,STATS,Normal
1790947045.772,svchost.exe,services.exe,0.0,23.0,,STATS,Normal
1790947045.772,msedge.exe,,0.0,132.0,,STATS,Normal
1790947045.772,nvcontainer.exe,nvcontainer.exe,0.1,39.6,,STATS,Normal
1790947045.772,svchost.exe,services.exe,0.0,29.4,,STATS,Normal
1790947045.772,NisSrv.exe,services.exe,0.0,14.2,,STATS,Normal
1790947045.772,NVDisplay.Container.exe,NVDisplay.Container.exe,0.0,44.5,,STATS,Normal
1790947045.772,ctfmon.exe,svchost.exe,0.0,31.3,,STATS,Normal
1790947045.772,taskhostw.exe,svchost.exe,0.0,21.2,,STATS,Normal
1790947045.772,explorer.exe,,0.0,337.3,,STATS,Normal
1790947045.772,StartMenuExperienceHost.exe,svchost.exe,0.0,150.1,,STATS,Normal
1790947045.772,RuntimeBroker.exe,svchost.exe,0.0,80.4,,STATS,Normal
1790947045.772,brave.exe,brave.exe,0.0,432.8,,STATS,Normal
1790947045.772,msedge.exe,msedge.exe,0.0,42.1,,STATS,Normal
1790947045.772,svchost.exe,services.exe,0.0,12.6,,STATS,Normal
1790947045.772,svchost.exe,services.exe,0.0,24.3,,STATS,Normal
1790947045.772,svchost.exe,services.exe,0.0,42.8,,STATS,Normal
1790947045.772,SpotifyXboxGamebarWebView.exe,svchost.exe,0.0,69.8,,STATS,Normal
1790947045.772,SearchIndexer.exe,services.exe,0.0,45.2,,STATS,Normal
1790947045.772,Code.exe,explorer.exe,0.0,170.7,,STATS,Normal
1790947045.772,svchost.exe,services.exe,0.0,43.8,,STATS,Normal
1790947045.772,svchost.exe,services.exe,0.0,11.2,,STATS,Normal
1790947045.772,CrossDeviceResume.exe,sihost.exe,0.0,52.4,,STATS,Normal
1790947045.772,brave.exe,brave.exe,0.0,296.0,,STATS,Normal
1790947045.772,dllhost.exe,svchost.exe,0.0,20.4,,STATS,Normal
1790947045.772,Code.exe,Code.exe,0.0,285.5,,STATS,Normal
1790947045.772,brave.exe,brave.exe,0.0,25.4,,STATS,Normal
1790947045.772,WidgetService.exe,svchost.exe,0.0,24.9,,STATS,Normal
1790947045.772,nvcontainer.exe,nvcontainer.exe,0.0,90.6,,STATS,Normal
1790947045.772,svchost.exe,services.exe,0.0,24.3,,STATS,Normal
1790947045.772,DefenderSessionHelper.exe,MsMpEng.exe,0.0,6.4,,STATS,Normal
1790947045.772,svchost.exe,services.exe,0.0,70.7,,STATS,Normal
1790947045.772,UserOOBEBroker.exe,svchost.exe,0.0,11.1,,STATS,Normal
1790947045.772,nvsphelper64.exe,nvcontainer.exe,0.0,16.0,,STATS,Normal
1790947045.772,powershell.exe,explorer.exe,0.0,79.2,,STATS,Normal
1790947045.772,svchost.exe,services.exe,0.0,32.4,,STATS,Normal
1790947045.772,WidgetBoard.exe,svchost.exe,0.0,29.1,,STATS,Normal
1790947045.772,brave.exe,brave.exe,0.0,46.9,,STATS,Normal
1790947045.772,SecurityHealthService.exe,services.exe,0.0,23.0,,STATS,Normal
1790947045.772,svchost.exe,services.exe,0.0,14.8,,STATS,Normal
1790947045.772,dllhost.exe,svchost.exe,0.0,12.6,,STATS,Normal
1790947045.772,svchost.exe,services.exe,0.0,18.6,,STATS,Normal
1790947045.772,ArmouryCrateKeyControl.exe,ArmouryCrateControlInterface.exe,0.0,46.2,,STATS,Normal
1790947045.772,conhost.exe,powershell.exe,0.0,23.5,,STATS,Normal
1790947045.772,Code.exe,Code.exe,0.0,118.9,,STATS,Normal
1790947045.772,pet.exe,Code.exe,0.0,9.1,,STATS,Normal
1790947045.772,svchost.exe,services.exe,0.0,10.2,,STATS,Normal
1790947045.772,SDXHelper.exe,svchost.exe,0.1,32.0,,STATS,Normal
1790947045.772,NVIDIA Overlay.exe,NVIDIA Overlay.exe,0.0,37.0,,STATS,Normal
1790947045.772,svchost.exe,services.exe,0.0,16.0,,STATS,Normal
1790947045.772,OfficeClickToRun.exe,services.exe,0.0,58.8,,STATS,Normal
1790947045.772,conhost.exe,pet.exe,0.0,6.8,,STATS,Normal
1790947045.772,RuntimeBroker.exe,svchost.exe,0.0,19.1,,STATS,Normal
1790947045.772,TextInputHost.exe,svchost.exe,0.0,128.1,,STATS,Normal
1790947045.772,svchost.exe,services.exe,0.0,7.6,,STATS,Normal
1790947045.772,msedge.exe,msedge.exe,0.0,12.5,,STATS,Normal
1790947045.772,AsusSoftwareManagerAgent.exe,AsusSoftwareManager.exe,0.0,43.9,,STATS,Normal
1790947045.772,wlanext.exe,svchost.exe,0.0,11.2,,STATS,Normal
1790947045.772,copilot-runtime.exe,Code.exe,0.0,19.2,,STATS,Normal
1790947045.772,AppActions.exe,svchost.exe,0.0,39.7,,STATS,Normal
1790947045.772,brave.exe,brave.exe,0.0,67.0,,STATS,Normal
1790947045.772,SearchHost.exe,svchost.exe,0.0,139.3,,STATS,Normal
1790947045.772,svchost.exe,services.exe,0.0,25.2,,STATS,Normal
1790947045.772,brave.exe,brave.exe,0.0,153.5,,STATS,Normal
1790947045.772,msedgewebview2.exe,msedgewebview2.exe,0.0,124.8,,STATS,Normal
1790947045.772,OpenConsole.exe,Code.exe,0.0,11.4,,STATS,Normal
1790947045.772,brave.exe,brave.exe,0.0,74.0,,STATS,Normal
1790947045.772,svchost.exe,services.exe,0.0,7.6,,STATS,Normal
1790947045.772,RuntimeBroker.exe,svchost.exe,0.0,29.3,,STATS,Normal
1790947045.772,Intel_PIE_Service.exe,services.exe,0.0,11.8,,STATS,Normal
1790947045.772,Code.exe,Code.exe,0.0,107.1,,STATS,Normal
1790947045.772,Code.exe,Code.exe,0.0,33.5,,STATS,Normal
1790947045.772,brave.exe,brave.exe,0.0,160.9,,STATS,Normal
1790947045.772,dllhost.exe,svchost.exe,0.0,11.1,,STATS,Normal
1790947045.772,msedgewebview2.exe,msedgewebview2.exe,0.0,82.9,,STATS,Normal
1790947045.772,msedgewebview2.exe,msedgewebview2.exe,0.0,40.4,,STATS,Normal
1790947045.772,Code.exe,Code.exe,0.0,339.7,,STATS,Normal
1790947045.772,conhost.exe,copilot-runtime.exe,0.0,7.0,,STATS,Normal
1790947045.772,brave.exe,brave.exe,0.0,23.1,,STATS,Normal
1790947045.772,brave.exe,brave.exe,0.0,78.3,,STATS,Normal
1790947045.772,Code.exe,Code.exe,0.0,583.2,,STATS,Normal
1790947045.772,conhost.exe,powershell.exe,0.0,21.8,,STATS,Normal
1790947045.772,powershell.exe,explorer.exe,0.0,78.4,,STATS,Normal
1790947045.772,python.exe,powershell.exe,0.1,23.8,,STATS,Normal
1790947045.772,ShellHost.exe,sihost.exe,0.0,55.2,,STATS,Normal
1790947045.772,svchost.exe,services.exe,0.0,9.7,,STATS,Normal
1790947045.772,svchost.exe,services.exe,0.0,15.2,,STATS,Normal
1790947045.772,brave.exe,brave.exe,3.54,523.6,,STATS,Normal
1790947045.772,brave.exe,brave.exe,0.0,82.5,,STATS,Normal
1790947045.772,audiodg.exe,svchost.exe,0.97,48.0,,STATS,Normal
1790947045.772,brave.exe,brave.exe,0.0,58.7,,STATS,Normal
1790947045.772,brave.exe,brave.exe,0.0,31.9,,STATS,Normal
1790947049.772,svchost.exe,services.exe,,,,EXIT,Normal
1790947073.781,powershell.exe,python.exe,,70.1,,START,Normal
1790947075.772,powershell.exe,python.exe,,,,EXIT,Normal
1790947077.772,System Idle Process,,95.01,0.0,,STATS,Normal
1790947077.772,System,System Idle Process,0.2,9.3,,STATS,Normal
1790947077.772,,,0.0,0.1,,STATS,Normal
1790947077.772,Registry,,0.0,46.9,,STATS,Normal
1790947077.772,Code.exe,Code.exe,0.0,158.7,,STATS,Normal
1790947077.772,smss.exe,System,0.0,1.5,,STATS,Normal
1790947077.772,csrss.exe,,0.0,6.8,,STATS,Normal
1790947077.772,svchost.exe,services.exe,0.0,12.7,,STATS,Normal
1790947077.772,wininit.exe,,0.0,9.6,,STATS,Normal
1790947077.772,services.exe,wininit.exe,0.0,10.7,,STATS,Normal
1790947077.772,svchost.exe,services.exe,0.0,12.2,,STATS,Normal
1790947077.772,LsaIso.exe,wininit.exe,0.0,3.9,,STATS,Normal
1790947077.772,lsass.exe,wininit.exe,0.0,32.4,,STATS,Normal
1790947077.772,IntelCpHDCPSvc.exe,services.exe,0.0,9.2,,STATS,Normal
1790947077.772,svchost.exe,services.exe,0.0,7.6,,STATS,Normal
1790947077.772,svchost.exe,services.exe,0.0,44.4,,STATS,Normal
1790947077.772,fontdrvhost.exe,wininit.exe,0.0,4.3,,STATS,Normal
1790947077.772,WUDFHost.exe,services.exe,0.0,21.7,,STATS,Normal
1790947077.772,svchost.exe,services.exe,0.0,19.9,,STATS,Normal
1790947077.772,svchost.exe,services.exe,0.0,12.7,,STATS,Normal
1790947077.772,svchost.exe,services.exe,0.0,6.8,,STATS,Normal
1790947077.772,svchost.exe,services.exe,0.0,12.2,,STATS,Normal
1790947077.772,svchost.exe,services.exe,0.0,22.7,,STATS,Normal
1790947077.772,svchost.exe,services.exe,0.0,17.7,,STATS,Normal
1790947077.772,igfxEM.exe,igfxCUIService.exe,0.0,17.2,,STATS,Normal
1790947077.772,svchost.exe,services.exe,0.0,16.4,,STATS,Normal
1790947077.772,svchost.exe,services.exe,0.0,13.5,,STATS,Normal
1790947077.772,svchost.exe,services.exe,0.0,14.8,,STATS,Normal
1790947077.772,svchost.exe,services.exe,0.0,30.6,,STATS,Normal
1790947077.772,svchost.exe,services.exe,0.0,12.4,,STATS,Normal
1790947077.772,svchost.exe,services.exe,0.0,13.9,,STATS,Normal
1790947077.772,IntelCpHeciSvc.exe,services.exe,0.0,9.3,,STATS,Normal
1790947077.772,svchost.exe,services.exe,0.0,23.8,,STATS,Normal
1790947077.772,brave.exe,brave.exe,0.0,369.0,,STATS,Normal
1790947077.772,svchost.exe,services.exe,0.0,8.0,,STATS,Normal
1790947077.772,svchost.exe,services.exe,0.0,22.3,,STATS,Normal
1790947077.772,svchost.exe,services.exe,0.0,10.2,,STATS,Normal
1790947077.772,NVDisplay.Container.exe,services.exe,0.0,36.6,,STATS,Normal
1790947077.772,NVIDIA Overlay.exe,NVIDIA Overlay.exe,0.0,94.1,,STATS,Normal
1790947077.772,svchost.exe,services.exe,0.0,12.1,,STATS,Normal
1790947077.772,PresentationFontCache.exe,services.exe,0.0,19.6,,STATS,Normal
1790947077.772,dllhost.exe,svchost.exe,0.0,21.3,,STATS,Normal
1790947077.772,svchost.exe,services.exe,0.78,19.4,,STATS,Normal
1790947077.772,svchost.exe,services.exe,0.0,28.8,,STATS,Normal
1790947077.772,svchost.exe,services.exe,0.0,10.1,,STATS,Normal
1790947077.772,svchost.exe,services.exe,0.0,7.3,,STATS,Normal
1790947077.772,svchost.exe,services.exe,0.0,18.4,,STATS,Normal
1790947077.772,MemCompression,System,0.0,377.9,,STATS,Normal
1790947077.772,svchost.exe,services.exe,0.0,11.6,,STATS,Normal
1790947077.772,svchost.exe,services.exe,0.0,19.6,,STATS,Normal
1790947077.772,igfxCUIService.exe,services.exe,0.0,12.0,,STATS,Normal
1790947077.772,svchost.exe,services.exe,0.0,9.0,,STATS,Normal
1790947077.772,svchost.exe,services.exe,0.0,12.4,,STATS,Normal
1790947077.772,svchost.exe,services.exe,0.0,9.4,,STATS,Normal
1790947077.772,svchost.exe,services.exe,0.0,24.9,,STATS,Normal
1790947077.772,MicrosoftStartFeedProvider.exe,svchost.exe,0.0,42.8,,STATS,Normal
1790947077.772,SystemSettings.exe,svchost.exe,0.0,3.6,,STATS,Normal
1790947077.772,svchost.exe,services.exe,0.0,57.6,,STATS,Normal
1790947077.772,svchost.exe,services.exe,0.0,11.1,,STATS,Normal
1790947077.772,svchost.exe,services.exe,0.0,14.7,,STATS,Normal
1790947077.772,Code.exe,Code.exe,0.0,52.6,,STATS,Normal
1790947077.772,svchost.exe,services.exe,0.0,10.5,,STATS,Normal
1790947077.772,svchost.exe,services.exe,0.0,24.9,,STATS,Normal
1790947077.772,svchost.exe,services.exe,0.0,12.5,,STATS,Normal
1790947077.772,msedge.exe,msedge.exe,0.0,18.8,,STATS,Normal
1790947077.772,svchost.exe,services.exe,0.0,21.2,,STATS,Normal
1790947077.772,svchost.exe,services.exe,0.0,10.9,,STATS,Normal
1790947077.772,svchost.exe,services.exe,0.0,13.4,,STATS,Normal
1790947077.772,svchost.exe,services.exe,0.0,30.9,,STATS,Normal
1790947077.772,powershell.exe,Code.exe,0.0,97.0,,STATS,Normal
1790947077.772,brave.exe,brave.exe,0.0,54.3,,STATS,Normal
1790947077.772,svchost.exe,services.exe,0.0,9.0,,STATS,Normal
1790947077.772,svchost.exe,services.exe,0.0,29.4,,STATS,Normal
1790947077.772,svchost.exe,services.exe,0.0,11.3,,STATS,Normal
1790947077.772,AsusOptimization.exe,services.exe,0.0,10.1,,STATS,Normal
1790947077.772,svchost.exe,services.exe,0.0,20.5,,STATS,Normal
1790947077.772,svchost.exe,services.exe,0.0,12.8,,STATS,Normal
1790947077.772,spoolsv.exe,services.exe,0.0,26.7,,STATS,Normal
1790947077.772,svchost.exe,services.exe,0.0,10.0,,STATS,Normal
1790947077.772,backgroundTaskHost.exe,svchost.exe,0.0,63.2,,STATS,Normal
1790947077.772,ArmouryCrateControlInterface.exe,services.exe,0.0,11.7,,STATS,Normal
1790947077.772,AsusSoftwareManager.exe,services.exe,0.0,20.6,,STATS,Normal
1790947077.772,AsusSwitch.exe,services.exe,0.0,9.5,,STATS,Normal
1790947077.772,AsusSystemAnalysis.exe,services.exe,0.0,17.2,,STATS,Normal
1790947077.772,svchost.exe,services.exe,0.0,42.7,,STATS,Normal
1790947077.772,AsusAppService.exe,services.exe,0.0,25.2,,STATS,Normal
1790947077.772,AsusSystemDiagnosis.exe,services.exe,0.0,12.2,,STATS,Normal
1790947077.772,DtsApo4Service.exe,services.exe,0.0,20.4,,STATS,Normal
1790947077.772,svchost.exe,services.exe,0.0,16.7,,STATS,Normal
1790947077.772,cmw_srv.exe,services.exe,0.0,90.6,,STATS,Normal
1790947077.772,esif_uf.exe,services.exe,0.0,7.3,,STATS,Normal
1790947077.772,OneApp.IGCC.WinService.exe,services.exe,0.0,48.5,,STATS,Normal
1790947077.772,svchost.exe,services.exe,0.0,28.8,,STATS,Normal
1790947077.772,svchost.exe,services.exe,0.0,15.3,,STATS,Normal
1790947077.772,MpDefenderCoreService.exe,services.exe,0.0,24.3,,STATS,Normal
1790947077.772,nvcontainer.exe,services.exe,0.0,40.4,,STATS,Normal
1790947077.772,svchost.exe,services.exe,0.0,12.7,,STATS,Normal
1790947077.772,RstMwService.exe,services.exe,0.0,8.4,,STATS,Normal
1790947077.772,svchost.exe,services.exe,0.0,7.1,,STATS,Normal
1790947077.772,svchost.exe,services.exe,0.0,22.0,,STATS,Normal
1790947077.772,MsMpEng.exe,services.exe,0.29,332.0,,STATS,Normal
1790947077.772,WMIRegistrationService.exe,services.exe,0.0,13.1,,STATS,Normal
1790947077.772,RtkAudUService64.exe,services.exe,0.0,15.0,,STATS,Normal
1790947077.772,svchost.exe,services.exe,0.0,16.2,,STATS,Normal
1790947077.772,brave.exe,brave.exe,0.0,71.5,,STATS,Normal
1790947077.772,msedgewebview2.exe,msedgewebview2.exe,0.0,12.3,,STATS,Normal
1790947077.772,svchost.exe,services.exe,0.0,14.1,,STATS,Normal
1790947077.772,jhi_service.exe,services.exe,0.0,7.9,,STATS,Normal
1790947077.772,brave.exe,brave.exe,0.0,127.6,,STATS,Normal
1790947077.772,svchost.exe,services.exe,0.0,15.4,,STATS,Normal
1790947077.772,msedgewebview2.exe,msedgewebview2.exe,0.0,18.6,,STATS,Normal
1790947077.772,csrss.exe,,0.0,8.6,,STATS,Normal
1790947077.772,svchost.exe,services.exe,0.0,34.2,,STATS,Normal
1790947077.772,Code.exe,Code.exe,0.0,166.1,,STATS,Normal
1790947077.772,dwm.exe,winlogon.exe,0.0,196.9,,STATS,Normal
1790947077.772,NgcIso.exe,svchost.exe,0.0,4.1,,STATS,Normal
1790947077.772,winlogon.exe,,0.0,23.6,,STATS,Normal
1790947077.772,brave.exe,explorer.exe,0.0,299.9,,STATS,Normal
1790947077.772,fontdrvhost.exe,winlogon.exe,0.0,8.8,,STATS,Normal
1790947077.772,IGCC.exe,svchost.exe,0.0,14.8,,STATS,Normal
1790947077.772,brave.exe,brave.exe,0.59,277.3,,STATS,Normal
1790947077.772,brave.exe,brave.exe,0.0,187.7,,STATS,Normal
1790947077.772,svchost.exe,services.exe,0.0,10.9,,STATS,Normal
1790947077.772,brave.exe,brave.exe,0.0,8.8,,STATS,Normal
1790947077.772,brave.exe,brave.exe,0.0,86.7,,STATS,Normal
1790947077.772,NVIDIA Overlay.exe,NVIDIA Overlay.exe,0.0,70.5,,STATS,Normal
1790947077.772,WmiPrvSE.exe,svchost.exe,0.0,17.4,,STATS,Normal
1790947077.772,nvcontainer.exe,nvcontainer.exe,0.0,33.2,,STATS,Normal
1790947077.772,unsecapp.exe,svchost.exe,0.0,10.1,,STATS,Normal
1790947077.772,svchost.exe,services.exe,0.0,9.6,,STATS,Normal
1790947077.772,NVIDIA Overlay.exe,nvcontainer.exe,0.0,148.9,,STATS,Normal
1790947077.772,AsusOptimizationStartupTask.exe,AsusOptimization.exe,0.0,19.6,,STATS,Normal
1790947077.772,SecurityHealthSystray.exe,explorer.exe,0.0,13.1,,STATS,Normal
1790947077.772,svchost.exe,services.exe,0.0,27.8,,STATS,Normal
1790947077.772,brave.exe,brave.exe,0.0,132.6,,STATS,Normal
1790947077.772,msedge.exe,msedge.exe,0.0,40.6,,STATS,Normal
1790947077.772,svchost.exe,services.exe,0.0,10.3,,STATS,Normal
1790947077.772,sihost.exe,svchost.exe,0.0,48.2,,STATS,Normal
1790947077.772,AppVShNotify.exe,OfficeClickToRun.exe,0.0,9.8,,STATS,Normal
1790947077.772,msedgewebview2.exe,SearchHost.exe,0.0,114.0,,STATS,Normal
1790947077.772,AsusOSD.exe,,0.0,16.6,,STATS,Normal
1790947077.772,ApplicationFrameHost.exe,svchost.exe,0.0,49.6,,STATS,Normal
1790947077.772,Code.exe,Code.exe,0.0,146.7,,STATS,Normal
1790947077.772,brave.exe,brave.exe,0.0,101.8,,STATS,Normal
1790947077.772,NVIDIA Overlay.exe,NVIDIA Overlay.exe,0.0,22.3,,STATS,Normal
1790947077.772,svchost.exe,services.exe,0.0,23.0,,STATS,Normal
1790947077.772,msedge.exe,,0.0,132.0,,STATS,Normal
1790947077.772,nvcontainer.exe,nvcontainer.exe,0.0,39.6,,STATS,Normal
1790947077.772,svchost.exe,services.exe,0.0,29.5,,STATS,Normal
1790947077.772,NisSrv.exe,services.exe,0.0,14.2,,STATS,Normal
1790947077.772,NVDisplay.Container.exe,NVDisplay.Container.exe,0.0,44.5,,STATS,Normal
1790947077.772,ctfmon.exe,svchost.exe,0.0,31.3,,STATS,Normal
1790947077.772,taskhostw.exe,svchost.exe,0.0,21.2,,STATS,Normal
1790947077.772,explorer.exe,,0.0,337.3,,STATS,Normal
1790947077.772,StartMenuExperienceHost.exe,svchost.exe,0.0,150.1,,STATS,Normal
1790947077.772,RuntimeBroker.exe,svchost.exe,0.0,80.4,,STATS,Normal
1790947077.772,brave.exe,brave.exe,0.0,390.8,,STATS,Normal
1790947077.772,msedge.exe,msedge.exe,0.0,42.1,,STATS,Normal
1790947077.772,svchost.exe,services.exe,0.0,12.6,,STATS,Normal
1790947077.772,svchost.exe,services.exe,0.0,24.3,,STATS,Normal
1790947077.772,svchost.exe,services.exe,0.0,42.8,,STATS,Normal
1790947077.772,SpotifyXboxGamebarWebView.exe,svchost.exe,0.0,69.8,,STATS,Normal
1790947077.772,SearchIndexer.exe,services.exe,0.0,45.2,,STATS,Normal
1790947077.772,Code.exe,explorer.exe,0.0,165.7,,STATS,Normal
1790947077.772,svchost.exe,services.exe,0.0,43.8,,STATS,Normal
1790947077.772,svchost.exe,services.exe,0.0,11.2,,STATS,Normal
1790947077.772,CrossDeviceResume.exe,sihost.exe,0.0,52.4,,STATS,Normal
1790947077.772,brave.exe,brave.exe,0.0,296.0,,STATS,Normal
1790947077.772,dllhost.exe,svchost.exe,0.0,20.4,,STATS,Normal
1790947077.772,Code.exe,Code.exe,0.0,287.9,,STATS,Normal
1790947077.772,brave.exe,brave.exe,0.0,25.4,,STATS,Normal
1790947077.772,WidgetService.exe,svchost.exe,0.0,24.9,,STATS,Normal
1790947077.772,nvcontainer.exe,nvcontainer.exe,0.0,90.6,,STATS,Normal
1790947077.772,svchost.exe,services.exe,0.0,24.3,,STATS,Normal
1790947077.772,DefenderSessionHelper.exe,MsMpEng.exe,0.0,6.4,,STATS,Normal
1790947077.772,svchost.exe,services.exe,0.0,70.7,,STATS,Normal
1790947077.772,UserOOBEBroker.exe,svchost.exe,0.0,11.1,,STATS,Normal
1790947077.772,nvsphelper64.exe,nvcontainer.exe,0.0,16.0,,STATS,Normal
1790947077.772,powershell.exe,explorer.exe,0.0,79.2,,STATS,Normal
1790947077.772,svchost.exe,services.exe,0.0,32.5,,STATS,Normal
1790947077.772,WidgetBoard.exe,svchost.exe,0.0,29.1,,STATS,Normal
1790947077.772,brave.exe,brave.exe,0.0,46.9,,STATS,Normal
1790947077.772,SecurityHealthService.exe,services.exe,0.0,23.0,,STATS,Normal
1790947077.772,svchost.exe,services.exe,0.0,14.8,,STATS,Normal
1790947077.772,dllhost.exe,svchost.exe,0.0,12.6,,STATS,Normal
1790947077.772,svchost.exe,services.exe,0.0,18.6,,STATS,Normal
1790947077.772,ArmouryCrateKeyControl.exe,ArmouryCrateControlInterface.exe,0.0,46.2,,STATS,Normal
1790947077.772,conhost.exe,powershell.exe,0.0,23.5,,STATS,Normal
1790947077.772,Code.exe,Code.exe,0.0,118.9,,STATS,Normal
1790947077.772,pet.exe,Code.exe,0.0,9.1,,STATS,Normal
1790947077.772,svchost.exe,services.exe,0.0,10.2,,STATS,Normal
1790947077.772,SDXHelper.exe,svchost.exe,0.0,32.0,,STATS,Normal
1790947077.772,NVIDIA Overlay.exe,NVIDIA Overlay.exe,0.0,37.0,,STATS,Normal
1790947077.772,svchost.exe,services.exe,0.0,16.0,,STATS,Normal
1790947077.772,OfficeClickToRun.exe,services.exe,0.0,58.8,,STATS,Normal
1790947077.772,conhost.exe,pet.exe,0.0,6.8,,STATS,Normal
1790947077.772,RuntimeBroker.exe,svchost.exe,0.0,19.2,,STATS,Normal
1790947077.772,TextInputHost.exe,svchost.exe,0.0,128.1,,STATS,Normal
1790947077.772,svchost.exe,services.exe,0.0,7.6,,STATS,Normal
1790947077.772,msedge.exe,msedge.exe,0.0,12.5,,STATS,Normal
1790947077.772,AsusSoftwareManagerAgent.exe,AsusSoftwareManager.exe,0.0,43.9,,STATS,Normal
1790947077.772,wlanext.exe,svchost.exe,0.0,11.2,,STATS,Normal
1790947077.772,copilot-runtime.exe,Code.exe,0.0,19.2,,STATS,Normal
1790947077.772,AppActions.exe,svchost.exe,0.0,39.7,,STATS,Normal
1790947077.772,brave.exe,brave.exe,0.0,67.0,,STATS,Normal
1790947077.772,SearchHost.exe,svchost.exe,0.0,139.3,,STATS,Normal
1790947077.772,svchost.exe,services.exe,0.0,25.2,,STATS,Normal
1790947077.772,brave.exe,brave.exe,0.0,153.5,,STATS,Normal
1790947077.772,msedgewebview2.exe,msedgewebview2.exe,0.0,124.8,,STATS,Normal
1790947077.772,OpenConsole.exe,Code.exe,0.0,11.4,,STATS,Normal
1790947077.772,brave.exe,brave.exe,0.0,74.9,,STATS,Normal
1790947077.772,svchost.exe,services.exe,0.0,7.6,,STATS,Normal
1790947077.772,RuntimeBroker.exe,svchost.exe,0.0,29.3,,STATS,Normal
1790947077.772,Intel_PIE_Service.exe,services.exe,0.0,11.8,,STATS,Normal
1790947077.772,Code.exe,Code.exe,0.0,107.1,,STATS,Normal
1790947077.772,Code.exe,Code.exe,0.0,33.5,,STATS,Normal
1790947077.772,brave.exe,brave.exe,0.0,160.9,,STATS,Normal
1790947077.772,dllhost.exe,svchost.exe,0.0,11.1,,STATS,Normal
1790947077.772,msedgewebview2.exe,msedgewebview2.exe,0.0,82.9,,STATS,Normal
1790947077.772,msedgewebview2.exe,msedgewebview2.exe,0.0,40.4,,STATS,Normal
1790947077.772,Code.exe,Code.exe,0.0,340.0,,STATS,Normal
1790947077.772,conhost.exe,copilot-runtime.exe,0.0,7.0,,STATS,Normal
1790947077.772,brave.exe,brave.exe,0.1,23.1,,STATS,Normal
1790947077.772,brave.exe,brave.exe,0.0,78.3,,STATS,Normal
1790947077.772,Code.exe,Code.exe,0.0,583.2,,STATS,Normal
1790947077.772,conhost.exe,powershell.exe,0.0,21.8,,STATS,Normal
1790947077.772,powershell.exe,explorer.exe,0.0,78.4,,STATS,Normal
1790947077.772,python.exe,powershell.exe,0.1,23.8,,STATS,Normal
1790947077.772,ShellHost.exe,sihost.exe,0.0,55.2,,STATS,Normal
1790947077.772,svchost.exe,services.exe,0.0,9.7,,STATS,Normal
1790947077.772,brave.exe,brave.exe,0.88,546.2,,STATS,Normal
1790947077.772,brave.exe,brave.exe,0.0,72.4,,STATS,Normal
1790947077.772,audiodg.exe,svchost.exe,1.07,48.0,,STATS,Normal
1790947077.772,brave.exe,brave.exe,0.0,58.7,,STATS,Normal
1790947077.772,brave.exe,brave.exe,0.0,31.9,,STATS,Normal
1790947079.809,RuntimeBroker.exe,svchost.exe,,9.8,,START,Normal
1790947079.809,backgroundTaskHost.exe,svchost.exe,,42.2,,START,Normal
1790947079.809,backgroundTaskHost.exe,svchost.exe,,34.8,,START,Normal
1790947079.809,svchost.exe,services.exe,,17.6,,START,Normal
1790947079.809,RuntimeBroker.exe,svchost.exe,,14.5,,START,Normal
1790947103.783,powershell.exe,python.exe,,71.3,,START,Normal
1790947105.774,powershell.exe,python.exe,,,,EXIT,Normal
1790947107.774,System Idle Process,,95.04,0.0,,STATS,Normal
1790947107.774,System,System Idle Process,0.0,9.3,,STATS,Normal
1790947107.774,,,0.0,0.1,,STATS,Normal
1790947107.774,Registry,,0.0,46.8,,STATS,Normal
1790947107.774,Code.exe,Code.exe,0.0,158.7,,STATS,Normal
1790947107.774,smss.exe,System,0.0,1.5,,STATS,Normal
1790947107.774,csrss.exe,,0.0,6.8,,STATS,Normal
1790947107.774,svchost.exe,services.exe,0.0,12.7,,STATS,Normal
1790947107.774,wininit.exe,,0.0,9.6,,STATS,Normal
1790947107.774,services.exe,wininit.exe,0.0,10.7,,STATS,Normal
1790947107.774,svchost.exe,services.exe,0.0,12.2,,STATS,Normal
1790947107.774,LsaIso.exe,wininit.exe,0.0,3.9,,STATS,Normal
1790947107.774,lsass.exe,wininit.exe,0.0,32.3,,STATS,Normal
1790947107.774,IntelCpHDCPSvc.exe,services.exe,0.0,9.2,,STATS,Normal
1790947107.774,svchost.exe,services.exe,0.0,7.6,,STATS,Normal
1790947107.774,svchost.exe,services.exe,0.0,44.9,,STATS,Normal
1790947107.774,fontdrvhost.exe,wininit.exe,0.0,4.3,,STATS,Normal
1790947107.774,WUDFHost.exe,services.exe,0.0,21.7,,STATS,Normal
1790947107.774,svchost.exe,services.exe,0.0,20.1,,STATS,Normal
1790947107.774,svchost.exe,services.exe,0.0,12.7,,STATS,Normal
1790947107.774,svchost.exe,services.exe,0.0,6.8,,STATS,Normal
1790947107.774,svchost.exe,services.exe,0.0,12.2,,STATS,Normal
1790947107.774,svchost.exe,services.exe,0.0,22.7,,STATS,Normal
1790947107.774,svchost.exe,services.exe,0.0,17.7,,STATS,Normal
1790947107.774,igfxEM.exe,igfxCUIService.exe,0.0,17.2,,STATS,Normal
1790947107.774,svchost.exe,services.exe,0.0,16.6,,STATS,Normal
1790947107.774,svchost.exe,services.exe,0.0,13.5,,STATS,Normal
1790947107.774,svchost.exe,services.exe,0.0,14.8,,STATS,Normal
1790947107.774,svchost.exe,services.exe,0.0,30.6,,STATS,Normal
1790947107.774,svchost.exe,services.exe,0.0,12.7,,STATS,Normal
1790947107.774,svchost.exe,services.exe,0.0,13.9,,STATS,Normal
1790947107.774,IntelCpHeciSvc.exe,services.exe,0.0,9.3,,STATS,Normal
1790947107.774,svchost.exe,services.exe,0.0,23.8,,STATS,Normal
1790947107.774,brave.exe,brave.exe,0.0,370.0,,STATS,Normal
1790947107.774,svchost.exe,services.exe,0.0,8.0,,STATS,Normal
1790947107.774,svchost.exe,services.exe,0.0,22.4,,STATS,Normal
1790947107.774,svchost.exe,services.exe,0.0,10.2,,STATS,Normal
1790947107.774,NVDisplay.Container.exe,services.exe,0.0,36.6,,STATS,Normal
1790947107.774,NVIDIA Overlay.exe,NVIDIA Overlay.exe,0.0,94.1,,STATS,Normal
1790947107.774,svchost.exe,services.exe,0.0,12.1,,STATS,Normal
1790947107.774,PresentationFontCache.exe,services.exe,0.0,19.6,,STATS,Normal
1790947107.774,dllhost.exe,svchost.exe,0.0,21.3,,STATS,Normal
1790947107.774,svchost.exe,services.exe,0.88,19.5,,STATS,Normal
1790947107.774,svchost.exe,services.exe,0.0,28.8,,STATS,Normal
1790947107.774,svchost.exe,services.exe,0.0,10.1,,STATS,Normal
1790947107.774,svchost.exe,services.exe,0.0,7.3,,STATS,Normal
1790947107.774,svchost.exe,services.exe,0.0,18.4,,STATS,Normal
1790947107.774,MemCompression,System,0.0,377.9,,STATS,Normal
1790947107.774,svchost.exe,services.exe,0.0,11.6,,STATS,Normal
1790947107.774,svchost.exe,services.exe,0.0,19.6,,STATS,Normal
1790947107.774,igfxCUIService.exe,services.exe,0.0,12.0,,STATS,Normal
1790947107.774,svchost.exe,services.exe,0.0,9.0,,STATS,Normal
1790947107.774,svchost.exe,services.exe,0.0,12.4,,STATS,Normal
1790947107.774,svchost.exe,services.exe,0.0,9.4,,STATS,Normal
1790947107.774,svchost.exe,services.exe,0.0,24.9,,STATS,Normal
1790947107.774,MicrosoftStartFeedProvider.exe,svchost.exe,0.0,42.8,,STATS,Normal
1790947107.774,SystemSettings.exe,svchost.exe,0.0,3.6,,STATS,Normal
1790947107.774,svchost.exe,services.exe,0.0,57.6,,STATS,Normal
1790947107.774,svchost.exe,services.exe,0.0,11.1,,STATS,Normal
1790947107.774,svchost.exe,services.exe,0.0,14.7,,STATS,Normal
1790947107.774,Code.exe,Code.exe,0.0,52.6,,STATS,Normal
1790947107.774,svchost.exe,services.exe,0.0,10.5,,STATS,Normal
1790947107.774,svchost.exe,services.exe,0.0,24.9,,STATS,Normal
1790947107.774,svchost.exe,services.exe,0.0,12.5,,STATS,Normal
1790947107.774,msedge.exe,msedge.exe,0.0,18.8,,STATS,Normal
1790947107.774,svchost.exe,services.exe,0.0,21.2,,STATS,Normal
1790947107.774,svchost.exe,services.exe,0.0,10.9,,STATS,Normal
1790947107.774,svchost.exe,services.exe,0.0,13.4,,STATS,Normal
1790947107.774,svchost.exe,services.exe,0.0,30.9,,STATS,Normal
1790947107.774,powershell.exe,Code.exe,0.0,97.0,,STATS,Normal
1790947107.774,brave.exe,brave.exe,0.0,54.3,,STATS,Normal
1790947107.774,svchost.exe,services.exe,0.0,9.0,,STATS,Normal
1790947107.774,svchost.exe,services.exe,0.0,29.4,,STATS,Normal
1790947107.774,svchost.exe,services.exe,0.0,11.3,,STATS,Normal
1790947107.774,AsusOptimization.exe,services.exe,0.0,10.1,,STATS,Normal
1790947107.774,svchost.exe,services.exe,0.0,20.5,,STATS,Normal
1790947107.774,svchost.exe,services.exe,0.0,12.8,,STATS,Normal
1790947107.774,spoolsv.exe,services.exe,0.0,26.7,,STATS,Normal
1790947107.774,svchost.exe,services.exe,0.0,10.0,,STATS,Normal
1790947107.774,backgroundTaskHost.exe,svchost.exe,0.0,63.2,,STATS,Normal
1790947107.774,ArmouryCrateControlInterface.exe,services.exe,0.0,11.7,,STATS,Normal
1790947107.774,AsusSoftwareManager.exe,services.exe,0.0,21.9,,STATS,Normal
1790947107.774,AsusSwitch.exe,services.exe,0.0,9.5,,STATS,Normal
1790947107.774,AsusSystemAnalysis.exe,services.exe,0.0,17.2,,STATS,Normal
1790947107.774,svchost.exe,services.exe,0.0,43.0,,STATS,Normal
1790947107.774,AsusAppService.exe,services.exe,0.0,25.2,,STATS,Normal
1790947107.774,AsusSystemDiagnosis.exe,services.exe,0.0,12.2,,STATS,Normal
1790947107.774,DtsApo4Service.exe,services.exe,0.0,20.4,,STATS,Normal
1790947107.774,svchost.exe,services.exe,0.0,16.7,,STATS,Normal
1790947107.774,cmw_srv.exe,services.exe,0.0,90.6,,STATS,Normal
1790947107.774,esif_uf.exe,services.exe,0.0,7.3,,STATS,Normal
1790947107.774,OneApp.IGCC.WinService.exe,services.exe,0.0,48.5,,STATS,Normal
1790947107.774,svchost.exe,services.exe,0.0,28.8,,STATS,Normal
1790947107.774,svchost.exe,services.exe,0.0,15.3,,STATS,Normal
1790947107.774,MpDefenderCoreService.exe,services.exe,0.0,24.3,,STATS,Normal
1790947107.774,nvcontainer.exe,services.exe,0.0,40.4,,STATS,Normal
1790947107.774,svchost.exe,services.exe,0.0,12.7,,STATS,Normal
1790947107.774,RstMwService.exe,services.exe,0.0,8.4,,STATS,Normal
1790947107.774,svchost.exe,services.exe,0.0,7.1,,STATS,Normal
1790947107.774,svchost.exe,services.exe,0.0,22.0,,STATS,Normal
1790947107.774,MsMpEng.exe,services.exe,0.39,328.2,,STATS,Normal
1790947107.774,WMIRegistrationService.exe,services.exe,0.0,13.1,,STATS,Normal
1790947107.774,RtkAudUService64.exe,services.exe,0.0,15.0,,STATS,Normal
1790947107.774,svchost.exe,services.exe,0.0,16.1,,STATS,Normal
1790947107.774,brave.exe,brave.exe,0.0,71.5,,STATS,Normal
1790947107.774,msedgewebview2.exe,msedgewebview2.exe,0.0,12.3,,STATS,Normal
1790947107.774,svchost.exe,services.exe,0.0,14.1,,STATS,Normal
1790947107.774,jhi_service.exe,services.exe,0.0,7.9,,STATS,Normal
1790947107.774,brave.exe,brave.exe,0.0,127.6,,STATS,Normal
1790947107.774,svchost.exe,services.exe,0.0,15.4,,STATS,Normal
1790947107.774,msedgewebview2.exe,msedgewebview2.exe,0.0,18.6,,STATS,Normal
1790947107.774,csrss.exe,,0.0,8.6,,STATS,Normal
1790947107.774,svchost.exe,services.exe,0.0,34.2,,STATS,Normal
1790947107.774,Code.exe,Code.exe,0.0,166.1,,STATS,Normal
1790947107.774,dwm.exe,winlogon.exe,0.0,196.9,,STATS,Normal
1790947107.774,NgcIso.exe,svchost.exe,0.0,4.0,,STATS,Normal
1790947107.774,winlogon.exe,,0.0,23.6,,STATS,Normal
1790947107.774,brave.exe,explorer.exe,0.1,300.1,,STATS,Normal
1790947107.774,fontdrvhost.exe,winlogon.exe,0.0,8.8,,STATS,Normal
1790947107.774,IGCC.exe,svchost.exe,0.0,29.0,,STATS,Normal
1790947107.774,brave.exe,brave.exe,0.29,277.0,,STATS,Normal
1790947107.774,brave.exe,brave.exe,0.0,187.7,,STATS,Normal
1790947107.774,svchost.exe,services.exe,0.0,10.9,,STATS,Normal
1790947107.774,brave.exe,brave.exe,0.0,8.8,,STATS,Normal
1790947107.774,brave.exe,brave.exe,0.0,86.7,,STATS,Normal
1790947107.774,NVIDIA Overlay.exe,NVIDIA Overlay.exe,0.0,70.5,,STATS,Normal
1790947107.774,WmiPrvSE.exe,svchost.exe,0.0,17.4,,STATS,Normal
1790947107.774,nvcontainer.exe,nvcontainer.exe,0.0,33.2,,STATS,Normal
1790947107.774,unsecapp.exe,svchost.exe,0.0,10.1,,STATS,Normal
1790947107.774,svchost.exe,services.exe,0.0,9.6,,STATS,Normal
1790947107.774,NVIDIA Overlay.exe,nvcontainer.exe,0.0,148.9,,STATS,Normal
1790947107.774,AsusOptimizationStartupTask.exe,AsusOptimization.exe,0.0,19.6,,STATS,Normal
1790947107.774,SecurityHealthSystray.exe,explorer.exe,0.0,13.1,,STATS,Normal
1790947107.774,svchost.exe,services.exe,0.0,27.8,,STATS,Normal
1790947107.774,brave.exe,brave.exe,0.0,131.9,,STATS,Normal
1790947107.774,msedge.exe,msedge.exe,0.0,40.6,,STATS,Normal
1790947107.774,svchost.exe,services.exe,0.0,10.3,,STATS,Normal
1790947107.774,sihost.exe,svchost.exe,0.0,48.4,,STATS,Normal
1790947107.774,AppVShNotify.exe,OfficeClickToRun.exe,0.0,9.8,,STATS,Normal
1790947107.774,msedgewebview2.exe,SearchHost.exe,0.0,114.1,,STATS,Normal
1790947107.774,AsusOSD.exe,,0.0,16.5,,STATS,Normal
1790947107.774,ApplicationFrameHost.exe,svchost.exe,0.0,49.6,,STATS,Normal
1790947107.774,Code.exe,Code.exe,0.0,146.7,,STATS,Normal
1790947107.774,brave.exe,brave.exe,0.0,101.9,,STATS,Normal
1790947107.774,NVIDIA Overlay.exe,NVIDIA Overlay.exe,0.0,22.3,,STATS,Normal
1790947107.774,svchost.exe,services.exe,0.0,22.9,,STATS,Normal
1790947107.774,msedge.exe,,0.0,132.0,,STATS,Normal
1790947107.774,nvcontainer.exe,nvcontainer.exe,0.0,39.6,,STATS,Normal
1790947107.774,svchost.exe,services.exe,0.0,29.5,,STATS,Normal
1790947107.774,NisSrv.exe,services.exe,0.0,14.2,,STATS,Normal
1790947107.774,NVDisplay.Container.exe,NVDisplay.Container.exe,0.0,44.5,,STATS,Normal
1790947107.774,ctfmon.exe,svchost.exe,0.0,31.3,,STATS,Normal
1790947107.774,taskhostw.exe,svchost.exe,0.0,21.3,,STATS,Normal
1790947107.774,explorer.exe,,0.0,337.4,,STATS,Normal
1790947107.774,StartMenuExperienceHost.exe,svchost.exe,0.0,150.1,,STATS,Normal
1790947107.774,RuntimeBroker.exe,svchost.exe,0.0,80.4,,STATS,Normal
1790947107.774,brave.exe,brave.exe,0.0,390.9,,STATS,Normal
1790947107.774,msedge.exe,msedge.exe,0.0,42.1,,STATS,Normal
1790947107.774,svchost.exe,services.exe,0.0,12.6,,STATS,Normal
1790947107.774,svchost.exe,services.exe,0.0,24.3,,STATS,Normal
1790947107.774,svchost.exe,services.exe,0.0,42.8,,STATS,Normal
1790947107.774,SpotifyXboxGamebarWebView.exe,svchost.exe,0.0,69.8,,STATS,Normal
1790947107.774,SearchIndexer.exe,services.exe,0.0,45.2,,STATS,Normal
1790947107.774,Code.exe,explorer.exe,0.0,166.1,,STATS,Normal
1790947107.774,svchost.exe,services.exe,0.0,43.8,,STATS,Normal
1790947107.774,svchost.exe,services.exe,0.0,11.2,,STATS,Normal
1790947107.774,CrossDeviceResume.exe,sihost.exe,0.0,52.4,,STATS,Normal
1790947107.774,brave.exe,brave.exe,0.0,297.7,,STATS,Normal
1790947107.774,dllhost.exe,svchost.exe,0.0,20.4,,STATS,Normal
1790947107.774,Code.exe,Code.exe,0.0,291.8,,STATS,Normal
1790947107.774,brave.exe,brave.exe,0.0,25.4,,STATS,Normal
1790947107.774,WidgetService.exe,svchost.exe,0.0,25.0,,STATS,Normal
1790947107.774,nvcontainer.exe,nvcontainer.exe,0.0,90.6,,STATS,Normal
1790947107.774,svchost.exe,services.exe,0.0,24.3,,STATS,Normal
1790947107.774,DefenderSessionHelper.exe,MsMpEng.exe,0.0,6.4,,STATS,Normal
1790947107.774,svchost.exe,services.exe,0.0,70.7,,STATS,Normal
1790947107.774,UserOOBEBroker.exe,svchost.exe,0.0,11.1,,STATS,Normal
1790947107.774,nvsphelper64.exe,nvcontainer.exe,0.0,16.0,,STATS,Normal
1790947107.774,powershell.exe,explorer.exe,0.0,79.2,,STATS,Normal
1790947107.774,svchost.exe,services.exe,0.0,32.5,,STATS,Normal
1790947107.774,WidgetBoard.exe,svchost.exe,0.0,29.1,,STATS,Normal
1790947107.774,brave.exe,brave.exe,0.0,46.9,,STATS,Normal
1790947107.774,SecurityHealthService.exe,services.exe,0.0,23.0,,STATS,Normal
1790947107.774,svchost.exe,services.exe,0.0,14.8,,STATS,Normal
1790947107.774,dllhost.exe,svchost.exe,0.0,12.6,,STATS,Normal
1790947107.774,svchost.exe,services.exe,0.0,18.6,,STATS,Normal
1790947107.774,ArmouryCrateKeyControl.exe,ArmouryCrateControlInterface.exe,0.0,46.2,,STATS,Normal
1790947107.774,conhost.exe,powershell.exe,0.0,23.5,,STATS,Normal
1790947107.774,Code.exe,Code.exe,0.0,118.9,,STATS,Normal
1790947107.774,pet.exe,Code.exe,0.0,9.1,,STATS,Normal
1790947107.774,svchost.exe,services.exe,0.0,10.2,,STATS,Normal
1790947107.774,SDXHelper.exe,svchost.exe,0.0,32.0,,STATS,Normal
1790947107.774,NVIDIA Overlay.exe,NVIDIA Overlay.exe,0.0,37.0,,STATS,Normal
1790947107.774,svchost.exe,services.exe,0.0,16.0,,STATS,Normal
1790947107.774,OfficeClickToRun.exe,services.exe,0.0,58.8,,STATS,Normal
1790947107.774,conhost.exe,pet.exe,0.0,6.8,,STATS,Normal
1790947107.774,RuntimeBroker.exe,svchost.exe,0.0,19.2,,STATS,Normal
1790947107.774,TextInputHost.exe,svchost.exe,0.0,128.1,,STATS,Normal
1790947107.774,svchost.exe,services.exe,0.0,7.6,,STATS,Normal
1790947107.774,msedge.exe,msedge.exe,0.0,12.5,,STATS,Normal
1790947107.774,AsusSoftwareManagerAgent.exe,AsusSoftwareManager.exe,0.0,43.9,,STATS,Normal
1790947107.774,wlanext.exe,svchost.exe,0.0,11.2,,STATS,Normal
1790947107.774,copilot-runtime.exe,Code.exe,0.0,19.2,,STATS,Normal
1790947107.774,AppActions.exe,svchost.exe,0.0,39.7,,STATS,Normal
1790947107.774,brave.exe,brave.exe,0.0,67.0,,STATS,Normal
1790947107.774,SearchHost.exe,svchost.exe,0.0,139.3,,STATS,Normal
1790947107.774,svchost.exe,services.exe,0.0,25.2,,STATS,Normal
1790947107.774,brave.exe,brave.exe,0.0,153.5,,STATS,Normal
1790947107.774,msedgewebview2.exe,msedgewebview2.exe,0.0,124.8,,STATS,Normal
1790947107.774,OpenConsole.exe,Code.exe,0.0,11.4,,STATS,Normal
1790947107.774,brave.exe,brave.exe,0.0,75.9,,STATS,Normal
1790947107.774,svchost.exe,services.exe,0.0,7.6,,STATS,Normal
1790947107.774,RuntimeBroker.exe,svchost.exe,0.0,29.3,,STATS,Normal
1790947107.774,Intel_PIE_Service.exe,services.exe,0.0,11.8,,STATS,Normal
1790947107.774,Code.exe,Code.exe,0.0,107.1,,STATS,Normal
1790947107.774,Code.exe,Code.exe,0.0,33.5,,STATS,Normal
1790947107.774,brave.exe,brave.exe,0.0,160.9,,STATS,Normal
1790947107.774,dllhost.exe,svchost.exe,0.0,11.1,,STATS,Normal
1790947107.774,msedgewebview2.exe,msedgewebview2.exe,0.0,82.9,,STATS,Normal
1790947107.774,msedgewebview2.exe,msedgewebview2.exe,0.0,40.4,,STATS,Normal
1790947107.774,Code.exe,Code.exe,0.0,340.0,,STATS,Normal
1790947107.774,conhost.exe,copilot-runtime.exe,0.0,7.0,,STATS,Normal
1790947107.774,brave.exe,brave.exe,0.0,23.1,,STATS,Normal
1790947107.774,brave.exe,brave.exe,0.0,78.3,,STATS,Normal
1790947107.774,Code.exe,Code.exe,0.0,583.2,,STATS,Normal
1790947107.774,conhost.exe,powershell.exe,0.0,21.8,,STATS,Normal
1790947107.774,powershell.exe,explorer.exe,0.0,78.4,,STATS,Normal
1790947107.774,python.exe,powershell.exe,0.2,23.8,,STATS,Normal
1790947107.774,ShellHost.exe,sihost.exe,0.0,55.2,,STATS,Normal
1790947107.774,svchost.exe,services.exe,0.0,9.7,,STATS,Normal
1790947107.774,brave.exe,brave.exe,0.97,570.2,,STATS,Normal
1790947107.774,brave.exe,brave.exe,0.0,72.7,,STATS,Normal
1790947107.774,audiodg.exe,svchost.exe,0.78,48.1,,STATS,Normal
1790947107.774,brave.exe,brave.exe,0.0,58.8,,STATS,Normal
1790947107.774,brave.exe,brave.exe,0.0,31.9,,STATS,Normal
1790947107.774,RuntimeBroker.exe,svchost.exe,0.0,9.8,,STATS,Normal
1790947107.774,backgroundTaskHost.exe,svchost.exe,0.0,42.2,,STATS,Normal
1790947107.774,backgroundTaskHost.exe,svchost.exe,0.0,34.8,,STATS,Normal
1790947107.774,svchost.exe,services.exe,0.0,14.6,,STATS,Normal
1790947107.774,RuntimeBroker.exe,svchost.exe,0.0,14.5,,STATS,Normal
1790947133.792,powershell.exe,python.exe,,59.4,,START,Normal
1790947135.784,brave.exe,brave.exe,,32.3,,START,Normal
1790947135.784,powershell.exe,python.exe,,,,EXIT,Normal
1790947137.804,brave.exe,brave.exe,,,,EXIT,Normal
1790947137.804,System Idle Process,,80.2,0.0,,STATS,Normal
1790947137.804,System,System Idle Process,1.26,9.3,,STATS,Normal
1790947137.804,,,0.0,0.1,,STATS,Normal
1790947137.804,Registry,,0.0,46.8,,STATS,Normal
1790947137.804,Code.exe,Code.exe,0.0,158.8,,STATS,Normal
1790947137.804,smss.exe,System,0.0,1.5,,STATS,Normal
1790947137.804,csrss.exe,,0.0,6.8,,STATS,Normal
1790947137.804,svchost.exe,services.exe,0.0,12.7,,STATS,Normal
1790947137.804,wininit.exe,,0.0,9.6,,STATS,Normal
1790947137.804,services.exe,wininit.exe,0.0,10.7,,STATS,Normal
1790947137.804,svchost.exe,services.exe,0.0,12.2,,STATS,Normal
1790947137.804,LsaIso.exe,wininit.exe,0.0,3.9,,STATS,Normal
1790947137.804,lsass.exe,wininit.exe,0.0,32.4,,STATS,Normal
1790947137.804,IntelCpHDCPSvc.exe,services.exe,0.0,9.2,,STATS,Normal
1790947137.804,svchost.exe,services.exe,0.0,7.6,,STATS,Normal
1790947137.804,svchost.exe,services.exe,0.0,44.8,,STATS,Normal
1790947137.804,fontdrvhost.exe,wininit.exe,0.0,4.3,,STATS,Normal
1790947137.804,WUDFHost.exe,services.exe,0.0,21.7,,STATS,Normal
1790947137.804,svchost.exe,services.exe,0.1,20.0,,STATS,Normal
1790947137.804,svchost.exe,services.exe,0.0,12.7,,STATS,Normal
1790947137.804,svchost.exe,services.exe,0.0,6.7,,STATS,Normal
1790947137.804,svchost.exe,services.exe,0.0,12.2,,STATS,Normal
1790947137.804,svchost.exe,services.exe,0.0,22.7,,STATS,Normal
1790947137.804,svchost.exe,services.exe,0.0,17.7,,STATS,Normal
1790947137.804,igfxEM.exe,igfxCUIService.exe,0.0,17.2,,STATS,Normal
1790947137.804,svchost.exe,services.exe,0.0,16.6,,STATS,Normal
1790947137.804,svchost.exe,services.exe,0.0,13.5,,STATS,Normal
1790947137.804,svchost.exe,services.exe,0.0,14.9,,STATS,Normal
1790947137.804,svchost.exe,services.exe,0.0,30.6,,STATS,Normal
1790947137.804,svchost.exe,services.exe,0.0,12.7,,STATS,Normal
1790947137.804,svchost.exe,services.exe,0.0,13.9,,STATS,Normal
1790947137.804,IntelCpHeciSvc.exe,services.exe,0.0,9.3,,STATS,Normal
1790947137.804,svchost.exe,services.exe,0.0,23.8,,STATS,Normal
1790947137.804,brave.exe,brave.exe,0.0,370.9,,STATS,Normal
1790947137.804,svchost.exe,services.exe,0.0,8.0,,STATS,Normal
1790947137.804,svchost.exe,services.exe,0.0,22.4,,STATS,Normal
1790947137.804,svchost.exe,services.exe,0.0,10.2,,STATS,Normal
1790947137.804,NVDisplay.Container.exe,services.exe,0.0,36.6,,STATS,Normal
1790947137.804,NVIDIA Overlay.exe,NVIDIA Overlay.exe,0.0,94.1,,STATS,Normal
1790947137.804,svchost.exe,services.exe,0.0,12.1,,STATS,Normal
1790947137.804,PresentationFontCache.exe,services.exe,0.0,19.6,,STATS,Normal
1790947137.804,dllhost.exe,svchost.exe,0.0,21.3,,STATS,Normal
1790947137.804,svchost.exe,services.exe,0.96,19.6,,STATS,Normal
1790947137.804,svchost.exe,services.exe,0.0,28.8,,STATS,Normal
1790947137.804,svchost.exe,services.exe,0.0,10.1,,STATS,Normal
1790947137.804,svchost.exe,services.exe,0.0,7.3,,STATS,Normal
1790947137.804,svchost.exe,services.exe,0.0,18.4,,STATS,Normal
1790947137.804,MemCompression,System,0.0,376.8,,STATS,Normal
1790947137.804,svchost.exe,services.exe,0.0,11.6,,STATS,Normal
1790947137.804,svchost.exe,services.exe,0.0,19.6,,STATS,Normal
1790947137.804,igfxCUIService.exe,services.exe,0.0,12.0,,STATS,Normal
1790947137.804,svchost.exe,services.exe,0.0,9.0,,STATS,Normal
1790947137.804,svchost.exe,services.exe,0.0,12.4,,STATS,Normal
1790947137.804,svchost.exe,services.exe,0.0,9.4,,STATS,Normal
1790947137.804,svchost.exe,services.exe,0.0,24.9,,STATS,Normal
1790947137.804,MicrosoftStartFeedProvider.exe,svchost.exe,0.0,42.8,,STATS,Normal
1790947137.804,SystemSettings.exe,svchost.exe,0.0,3.6,,STATS,Normal
1790947137.804,svchost.exe,services.exe,0.0,57.6,,STATS,Normal
1790947137.804,svchost.exe,services.exe,0.0,11.1,,STATS,Normal
1790947137.804,svchost.exe,services.exe,0.0,14.7,,STATS,Normal
1790947137.804,Code.exe,Code.exe,0.0,52.6,,STATS,Normal
1790947137.804,svchost.exe,services.exe,0.0,10.5,,STATS,Normal
1790947137.804,svchost.exe,services.exe,0.0,24.9,,STATS,Normal
1790947137.804,svchost.exe,services.exe,0.0,12.5,,STATS,Normal
1790947137.804,msedge.exe,msedge.exe,0.0,18.8,,STATS,Normal
1790947137.804,svchost.exe,services.exe,0.0,21.2,,STATS,Normal
1790947137.804,svchost.exe,services.exe,0.0,10.9,,STATS,Normal
1790947137.804,svchost.exe,services.exe,0.0,13.4,,STATS,Normal
1790947137.804,svchost.exe,services.exe,0.0,30.9,,STATS,Normal
1790947137.804,powershell.exe,Code.exe,0.0,97.0,,STATS,Normal
1790947137.804,brave.exe,brave.exe,0.1,54.5,,STATS,Normal
1790947137.804,svchost.exe,services.exe,0.0,9.0,,STATS,Normal
1790947137.804,svchost.exe,services.exe,0.0,29.4,,STATS,Normal
1790947137.804,svchost.exe,services.exe,0.0,11.3,,STATS,Normal
1790947137.804,AsusOptimization.exe,services.exe,0.0,10.1,,STATS,Normal
1790947137.804,svchost.exe,services.exe,0.0,20.5,,STATS,Normal
1790947137.804,svchost.exe,services.exe,0.0,13.0,,STATS,Normal
1790947137.804,spoolsv.exe,services.exe,0.0,26.7,,STATS,Normal
1790947137.804,svchost.exe,services.exe,0.0,10.0,,STATS,Normal
1790947137.804,backgroundTaskHost.exe,svchost.exe,0.0,63.2,,STATS,Normal
1790947137.804,ArmouryCrateControlInterface.exe,services.exe,0.0,11.7,,STATS,Normal
1790947137.804,AsusSoftwareManager.exe,services.exe,0.0,21.9,,STATS,Normal
1790947137.804,AsusSwitch.exe,services.exe,0.0,9.5,,STATS,Normal
1790947137.804,AsusSystemAnalysis.exe,services.exe,0.0,17.2,,STATS,Normal
1790947137.804,svchost.exe,services.exe,0.0,42.9,,STATS,Normal
1790947137.804,AsusAppService.exe,services.exe,0.0,25.2,,STATS,Normal
1790947137.804,AsusSystemDiagnosis.exe,services.exe,0.0,12.2,,STATS,Normal
1790947137.804,DtsApo4Service.exe,services.exe,0.0,20.4,,STATS,Normal
1790947137.804,svchost.exe,services.exe,0.0,16.7,,STATS,Normal
1790947137.804,cmw_srv.exe,services.exe,0.0,90.1,,STATS,Normal
1790947137.804,esif_uf.exe,services.exe,0.0,7.3,,STATS,Normal
1790947137.804,OneApp.IGCC.WinService.exe,services.exe,0.0,48.5,,STATS,Normal
1790947137.804,svchost.exe,services.exe,0.0,28.8,,STATS,Normal
1790947137.804,svchost.exe,services.exe,0.0,15.3,,STATS,Normal
1790947137.804,MpDefenderCoreService.exe,services.exe,0.0,24.3,,STATS,Normal
1790947137.804,nvcontainer.exe,services.exe,0.0,40.4,,STATS,Normal
1790947137.804,svchost.exe,services.exe,0.0,12.7,,STATS,Normal
1790947137.804,RstMwService.exe,services.exe,0.0,8.4,,STATS,Normal
1790947137.804,svchost.exe,services.exe,0.0,7.1,,STATS,Normal
1790947137.804,svchost.exe,services.exe,0.0,21.9,,STATS,Normal
1790947137.804,MsMpEng.exe,services.exe,0.19,334.3,,STATS,Normal
1790947137.804,WMIRegistrationService.exe,services.exe,0.0,13.1,,STATS,Normal
1790947137.804,RtkAudUService64.exe,services.exe,0.0,15.0,,STATS,Normal
1790947137.804,svchost.exe,services.exe,0.0,16.1,,STATS,Normal
1790947137.804,brave.exe,brave.exe,0.0,71.5,,STATS,Normal
1790947137.804,msedgewebview2.exe,msedgewebview2.exe,0.0,12.3,,STATS,Normal
1790947137.804,svchost.exe,services.exe,0.0,14.1,,STATS,Normal
1790947137.804,jhi_service.exe,services.exe,0.0,7.9,,STATS,Normal
1790947137.804,brave.exe,brave.exe,0.0,127.6,,STATS,Normal
1790947137.804,svchost.exe,services.exe,0.0,15.4,,STATS,Normal
1790947137.804,msedgewebview2.exe,msedgewebview2.exe,0.0,18.6,,STATS,Normal
1790947137.804,csrss.exe,,0.1,8.6,,STATS,Normal
1790947137.804,svchost.exe,services.exe,0.0,34.2,,STATS,Normal
1790947137.804,Code.exe,Code.exe,0.0,166.1,,STATS,Normal
1790947137.804,dwm.exe,winlogon.exe,2.6,284.3,,STATS,Normal
1790947137.804,NgcIso.exe,svchost.exe,0.0,4.1,,STATS,Normal
1790947137.804,winlogon.exe,,0.0,23.6,,STATS,Normal
1790947137.804,brave.exe,explorer.exe,2.51,304.6,,STATS,Normal
1790947137.804,fontdrvhost.exe,winlogon.exe,0.0,8.8,,STATS,Normal
1790947137.804,IGCC.exe,svchost.exe,0.0,29.0,,STATS,Normal
1790947137.804,brave.exe,brave.exe,4.34,276.3,,STATS,Normal
1790947137.804,brave.exe,brave.exe,0.0,187.7,,STATS,Normal
1790947137.804,svchost.exe,services.exe,0.0,10.9,,STATS,Normal
1790947137.804,brave.exe,brave.exe,0.0,8.8,,STATS,Normal
1790947137.804,brave.exe,brave.exe,0.0,86.7,,STATS,Normal
1790947137.804,NVIDIA Overlay.exe,NVIDIA Overlay.exe,0.0,72.1,,STATS,Normal
1790947137.804,WmiPrvSE.exe,svchost.exe,0.0,17.4,,STATS,Normal
1790947137.804,nvcontainer.exe,nvcontainer.exe,0.0,33.2,,STATS,Normal
1790947137.804,unsecapp.exe,svchost.exe,0.0,10.1,,STATS,Normal
1790947137.804,svchost.exe,services.exe,0.0,9.6,,STATS,Normal
1790947137.804,NVIDIA Overlay.exe,nvcontainer.exe,0.0,148.9,,STATS,Normal
1790947137.804,AsusOptimizationStartupTask.exe,AsusOptimization.exe,0.0,19.6,,STATS,Normal
1790947137.804,SecurityHealthSystray.exe,explorer.exe,0.0,13.1,,STATS,Normal
1790947137.804,svchost.exe,services.exe,0.0,27.8,,STATS,Normal
1790947137.804,brave.exe,brave.exe,1.25,144.4,,STATS,Normal
1790947137.804,msedge.exe,msedge.exe,0.0,40.6,,STATS,Normal
1790947137.804,svchost.exe,services.exe,0.0,10.3,,STATS,Normal
1790947137.804,sihost.exe,svchost.exe,0.0,48.3,,STATS,Normal
1790947137.804,AppVShNotify.exe,OfficeClickToRun.exe,0.0,9.8,,STATS,Normal
1790947137.804,msedgewebview2.exe,SearchHost.exe,0.0,114.1,,STATS,Normal
1790947137.804,AsusOSD.exe,,0.0,16.5,,STATS,Normal
1790947137.804,ApplicationFrameHost.exe,svchost.exe,0.0,49.6,,STATS,Normal
1790947137.804,Code.exe,Code.exe,0.0,146.9,,STATS,Normal
1790947137.804,brave.exe,brave.exe,0.29,101.4,,STATS,Normal
1790947137.804,NVIDIA Overlay.exe,NVIDIA Overlay.exe,0.0,22.3,,STATS,Normal
1790947137.804,svchost.exe,services.exe,0.0,23.0,,STATS,Normal
1790947137.804,msedge.exe,,0.0,132.0,,STATS,Normal
1790947137.804,nvcontainer.exe,nvcontainer.exe,0.0,39.6,,STATS,Normal
1790947137.804,svchost.exe,services.exe,0.0,29.5,,STATS,Normal
1790947137.804,NisSrv.exe,services.exe,0.0,14.2,,STATS,Normal
1790947137.804,NVDisplay.Container.exe,NVDisplay.Container.exe,0.0,44.5,,STATS,Normal
1790947137.804,ctfmon.exe,svchost.exe,0.0,31.3,,STATS,Normal
1790947137.804,taskhostw.exe,svchost.exe,0.0,21.1,,STATS,Normal
1790947137.804,explorer.exe,,0.0,338.8,,STATS,Normal
1790947137.804,StartMenuExperienceHost.exe,svchost.exe,0.0,150.1,,STATS,Normal
1790947137.804,RuntimeBroker.exe,svchost.exe,0.0,80.4,,STATS,Normal
1790947137.804,brave.exe,brave.exe,0.39,391.5,,STATS,Normal
1790947137.804,msedge.exe,msedge.exe,0.0,42.1,,STATS,Normal
1790947137.804,svchost.exe,services.exe,0.0,12.6,,STATS,Normal
1790947137.804,svchost.exe,services.exe,0.0,24.3,,STATS,Normal
1790947137.804,svchost.exe,services.exe,0.0,43.2,,STATS,Normal
1790947137.804,SpotifyXboxGamebarWebView.exe,svchost.exe,0.0,69.8,,STATS,Normal
1790947137.804,SearchIndexer.exe,services.exe,0.0,45.2,,STATS,Normal
1790947137.804,Code.exe,explorer.exe,0.0,166.7,,STATS,Normal
1790947137.804,svchost.exe,services.exe,0.0,43.8,,STATS,Normal
1790947137.804,svchost.exe,services.exe,0.0,11.2,,STATS,Normal
1790947137.804,CrossDeviceResume.exe,sihost.exe,0.0,52.4,,STATS,Normal
1790947137.804,brave.exe,brave.exe,0.0,297.7,,STATS,Normal
1790947137.804,dllhost.exe,svchost.exe,0.0,20.4,,STATS,Normal
1790947137.804,Code.exe,Code.exe,0.0,288.9,,STATS,Normal
1790947137.804,brave.exe,brave.exe,0.0,25.4,,STATS,Normal
1790947137.804,WidgetService.exe,svchost.exe,0.0,25.0,,STATS,Normal
1790947137.804,nvcontainer.exe,nvcontainer.exe,0.1,90.6,,STATS,Normal
1790947137.804,svchost.exe,services.exe,0.0,24.3,,STATS,Normal
1790947137.804,DefenderSessionHelper.exe,MsMpEng.exe,0.0,6.4,,STATS,Normal
1790947137.804,svchost.exe,services.exe,0.0,70.7,,STATS,Normal
1790947137.804,UserOOBEBroker.exe,svchost.exe,0.0,11.1,,STATS,Normal
1790947137.804,nvsphelper64.exe,nvcontainer.exe,0.1,16.0,,STATS,Normal
1790947137.804,powershell.exe,explorer.exe,0.0,79.2,,STATS,Normal
1790947137.804,svchost.exe,services.exe,0.0,32.5,,STATS,Normal
1790947137.804,WidgetBoard.exe,svchost.exe,0.0,29.1,,STATS,Normal
1790947137.804,brave.exe,brave.exe,0.0,46.9,,STATS,Normal
1790947137.804,SecurityHealthService.exe,services.exe,0.0,23.0,,STATS,Normal
1790947137.804,svchost.exe,services.exe,0.0,14.8,,STATS,Normal
1790947137.804,dllhost.exe,svchost.exe,0.0,12.6,,STATS,Normal
1790947137.804,svchost.exe,services.exe,0.0,18.6,,STATS,Normal
1790947137.804,ArmouryCrateKeyControl.exe,ArmouryCrateControlInterface.exe,0.0,46.2,,STATS,Normal
1790947137.804,conhost.exe,powershell.exe,0.0,23.5,,STATS,Normal
1790947137.804,Code.exe,Code.exe,0.0,118.9,,STATS,Normal
1790947137.804,pet.exe,Code.exe,0.0,9.1,,STATS,Normal
1790947137.804,svchost.exe,services.exe,0.0,10.2,,STATS,Normal
1790947137.804,SDXHelper.exe,svchost.exe,0.0,32.0,,STATS,Normal
1790947137.804,NVIDIA Overlay.exe,NVIDIA Overlay.exe,0.0,37.0,,STATS,Normal
1790947137.804,svchost.exe,services.exe,0.0,16.0,,STATS,Normal
1790947137.804,OfficeClickToRun.exe,services.exe,0.0,58.8,,STATS,Normal
1790947137.804,conhost.exe,pet.exe,0.0,6.8,,STATS,Normal
1790947137.804,RuntimeBroker.exe,svchost.exe,0.0,19.2,,STATS,Normal
1790947137.804,TextInputHost.exe,svchost.exe,0.0,128.6,,STATS,Normal
1790947137.804,svchost.exe,services.exe,0.0,7.6,,STATS,Normal
1790947137.804,msedge.exe,msedge.exe,0.0,12.5,,STATS,Normal
1790947137.804,AsusSoftwareManagerAgent.exe,AsusSoftwareManager.exe,0.0,43.9,,STATS,Normal
1790947137.804,wlanext.exe,svchost.exe,0.0,11.2,,STATS,Normal
1790947137.804,copilot-runtime.exe,Code.exe,0.0,19.2,,STATS,Normal
1790947137.804,AppActions.exe,svchost.exe,0.0,39.7,,STATS,Normal
1790947137.804,brave.exe,brave.exe,0.0,67.0,,STATS,Normal
1790947137.804,SearchHost.exe,svchost.exe,0.0,139.3,,STATS,Normal
1790947137.804,svchost.exe,services.exe,0.0,25.2,,STATS,Normal
1790947137.804,brave.exe,brave.exe,0.0,153.5,,STATS,Normal
1790947137.804,msedgewebview2.exe,msedgewebview2.exe,0.0,124.8,,STATS,Normal
1790947137.804,OpenConsole.exe,Code.exe,0.0,11.4,,STATS,Normal
1790947137.804,brave.exe,brave.exe,0.1,79.0,,STATS,Normal
1790947137.804,svchost.exe,services.exe,0.0,7.6,,STATS,Normal
1790947137.804,RuntimeBroker.exe,svchost.exe,0.0,29.3,,STATS,Normal
1790947137.804,Intel_PIE_Service.exe,services.exe,0.0,11.8,,STATS,Normal
1790947137.804,Code.exe,Code.exe,0.1,107.2,,STATS,Normal
1790947137.804,Code.exe,Code.exe,0.0,33.5,,STATS,Normal
1790947137.804,brave.exe,brave.exe,0.0,160.9,,STATS,Normal
1790947137.804,dllhost.exe,svchost.exe,0.0,11.1,,STATS,Normal
1790947137.804,msedgewebview2.exe,msedgewebview2.exe,0.0,82.9,,STATS,Normal
1790947137.804,msedgewebview2.exe,msedgewebview2.exe,0.0,40.4,,STATS,Normal
1790947137.804,Code.exe,Code.exe,0.0,341.6,,STATS,Normal
1790947137.804,conhost.exe,copilot-runtime.exe,0.0,7.0,,STATS,Normal
1790947137.804,brave.exe,brave.exe,0.19,23.1,,STATS,Normal
1790947137.804,brave.exe,brave.exe,0.0,78.3,,STATS,Normal
1790947137.804,Code.exe,Code.exe,0.0,583.2,,STATS,Normal
1790947137.804,conhost.exe,powershell.exe,0.0,21.8,,STATS,Normal
1790947137.804,powershell.exe,explorer.exe,0.0,78.4,,STATS,Normal
1790947137.804,python.exe,powershell.exe,0.0,23.8,,STATS,Normal
1790947137.804,ShellHost.exe,sihost.exe,0.0,55.2,,STATS,Normal
1790947137.804,svchost.exe,services.exe,0.0,9.7,,STATS,Normal
1790947137.804,brave.exe,brave.exe,2.71,571.5,,STATS,Normal
1790947137.804,brave.exe,brave.exe,0.0,72.8,,STATS,Normal
1790947137.804,audiodg.exe,svchost.exe,1.26,48.1,,STATS,Normal
1790947137.804,brave.exe,brave.exe,0.0,58.8,,STATS,Normal
1790947137.804,RuntimeBroker.exe,svchost.exe,0.0,9.8,,STATS,Normal
1790947137.804,backgroundTaskHost.exe,svchost.exe,0.0,42.2,,STATS,Normal
1790947137.804,backgroundTaskHost.exe,svchost.exe,0.0,34.8,,STATS,Normal
1790947137.804,svchost.exe,services.exe,0.0,13.3,,STATS,Normal
1790947137.804,RuntimeBroker.exe,svchost.exe,0.0,14.5,,STATS,Normal
1790947137.804,brave.exe,brave.exe,0.0,32.3,,STATS,Normal
1790947139.775,backgroundTaskHost.exe,svchost.exe,,,,EXIT,Normal
1790947139.775,backgroundTaskHost.exe,svchost.exe,,,,EXIT,Normal
1790947139.775,svchost.exe,services.exe,,,,EXIT,Normal
1790947163.801,powershell.exe,python.exe,,62.7,,START,Normal
1790947165.783,powershell.exe,python.exe,,,,EXIT,Normal
1790947169.774,RuntimeBroker.exe,svchost.exe,,,,EXIT,Normal
1790947169.774,RuntimeBroker.exe,svchost.exe,,,,EXIT,Normal
1790947169.774,System Idle Process,,91.03,0.0,,STATS,Normal
1790947169.774,System,System Idle Process,0.59,9.3,,STATS,Normal
1790947169.774,,,0.0,0.1,,STATS,Normal
1790947169.774,Registry,,0.0,46.7,,STATS,Normal
1790947169.774,Code.exe,Code.exe,0.0,120.8,,STATS,Normal
1790947169.774,smss.exe,System,0.0,1.5,,STATS,Normal
1790947169.774,csrss.exe,,0.0,6.8,,STATS,Normal
1790947169.774,svchost.exe,services.exe,0.0,12.7,,STATS,Normal
1790947169.774,wininit.exe,,0.0,9.6,,STATS,Normal
1790947169.774,services.exe,wininit.exe,0.0,10.6,,STATS,Normal
1790947169.774,svchost.exe,services.exe,0.0,12.2,,STATS,Normal
1790947169.774,LsaIso.exe,wininit.exe,0.0,3.6,,STATS,Normal
1790947169.774,lsass.exe,wininit.exe,0.0,32.3,,STATS,Normal
1790947169.774,IntelCpHDCPSvc.exe,services.exe,0.0,9.2,,STATS,Normal
1790947169.774,svchost.exe,services.exe,0.0,7.6,,STATS,Normal
1790947169.774,svchost.exe,services.exe,0.0,44.5,,STATS,Normal
1790947169.774,fontdrvhost.exe,wininit.exe,0.0,4.3,,STATS,Normal
1790947169.774,WUDFHost.exe,services.exe,0.0,21.7,,STATS,Normal
1790947169.774,svchost.exe,services.exe,0.0,19.9,,STATS,Normal
1790947169.774,svchost.exe,services.exe,0.0,12.6,,STATS,Normal
1790947169.774,svchost.exe,services.exe,0.0,6.8,,STATS,Normal
1790947169.774,svchost.exe,services.exe,0.0,12.2,,STATS,Normal
1790947169.774,svchost.exe,services.exe,0.0,22.9,,STATS,Normal
1790947169.774,svchost.exe,services.exe,0.0,17.7,,STATS,Normal
1790947169.774,igfxEM.exe,igfxCUIService.exe,0.0,17.2,,STATS,Normal
1790947169.774,svchost.exe,services.exe,0.0,16.5,,STATS,Normal
1790947169.774,svchost.exe,services.exe,0.0,13.5,,STATS,Normal
1790947169.774,svchost.exe,services.exe,0.0,14.9,,STATS,Normal
1790947169.774,svchost.exe,services.exe,0.0,30.5,,STATS,Normal
1790947169.774,svchost.exe,services.exe,0.0,12.5,,STATS,Normal
1790947169.774,svchost.exe,services.exe,0.0,13.9,,STATS,Normal
1790947169.774,IntelCpHeciSvc.exe,services.exe,0.0,9.3,,STATS,Normal
1790947169.774,svchost.exe,services.exe,0.0,23.6,,STATS,Normal
1790947169.774,brave.exe,brave.exe,0.0,363.4,,STATS,Normal
1790947169.774,svchost.exe,services.exe,0.0,7.9,,STATS,Normal
1790947169.774,svchost.exe,services.exe,0.0,22.3,,STATS,Normal
1790947169.774,svchost.exe,services.exe,0.0,10.2,,STATS,Normal
1790947169.774,NVDisplay.Container.exe,services.exe,0.0,36.6,,STATS,Normal
1790947169.774,NVIDIA Overlay.exe,NVIDIA Overlay.exe,0.0,93.7,,STATS,Normal
1790947169.774,svchost.exe,services.exe,0.0,12.0,,STATS,Normal
1790947169.774,PresentationFontCache.exe,services.exe,0.0,19.6,,STATS,Normal
1790947169.774,dllhost.exe,svchost.exe,0.0,21.2,,STATS,Normal
1790947169.774,svchost.exe,services.exe,0.88,18.8,,STATS,Normal
1790947169.774,svchost.exe,services.exe,0.0,28.6,,STATS,Normal
1790947169.774,svchost.exe,services.exe,0.0,10.1,,STATS,Normal
1790947169.774,svchost.exe,services.exe,0.0,7.3,,STATS,Normal
1790947169.774,svchost.exe,services.exe,0.0,18.5,,STATS,Normal
1790947169.774,MemCompression,System,0.0,564.9,,STATS,Normal
1790947169.774,svchost.exe,services.exe,0.0,11.6,,STATS,Normal
1790947169.774,svchost.exe,services.exe,0.0,19.7,,STATS,Normal
1790947169.774,igfxCUIService.exe,services.exe,0.0,12.0,,STATS,Normal
1790947169.774,svchost.exe,services.exe,0.0,9.0,,STATS,Normal
1790947169.774,svchost.exe,services.exe,0.0,12.4,,STATS,Normal
1790947169.774,svchost.exe,services.exe,0.0,9.4,,STATS,Normal
1790947169.774,svchost.exe,services.exe,0.0,24.8,,STATS,Normal
1790947169.774,MicrosoftStartFeedProvider.exe,svchost.exe,0.0,42.3,,STATS,Normal
1790947169.774,SystemSettings.exe,svchost.exe,0.0,3.6,,STATS,Normal
1790947169.774,svchost.exe,services.exe,0.0,57.7,,STATS,Normal
1790947169.774,svchost.exe,services.exe,0.0,11.1,,STATS,Normal
1790947169.774,svchost.exe,services.exe,0.0,14.7,,STATS,Normal
1790947169.774,Code.exe,Code.exe,0.0,52.0,,STATS,Normal
1790947169.774,svchost.exe,services.exe,0.0,10.5,,STATS,Normal
1790947169.774,svchost.exe,services.exe,0.0,24.9,,STATS,Normal
1790947169.774,svchost.exe,services.exe,0.0,12.4,,STATS,Normal
1790947169.774,msedge.exe,msedge.exe,0.0,18.1,,STATS,Normal
1790947169.774,svchost.exe,services.exe,0.0,21.1,,STATS,Normal
1790947169.774,svchost.exe,services.exe,0.0,10.8,,STATS,Normal
1790947169.774,svchost.exe,services.exe,0.0,13.3,,STATS,Normal
1790947169.774,svchost.exe,services.exe,0.0,30.8,,STATS,Normal
1790947169.774,powershell.exe,Code.exe,0.0,71.1,,STATS,Normal
1790947169.774,brave.exe,brave.exe,0.0,54.2,,STATS,Normal
1790947169.774,svchost.exe,services.exe,0.0,9.0,,STATS,Normal
1790947169.774,svchost.exe,services.exe,0.0,29.4,,STATS,Normal
1790947169.774,svchost.exe,services.exe,0.0,11.3,,STATS,Normal
1790947169.774,AsusOptimization.exe,services.exe,0.0,10.1,,STATS,Normal
1790947169.774,svchost.exe,services.exe,0.0,20.5,,STATS,Normal
1790947169.774,svchost.exe,services.exe,0.0,12.8,,STATS,Normal
1790947169.774,spoolsv.exe,services.exe,0.0,26.7,,STATS,Normal
1790947169.774,svchost.exe,services.exe,0.0,10.0,,STATS,Normal
1790947169.774,backgroundTaskHost.exe,svchost.exe,0.0,62.5,,STATS,Normal
1790947169.774,ArmouryCrateControlInterface.exe,services.exe,0.0,11.7,,STATS,Normal
1790947169.774,AsusSoftwareManager.exe,services.exe,0.0,21.9,,STATS,Normal
1790947169.774,AsusSwitch.exe,services.exe,0.0,9.5,,STATS,Normal
1790947169.774,AsusSystemAnalysis.exe,services.exe,0.0,17.2,,STATS,Normal
1790947169.774,svchost.exe,services.exe,0.0,43.1,,STATS,Normal
1790947169.774,AsusAppService.exe,services.exe,0.0,25.2,,STATS,Normal
1790947169.774,AsusSystemDiagnosis.exe,services.exe,0.0,12.2,,STATS,Normal
1790947169.774,DtsApo4Service.exe,services.exe,0.0,20.4,,STATS,Normal
1790947169.774,svchost.exe,services.exe,0.0,16.6,,STATS,Normal
1790947169.774,cmw_srv.exe,services.exe,0.0,90.1,,STATS,Normal
1790947169.774,esif_uf.exe,services.exe,0.0,7.3,,STATS,Normal
1790947169.774,OneApp.IGCC.WinService.exe,services.exe,0.0,48.5,,STATS,Normal
1790947169.774,svchost.exe,services.exe,0.0,28.8,,STATS,Normal
1790947169.774,svchost.exe,services.exe,0.0,15.3,,STATS,Normal
1790947169.774,MpDefenderCoreService.exe,services.exe,0.0,24.3,,STATS,Normal
1790947169.774,nvcontainer.exe,services.exe,0.0,40.0,,STATS,Normal
1790947169.774,svchost.exe,services.exe,0.0,12.7,,STATS,Normal
1790947169.774,RstMwService.exe,services.exe,0.0,8.4,,STATS,Normal
1790947169.774,svchost.exe,services.exe,0.0,7.1,,STATS,Normal
1790947169.774,svchost.exe,services.exe,0.0,21.8,,STATS,Normal
1790947169.774,MsMpEng.exe,services.exe,0.39,308.5,,STATS,Normal
1790947169.774,WMIRegistrationService.exe,services.exe,0.0,13.1,,STATS,Normal
1790947169.774,RtkAudUService64.exe,services.exe,0.0,14.9,,STATS,Normal
1790947169.774,svchost.exe,services.exe,0.0,16.1,,STATS,Normal
1790947169.774,brave.exe,brave.exe,0.0,69.4,,STATS,Normal
1790947169.774,msedgewebview2.exe,msedgewebview2.exe,0.0,12.2,,STATS,Normal
1790947169.774,svchost.exe,services.exe,0.0,14.1,,STATS,Normal
1790947169.774,jhi_service.exe,services.exe,0.0,7.9,,STATS,Normal
1790947169.774,brave.exe,brave.exe,0.0,126.4,,STATS,Normal
1790947169.774,svchost.exe,services.exe,0.0,15.4,,STATS,Normal
1790947169.774,msedgewebview2.exe,msedgewebview2.exe,0.0,18.3,,STATS,Normal
1790947169.774,csrss.exe,,0.0,8.6,,STATS,Normal
1790947169.774,svchost.exe,services.exe,0.0,34.1,,STATS,Normal
1790947169.774,Code.exe,Code.exe,0.0,150.6,,STATS,Normal
1790947169.774,dwm.exe,winlogon.exe,0.1,243.3,,STATS,Normal
1790947169.774,NgcIso.exe,svchost.exe,0.0,4.1,,STATS,Normal
1790947169.774,winlogon.exe,,0.0,23.6,,STATS,Normal
1790947169.774,brave.exe,explorer.exe,0.29,289.2,,STATS,Normal
1790947169.774,fontdrvhost.exe,winlogon.exe,0.0,8.7,,STATS,Normal
1790947169.774,IGCC.exe,svchost.exe,0.0,29.0,,STATS,Normal
1790947169.774,brave.exe,brave.exe,1.36,258.1,,STATS,Normal
1790947169.774,brave.exe,brave.exe,0.0,175.3,,STATS,Normal
1790947169.774,svchost.exe,services.exe,0.0,10.9,,STATS,Normal
1790947169.774,brave.exe,brave.exe,0.0,8.8,,STATS,Normal
1790947169.774,brave.exe,brave.exe,0.0,73.2,,STATS,Normal
1790947169.774,NVIDIA Overlay.exe,NVIDIA Overlay.exe,0.0,70.3,,STATS,Normal
1790947169.774,WmiPrvSE.exe,svchost.exe,0.0,17.4,,STATS,Normal
1790947169.774,nvcontainer.exe,nvcontainer.exe,0.0,33.1,,STATS,Normal
1790947169.774,unsecapp.exe,svchost.exe,0.0,10.1,,STATS,Normal
1790947169.774,svchost.exe,services.exe,0.0,9.6,,STATS,Normal
1790947169.774,NVIDIA Overlay.exe,nvcontainer.exe,0.0,148.9,,STATS,Normal
1790947169.774,AsusOptimizationStartupTask.exe,AsusOptimization.exe,0.0,19.6,,STATS,Normal
1790947169.774,SecurityHealthSystray.exe,explorer.exe,0.0,13.0,,STATS,Normal
1790947169.774,svchost.exe,services.exe,0.0,27.7,,STATS,Normal
1790947169.774,brave.exe,brave.exe,0.0,130.0,,STATS,Normal
1790947169.774,msedge.exe,msedge.exe,0.0,39.0,,STATS,Normal
1790947169.774,svchost.exe,services.exe,0.0,10.3,,STATS,Normal
1790947169.774,sihost.exe,svchost.exe,0.0,48.2,,STATS,Normal
1790947169.774,AppVShNotify.exe,OfficeClickToRun.exe,0.0,9.8,,STATS,Normal
1790947169.774,msedgewebview2.exe,SearchHost.exe,0.0,112.9,,STATS,Normal
1790947169.774,AsusOSD.exe,,0.0,16.4,,STATS,Normal
1790947169.774,ApplicationFrameHost.exe,svchost.exe,0.0,49.6,,STATS,Normal
1790947169.774,Code.exe,Code.exe,0.0,124.5,,STATS,Normal
1790947169.774,brave.exe,brave.exe,0.0,100.4,,STATS,Normal
1790947169.774,NVIDIA Overlay.exe,NVIDIA Overlay.exe,0.0,22.3,,STATS,Normal
1790947169.774,svchost.exe,services.exe,0.0,23.0,,STATS,Normal
1790947169.774,msedge.exe,,0.0,125.3,,STATS,Normal
1790947169.774,nvcontainer.exe,nvcontainer.exe,0.0,39.6,,STATS,Normal
1790947169.774,svchost.exe,services.exe,0.0,29.5,,STATS,Normal
1790947169.774,NisSrv.exe,services.exe,0.0,14.1,,STATS,Normal
1790947169.774,NVDisplay.Container.exe,NVDisplay.Container.exe,0.0,44.5,,STATS,Normal
1790947169.774,ctfmon.exe,svchost.exe,0.0,31.2,,STATS,Normal
1790947169.774,taskhostw.exe,svchost.exe,0.0,20.9,,STATS,Normal
1790947169.774,explorer.exe,,0.0,337.5,,STATS,Normal
1790947169.774,StartMenuExperienceHost.exe,svchost.exe,0.0,150.0,,STATS,Normal
1790947169.774,RuntimeBroker.exe,svchost.exe,0.0,80.3,,STATS,Normal
1790947169.774,brave.exe,brave.exe,4.1,455.7,,STATS,Normal
1790947169.774,msedge.exe,msedge.exe,0.0,38.4,,STATS,Normal
1790947169.774,svchost.exe,services.exe,0.0,12.6,,STATS,Normal
1790947169.774,svchost.exe,services.exe,0.0,24.3,,STATS,Normal
1790947169.774,svchost.exe,services.exe,0.0,42.7,,STATS,Normal
1790947169.774,SpotifyXboxGamebarWebView.exe,svchost.exe,0.0,69.8,,STATS,Normal
1790947169.774,SearchIndexer.exe,services.exe,0.0,45.2,,STATS,Normal
1790947169.774,Code.exe,explorer.exe,0.0,151.4,,STATS,Normal
1790947169.774,svchost.exe,services.exe,0.0,43.8,,STATS,Normal
1790947169.774,svchost.exe,services.exe,0.0,11.2,,STATS,Normal
1790947169.774,CrossDeviceResume.exe,sihost.exe,0.0,52.4,,STATS,Normal
1790947169.774,brave.exe,brave.exe,0.0,270.4,,STATS,Normal
1790947169.774,dllhost.exe,svchost.exe,0.0,20.4,,STATS,Normal
1790947169.774,Code.exe,Code.exe,0.0,261.4,,STATS,Normal
1790947169.774,brave.exe,brave.exe,0.0,23.6,,STATS,Normal
1790947169.774,WidgetService.exe,svchost.exe,0.0,25.0,,STATS,Normal
1790947169.774,nvcontainer.exe,nvcontainer.exe,0.0,90.5,,STATS,Normal
1790947169.774,svchost.exe,services.exe,0.0,24.3,,STATS,Normal
1790947169.774,DefenderSessionHelper.exe,MsMpEng.exe,0.0,6.4,,STATS,Normal
1790947169.774,svchost.exe,services.exe,0.0,70.7,,STATS,Normal
1790947169.774,UserOOBEBroker.exe,svchost.exe,0.0,11.1,,STATS,Normal
1790947169.774,nvsphelper64.exe,nvcontainer.exe,0.1,16.0,,STATS,Normal
1790947169.774,powershell.exe,explorer.exe,0.0,79.2,,STATS,Normal
1790947169.774,svchost.exe,services.exe,0.0,32.3,,STATS,Normal
1790947169.774,WidgetBoard.exe,svchost.exe,0.0,29.1,,STATS,Normal
1790947169.774,brave.exe,brave.exe,0.0,46.7,,STATS,Normal
1790947169.774,SecurityHealthService.exe,services.exe,0.0,22.8,,STATS,Normal
1790947169.774,svchost.exe,services.exe,0.0,14.7,,STATS,Normal
1790947169.774,dllhost.exe,svchost.exe,0.0,12.6,,STATS,Normal
1790947169.774,svchost.exe,services.exe,0.0,18.6,,STATS,Normal
1790947169.774,ArmouryCrateKeyControl.exe,ArmouryCrateControlInterface.exe,0.0,46.2,,STATS,Normal
1790947169.774,conhost.exe,powershell.exe,0.0,23.5,,STATS,Normal
1790947169.774,Code.exe,Code.exe,0.0,111.4,,STATS,Normal
1790947169.774,pet.exe,Code.exe,0.0,8.1,,STATS,Normal
1790947169.774,svchost.exe,services.exe,0.0,10.2,,STATS,Normal
1790947169.774,SDXHelper.exe,svchost.exe,0.0,30.5,,STATS,Normal
1790947169.774,NVIDIA Overlay.exe,NVIDIA Overlay.exe,0.0,37.0,,STATS,Normal
1790947169.774,svchost.exe,services.exe,0.0,16.0,,STATS,Normal
1790947169.774,OfficeClickToRun.exe,services.exe,0.0,58.8,,STATS,Normal
1790947169.774,conhost.exe,pet.exe,0.0,6.8,,STATS,Normal
1790947169.774,RuntimeBroker.exe,svchost.exe,0.0,19.2,,STATS,Normal
1790947169.774,TextInputHost.exe,svchost.exe,0.0,128.4,,STATS,Normal
1790947169.774,svchost.exe,services.exe,0.0,7.6,,STATS,Normal
1790947169.774,msedge.exe,msedge.exe,0.0,12.2,,STATS,Normal
1790947169.774,AsusSoftwareManagerAgent.exe,AsusSoftwareManager.exe,0.0,43.7,,STATS,Normal
1790947169.774,wlanext.exe,svchost.exe,0.0,11.2,,STATS,Normal
1790947169.774,copilot-runtime.exe,Code.exe,0.0,15.9,,STATS,Normal
1790947169.774,AppActions.exe,svchost.exe,0.0,39.7,,STATS,Normal
1790947169.774,brave.exe,brave.exe,0.0,64.6,,STATS,Normal
1790947169.774,SearchHost.exe,svchost.exe,0.0,138.0,,STATS,Normal
1790947169.774,svchost.exe,services.exe,0.0,25.5,,STATS,Normal
1790947169.774,brave.exe,brave.exe,0.0,119.7,,STATS,Normal
1790947169.774,msedgewebview2.exe,msedgewebview2.exe,0.0,122.3,,STATS,Normal
1790947169.774,OpenConsole.exe,Code.exe,0.0,11.2,,STATS,Normal
1790947169.774,brave.exe,brave.exe,0.0,71.3,,STATS,Normal
1790947169.774,svchost.exe,services.exe,0.0,7.6,,STATS,Normal
1790947169.774,RuntimeBroker.exe,svchost.exe,0.0,29.2,,STATS,Normal
1790947169.774,Intel_PIE_Service.exe,services.exe,0.0,11.8,,STATS,Normal
1790947169.774,Code.exe,Code.exe,0.0,103.2,,STATS,Normal
1790947169.774,Code.exe,Code.exe,0.0,33.0,,STATS,Normal
1790947169.774,brave.exe,brave.exe,0.0,155.4,,STATS,Normal
1790947169.774,dllhost.exe,svchost.exe,0.0,11.0,,STATS,Normal
1790947169.774,msedgewebview2.exe,msedgewebview2.exe,0.0,82.8,,STATS,Normal
1790947169.774,msedgewebview2.exe,msedgewebview2.exe,0.0,40.3,,STATS,Normal
1790947169.774,Code.exe,Code.exe,0.0,249.1,,STATS,Normal
1790947169.774,conhost.exe,copilot-runtime.exe,0.0,6.9,,STATS,Normal
1790947169.774,brave.exe,brave.exe,0.0,23.0,,STATS,Normal
1790947169.774,brave.exe,brave.exe,0.0,73.3,,STATS,Normal
1790947169.774,Code.exe,Code.exe,0.0,565.2,,STATS,Normal
1790947169.774,conhost.exe,powershell.exe,0.0,21.8,,STATS,Normal
1790947169.774,powershell.exe,explorer.exe,0.0,78.4,,STATS,Normal
1790947169.774,python.exe,powershell.exe,0.1,23.8,,STATS,Normal
1790947169.774,ShellHost.exe,sihost.exe,0.0,55.2,,STATS,Normal
1790947169.774,svchost.exe,services.exe,0.0,9.7,,STATS,Normal
1790947169.774,brave.exe,brave.exe,0.0,395.9,,STATS,Normal
1790947169.774,brave.exe,brave.exe,0.0,73.0,,STATS,Normal
1790947169.774,audiodg.exe,svchost.exe,0.0,22.6,,STATS,Normal
1790947169.774,brave.exe,brave.exe,0.0,58.9,,STATS,Normal
1790947169.774,brave.exe,brave.exe,0.0,31.9,,STATS,Normal
1790947177.779,dllhost.exe,svchost.exe,,10.3,,START,Normal
1790947177.779,brave.exe,brave.exe,,,,EXIT,Normal
1790947179.789,smartscreen.exe,svchost.exe,,12.9,,START,Normal
1790947181.841,msedge.exe,msedge.exe,,47.1,,START,Normal
1790947181.841,msedge.exe,msedge.exe,,20.6,,START,Normal
1790947181.841,msedge.exe,msedge.exe,,33.1,,START,Normal
1790947181.841,msedge.exe,msedge.exe,,113.2,,START,Normal
1790947181.841,svchost.exe,services.exe,,24.7,,START,Normal
1790947181.841,msedge.exe,msedge.exe,,93.4,,START,Normal
1790947181.841,msedge.exe,msedge.exe,,17.2,,START,Normal
1790947183.874,msedge.exe,msedge.exe,,10.0,,START,Normal
1790947183.874,identity_helper.exe,msedge.exe,,20.6,,START,Normal
1790947183.874,msedge.exe,msedge.exe,,52.5,,START,Normal
1790947183.874,msedge.exe,msedge.exe,,18.7,,START,Normal
1790947183.874,msedge.exe,msedge.exe,,40.4,,START,Normal
1790947183.874,powershell.exe,python.exe,,59.4,,START,Normal
1790947183.874,svchost.exe,services.exe,,11.0,,START,Normal
1790947183.874,msedge.exe,,,135.8,,START,Normal
1790947183.874,msedge.exe,msedge.exe,,17.2,,START,Normal
1790947183.874,msedge.exe,msedge.exe,,,,EXIT,Normal
1790947183.874,msedge.exe,msedge.exe,,,,EXIT,Normal
1790947183.874,msedge.exe,,,,,EXIT,Normal
1790947183.874,msedge.exe,msedge.exe,,,,EXIT,Normal
1790947183.874,msedge.exe,msedge.exe,,,,EXIT,Normal
1790947183.874,dllhost.exe,svchost.exe,,,,EXIT,Normal
1790947183.874,msedge.exe,msedge.exe,,,,EXIT,Normal
1790947183.874,msedge.exe,msedge.exe,,,,EXIT,Normal
1790947183.874,msedge.exe,msedge.exe,,,,EXIT,Normal
1790947183.874,msedge.exe,msedge.exe,,,,EXIT,Normal
1790947183.874,msedge.exe,msedge.exe,,,,EXIT,Normal
1790947183.874,msedge.exe,msedge.exe,,,,EXIT,Normal
1790947185.834,msedge.exe,msedge.exe,,20.7,,START,Normal
1790947185.834,msedge.exe,msedge.exe,,33.1,,START,Normal
1790947185.834,msedge.exe,msedge.exe,,49.7,,START,Normal
1790947185.834,msedge.exe,msedge.exe,,94.1,,START,Normal
1790947185.834,msedge.exe,msedge.exe,,102.6,,START,Normal
1790947185.834,powershell.exe,python.exe,,,,EXIT,Normal
1790947187.8,msedge.exe,msedge.exe,,63.4,,START,Normal
1790947189.838,msedge.exe,msedge.exe,,40.6,,START,Normal
1790947189.838,msedge.exe,,,146.8,,START,Normal
1790947189.838,identity_helper.exe,msedge.exe,,40.2,,START,Normal
1790947189.838,msedge.exe,msedge.exe,,17.2,,START,Normal
1790947189.838,msedge.exe,msedge.exe,,10.0,,START,Normal
1790947189.838,msedge.exe,msedge.exe,,49.2,,START,Normal
1790947189.838,msedge.exe,msedge.exe,,18.7,,START,Normal
1790947189.838,msedge.exe,msedge.exe,,,,EXIT,Normal
1790947189.838,identity_helper.exe,msedge.exe,,,,EXIT,Normal
1790947189.838,msedge.exe,msedge.exe,,,,EXIT,Normal
1790947189.838,msedge.exe,msedge.exe,,,,EXIT,Normal
1790947189.838,msedge.exe,msedge.exe,,,,EXIT,Normal
1790947189.838,msedge.exe,,,,,EXIT,Normal
1790947189.838,msedge.exe,msedge.exe,,,,EXIT,Normal
1790947189.838,msedge.exe,msedge.exe,,,,EXIT,Normal
1790947189.838,msedge.exe,msedge.exe,,,,EXIT,Normal
1790947189.838,msedge.exe,msedge.exe,,,,EXIT,Normal
1790947189.838,msedge.exe,msedge.exe,,,,EXIT,Normal
1790947189.838,msedge.exe,msedge.exe,,,,EXIT,Normal
1790947189.838,msedge.exe,msedge.exe,,,,EXIT,Normal
1790947199.785,powershell.exe,python.exe,,67.3,,START,Normal
1790947199.785,identity_helper.exe,msedge.exe,,,,EXIT,Normal
1790947199.785,System Idle Process,,77.64,0.0,,STATS,Normal
1790947199.785,System,System Idle Process,0.2,9.3,,STATS,Normal
1790947199.785,,,0.0,0.1,,STATS,Normal
1790947199.785,Registry,,0.0,46.8,,STATS,Normal
1790947199.785,Code.exe,Code.exe,0.0,120.8,,STATS,Normal
1790947199.785,smss.exe,System,0.0,1.5,,STATS,Normal
1790947199.785,csrss.exe,,0.0,6.8,,STATS,Normal
1790947199.785,svchost.exe,services.exe,0.0,12.7,,STATS,Normal
1790947199.785,wininit.exe,,0.0,9.6,,STATS,Normal
1790947199.785,services.exe,wininit.exe,0.0,10.8,,STATS,Normal
1790947199.785,svchost.exe,services.exe,0.0,12.2,,STATS,Normal
1790947199.785,LsaIso.exe,wininit.exe,0.0,3.6,,STATS,Normal
1790947199.785,lsass.exe,wininit.exe,0.0,32.5,,STATS,Normal
1790947199.785,IntelCpHDCPSvc.exe,services.exe,0.0,9.2,,STATS,Normal
1790947199.785,svchost.exe,services.exe,0.0,7.6,,STATS,Normal
1790947199.785,svchost.exe,services.exe,0.0,44.6,,STATS,Normal
1790947199.785,fontdrvhost.exe,wininit.exe,0.0,4.3,,STATS,Normal
1790947199.785,WUDFHost.exe,services.exe,0.0,21.7,,STATS,Normal
1790947199.785,svchost.exe,services.exe,0.0,20.4,,STATS,Normal
1790947199.785,svchost.exe,services.exe,0.0,12.7,,STATS,Normal
1790947199.785,svchost.exe,services.exe,0.0,6.8,,STATS,Normal
1790947199.785,svchost.exe,services.exe,0.0,12.2,,STATS,Normal
1790947199.785,svchost.exe,services.exe,0.0,22.9,,STATS,Normal
1790947199.785,svchost.exe,services.exe,0.0,17.7,,STATS,Normal
1790947199.785,igfxEM.exe,igfxCUIService.exe,0.0,17.2,,STATS,Normal
1790947199.785,svchost.exe,services.exe,0.0,16.5,,STATS,Normal
1790947199.785,svchost.exe,services.exe,0.0,13.5,,STATS,Normal
1790947199.785,svchost.exe,services.exe,0.0,14.9,,STATS,Normal
1790947199.785,svchost.exe,services.exe,0.0,30.5,,STATS,Normal
1790947199.785,svchost.exe,services.exe,0.0,12.8,,STATS,Normal
1790947199.785,svchost.exe,services.exe,0.0,13.9,,STATS,Normal
1790947199.785,IntelCpHeciSvc.exe,services.exe,0.0,9.3,,STATS,Normal
1790947199.785,svchost.exe,services.exe,0.0,23.7,,STATS,Normal
1790947199.785,brave.exe,brave.exe,0.0,362.7,,STATS,Normal
1790947199.785,svchost.exe,services.exe,0.0,8.0,,STATS,Normal
1790947199.785,svchost.exe,services.exe,0.0,22.5,,STATS,Normal
1790947199.785,svchost.exe,services.exe,0.0,10.2,,STATS,Normal
1790947199.785,NVDisplay.Container.exe,services.exe,0.0,36.6,,STATS,Normal
1790947199.785,NVIDIA Overlay.exe,NVIDIA Overlay.exe,0.0,93.7,,STATS,Normal
1790947199.785,svchost.exe,services.exe,0.0,12.1,,STATS,Normal
1790947199.785,PresentationFontCache.exe,services.exe,0.0,19.6,,STATS,Normal
1790947199.785,dllhost.exe,svchost.exe,0.0,21.2,,STATS,Normal
1790947199.785,svchost.exe,services.exe,0.49,19.8,,STATS,Normal
1790947199.785,svchost.exe,services.exe,0.0,28.7,,STATS,Normal
1790947199.785,svchost.exe,services.exe,0.0,10.1,,STATS,Normal
1790947199.785,svchost.exe,services.exe,0.0,7.3,,STATS,Normal
1790947199.785,svchost.exe,services.exe,0.0,18.6,,STATS,Normal
1790947199.785,MemCompression,System,0.0,551.3,,STATS,Normal
1790947199.785,svchost.exe,services.exe,0.0,11.6,,STATS,Normal
1790947199.785,svchost.exe,services.exe,0.0,19.7,,STATS,Normal
1790947199.785,igfxCUIService.exe,services.exe,0.0,12.0,,STATS,Normal
1790947199.785,svchost.exe,services.exe,0.0,9.0,,STATS,Normal
1790947199.785,svchost.exe,services.exe,0.0,12.4,,STATS,Normal
1790947199.785,svchost.exe,services.exe,0.0,9.4,,STATS,Normal
1790947199.785,svchost.exe,services.exe,0.0,25.3,,STATS,Normal
1790947199.785,MicrosoftStartFeedProvider.exe,svchost.exe,0.0,42.3,,STATS,Normal
1790947199.785,SystemSettings.exe,svchost.exe,0.0,3.6,,STATS,Normal
1790947199.785,svchost.exe,services.exe,0.0,57.7,,STATS,Normal
1790947199.785,svchost.exe,services.exe,0.0,11.2,,STATS,Normal
1790947199.785,svchost.exe,services.exe,0.0,14.7,,STATS,Normal
1790947199.785,Code.exe,Code.exe,0.0,52.0,,STATS,Normal
1790947199.785,svchost.exe,services.exe,0.0,10.6,,STATS,Normal
1790947199.785,svchost.exe,services.exe,0.0,25.6,,STATS,Normal
1790947199.785,svchost.exe,services.exe,0.0,13.1,,STATS,Normal
1790947199.785,svchost.exe,services.exe,0.0,22.6,,STATS,Normal
1790947199.785,svchost.exe,services.exe,0.0,11.1,,STATS,Normal
1790947199.785,svchost.exe,services.exe,0.0,13.3,,STATS,Normal
1790947199.785,svchost.exe,services.exe,0.0,30.8,,STATS,Normal
1790947199.785,powershell.exe,Code.exe,0.0,71.1,,STATS,Normal
1790947199.785,brave.exe,brave.exe,0.0,54.1,,STATS,Normal
1790947199.785,svchost.exe,services.exe,0.0,9.0,,STATS,Normal
1790947199.785,svchost.exe,services.exe,0.0,29.4,,STATS,Normal
1790947199.785,svchost.exe,services.exe,0.0,11.3,,STATS,Normal
1790947199.785,AsusOptimization.exe,services.exe,0.0,10.1,,STATS,Normal
1790947199.785,svchost.exe,services.exe,0.0,20.5,,STATS,Normal
1790947199.785,svchost.exe,services.exe,0.0,12.8,,STATS,Normal
1790947199.785,spoolsv.exe,services.exe,0.0,26.7,,STATS,Normal
1790947199.785,svchost.exe,services.exe,0.0,10.1,,STATS,Normal
1790947199.785,backgroundTaskHost.exe,svchost.exe,0.0,62.6,,STATS,Normal
1790947199.785,ArmouryCrateControlInterface.exe,services.exe,0.0,11.7,,STATS,Normal
1790947199.785,AsusSoftwareManager.exe,services.exe,0.0,21.9,,STATS,Normal
1790947199.785,AsusSwitch.exe,services.exe,0.0,9.5,,STATS,Normal
1790947199.785,AsusSystemAnalysis.exe,services.exe,0.0,17.2,,STATS,Normal
1790947199.785,svchost.exe,services.exe,0.0,43.9,,STATS,Normal
1790947199.785,AsusAppService.exe,services.exe,0.0,25.2,,STATS,Normal
1790947199.785,AsusSystemDiagnosis.exe,services.exe,0.0,12.2,,STATS,Normal
1790947199.785,DtsApo4Service.exe,services.exe,0.0,20.4,,STATS,Normal
1790947199.785,svchost.exe,services.exe,0.0,16.8,,STATS,Normal
1790947199.785,cmw_srv.exe,services.exe,0.0,90.0,,STATS,Normal
1790947199.785,esif_uf.exe,services.exe,0.0,7.3,,STATS,Normal
1790947199.785,OneApp.IGCC.WinService.exe,services.exe,0.0,48.5,,STATS,Normal
1790947199.785,svchost.exe,services.exe,0.0,28.8,,STATS,Normal
1790947199.785,svchost.exe,services.exe,0.0,15.3,,STATS,Normal
1790947199.785,MpDefenderCoreService.exe,services.exe,0.0,24.2,,STATS,Normal
1790947199.785,nvcontainer.exe,services.exe,0.0,40.0,,STATS,Normal
1790947199.785,svchost.exe,services.exe,0.0,12.8,,STATS,Normal
1790947199.785,RstMwService.exe,services.exe,0.0,8.4,,STATS,Normal
1790947199.785,svchost.exe,services.exe,0.0,7.1,,STATS,Normal
1790947199.785,svchost.exe,services.exe,0.0,21.8,,STATS,Normal
1790947199.785,MsMpEng.exe,services.exe,0.97,327.5,,STATS,Normal
1790947199.785,WMIRegistrationService.exe,services.exe,0.0,13.1,,STATS,Normal
1790947199.785,RtkAudUService64.exe,services.exe,0.0,14.9,,STATS,Normal
1790947199.785,svchost.exe,services.exe,0.0,16.1,,STATS,Normal
1790947199.785,brave.exe,brave.exe,0.0,69.4,,STATS,Normal
1790947199.785,msedgewebview2.exe,msedgewebview2.exe,0.0,12.2,,STATS,Normal
1790947199.785,svchost.exe,services.exe,0.0,14.1,,STATS,Normal
1790947199.785,jhi_service.exe,services.exe,0.0,7.9,,STATS,Normal
1790947199.785,brave.exe,brave.exe,0.0,126.4,,STATS,Normal
1790947199.785,svchost.exe,services.exe,0.0,15.4,,STATS,Normal
1790947199.785,msedgewebview2.exe,msedgewebview2.exe,0.0,18.3,,STATS,Normal
1790947199.785,csrss.exe,,0.0,8.6,,STATS,Normal
1790947199.785,svchost.exe,services.exe,0.0,34.2,,STATS,Normal
1790947199.785,Code.exe,Code.exe,0.0,150.6,,STATS,Normal
1790947199.785,dwm.exe,winlogon.exe,0.1,247.8,,STATS,Normal
1790947199.785,NgcIso.exe,svchost.exe,0.0,4.1,,STATS,Normal
1790947199.785,winlogon.exe,,0.0,23.6,,STATS,Normal
1790947199.785,brave.exe,explorer.exe,0.1,284.5,,STATS,Normal
1790947199.785,fontdrvhost.exe,winlogon.exe,0.0,8.7,,STATS,Normal
1790947199.785,IGCC.exe,svchost.exe,0.0,29.0,,STATS,Normal
1790947199.785,brave.exe,brave.exe,0.89,257.8,,STATS,Normal
1790947199.785,brave.exe,brave.exe,0.0,175.3,,STATS,Normal
1790947199.785,svchost.exe,services.exe,0.0,10.9,,STATS,Normal
1790947199.785,brave.exe,brave.exe,0.0,8.8,,STATS,Normal
1790947199.785,brave.exe,brave.exe,0.0,73.2,,STATS,Normal
1790947199.785,NVIDIA Overlay.exe,NVIDIA Overlay.exe,0.0,70.3,,STATS,Normal
1790947199.785,WmiPrvSE.exe,svchost.exe,0.0,17.4,,STATS,Normal
1790947199.785,nvcontainer.exe,nvcontainer.exe,0.0,33.2,,STATS,Normal
1790947199.785,unsecapp.exe,svchost.exe,0.0,10.1,,STATS,Normal
1790947199.785,svchost.exe,services.exe,0.0,9.6,,STATS,Normal
1790947199.785,NVIDIA Overlay.exe,nvcontainer.exe,0.0,148.9,,STATS,Normal
1790947199.785,AsusOptimizationStartupTask.exe,AsusOptimization.exe,0.0,19.6,,STATS,Normal
1790947199.785,SecurityHealthSystray.exe,explorer.exe,0.0,13.2,,STATS,Normal
1790947199.785,svchost.exe,services.exe,0.0,27.8,,STATS,Normal
1790947199.785,brave.exe,brave.exe,0.0,130.2,,STATS,Normal
1790947199.785,svchost.exe,services.exe,0.0,10.3,,STATS,Normal
1790947199.785,sihost.exe,svchost.exe,0.0,48.2,,STATS,Normal
1790947199.785,AppVShNotify.exe,OfficeClickToRun.exe,0.0,9.8,,STATS,Normal
1790947199.785,msedgewebview2.exe,SearchHost.exe,0.0,112.9,,STATS,Normal
1790947199.785,AsusOSD.exe,,0.0,16.5,,STATS,Normal
1790947199.785,ApplicationFrameHost.exe,svchost.exe,0.0,49.6,,STATS,Normal
1790947199.785,Code.exe,Code.exe,0.0,124.5,,STATS,Normal
1790947199.785,brave.exe,brave.exe,0.0,100.4,,STATS,Normal
1790947199.785,NVIDIA Overlay.exe,NVIDIA Overlay.exe,0.0,22.3,,STATS,Normal
1790947199.785,svchost.exe,services.exe,0.0,23.0,,STATS,Normal
1790947199.785,nvcontainer.exe,nvcontainer.exe,0.0,39.6,,STATS,Normal
1790947199.785,svchost.exe,services.exe,0.0,29.6,,STATS,Normal
1790947199.785,NisSrv.exe,services.exe,0.0,14.1,,STATS,Normal
1790947199.785,NVDisplay.Container.exe,NVDisplay.Container.exe,0.0,44.5,,STATS,Normal
1790947199.785,ctfmon.exe,svchost.exe,0.0,31.2,,STATS,Normal
1790947199.785,taskhostw.exe,svchost.exe,0.0,21.2,,STATS,Normal
1790947199.785,explorer.exe,,0.0,351.7,,STATS,Normal
1790947199.785,StartMenuExperienceHost.exe,svchost.exe,0.0,150.1,,STATS,Normal
1790947199.785,RuntimeBroker.exe,svchost.exe,0.0,80.3,,STATS,Normal
1790947199.785,brave.exe,brave.exe,14.22,462.8,,STATS,Normal
1790947199.785,svchost.exe,services.exe,0.0,12.6,,STATS,Normal
1790947199.785,svchost.exe,services.exe,0.0,24.3,,STATS,Normal
1790947199.785,svchost.exe,services.exe,0.0,43.1,,STATS,Normal
1790947199.785,SpotifyXboxGamebarWebView.exe,svchost.exe,0.0,69.8,,STATS,Normal
1790947199.785,SearchIndexer.exe,services.exe,0.0,45.2,,STATS,Normal
1790947199.785,Code.exe,explorer.exe,0.0,151.8,,STATS,Normal
1790947199.785,svchost.exe,services.exe,0.0,43.8,,STATS,Normal
1790947199.785,svchost.exe,services.exe,0.0,11.2,,STATS,Normal
1790947199.785,CrossDeviceResume.exe,sihost.exe,0.0,52.4,,STATS,Normal
1790947199.785,brave.exe,brave.exe,0.0,270.4,,STATS,Normal
1790947199.785,dllhost.exe,svchost.exe,0.0,20.4,,STATS,Normal
1790947199.785,Code.exe,Code.exe,0.0,263.5,,STATS,Normal
1790947199.785,brave.exe,brave.exe,0.0,23.6,,STATS,Normal
1790947199.785,WidgetService.exe,svchost.exe,0.0,25.0,,STATS,Normal
1790947199.785,nvcontainer.exe,nvcontainer.exe,0.0,90.5,,STATS,Normal
1790947199.785,svchost.exe,services.exe,0.0,24.3,,STATS,Normal
1790947199.785,DefenderSessionHelper.exe,MsMpEng.exe,0.0,6.4,,STATS,Normal
1790947199.785,svchost.exe,services.exe,0.0,70.7,,STATS,Normal
1790947199.785,UserOOBEBroker.exe,svchost.exe,0.0,11.1,,STATS,Normal
1790947199.785,nvsphelper64.exe,nvcontainer.exe,0.0,16.0,,STATS,Normal
1790947199.785,powershell.exe,explorer.exe,0.0,79.2,,STATS,Normal
1790947199.785,svchost.exe,services.exe,0.0,32.4,,STATS,Normal
1790947199.785,WidgetBoard.exe,svchost.exe,0.0,29.1,,STATS,Normal
1790947199.785,brave.exe,brave.exe,0.0,46.7,,STATS,Normal
1790947199.785,SecurityHealthService.exe,services.exe,0.0,23.3,,STATS,Normal
1790947199.785,svchost.exe,services.exe,0.0,14.8,,STATS,Normal
1790947199.785,dllhost.exe,svchost.exe,0.0,12.6,,STATS,Normal
1790947199.785,svchost.exe,services.exe,0.0,18.6,,STATS,Normal
1790947199.785,ArmouryCrateKeyControl.exe,ArmouryCrateControlInterface.exe,0.0,46.2,,STATS,Normal
1790947199.785,conhost.exe,powershell.exe,0.0,23.5,,STATS,Normal
1790947199.785,Code.exe,Code.exe,0.0,111.4,,STATS,Normal
1790947199.785,pet.exe,Code.exe,0.0,8.1,,STATS,Normal
1790947199.785,svchost.exe,services.exe,0.0,10.2,,STATS,Normal
1790947199.785,SDXHelper.exe,svchost.exe,0.0,31.1,,STATS,Normal
1790947199.785,NVIDIA Overlay.exe,NVIDIA Overlay.exe,0.0,37.0,,STATS,Normal
1790947199.785,svchost.exe,services.exe,0.0,16.0,,STATS,Normal
1790947199.785,OfficeClickToRun.exe,services.exe,0.0,58.8,,STATS,Normal
1790947199.785,conhost.exe,pet.exe,0.0,6.8,,STATS,Normal
1790947199.785,RuntimeBroker.exe,svchost.exe,0.0,19.2,,STATS,Normal
1790947199.785,TextInputHost.exe,svchost.exe,0.0,128.4,,STATS,Normal
1790947199.785,svchost.exe,services.exe,0.0,7.6,,STATS,Normal
1790947199.785,AsusSoftwareManagerAgent.exe,AsusSoftwareManager.exe,0.0,43.7,,STATS,Normal
1790947199.785,wlanext.exe,svchost.exe,0.0,11.2,,STATS,Normal
1790947199.785,copilot-runtime.exe,Code.exe,0.0,15.9,,STATS,Normal
1790947199.785,AppActions.exe,svchost.exe,0.0,39.7,,STATS,Normal
1790947199.785,brave.exe,brave.exe,0.0,64.6,,STATS,Normal
1790947199.785,SearchHost.exe,svchost.exe,0.0,138.1,,STATS,Normal
1790947199.785,svchost.exe,services.exe,0.0,25.5,,STATS,Normal
1790947199.785,brave.exe,brave.exe,0.0,119.7,,STATS,Normal
1790947199.785,msedgewebview2.exe,msedgewebview2.exe,0.0,122.3,,STATS,Normal
1790947199.785,OpenConsole.exe,Code.exe,0.0,11.2,,STATS,Normal
1790947199.785,brave.exe,brave.exe,0.0,67.5,,STATS,Normal
1790947199.785,svchost.exe,services.exe,0.0,7.6,,STATS,Normal
1790947199.785,RuntimeBroker.exe,svchost.exe,0.0,29.2,,STATS,Normal
1790947199.785,Intel_PIE_Service.exe,services.exe,0.0,11.8,,STATS,Normal
1790947199.785,Code.exe,Code.exe,0.0,102.7,,STATS,Normal
1790947199.785,Code.exe,Code.exe,0.0,33.0,,STATS,Normal
1790947199.785,brave.exe,brave.exe,0.0,155.2,,STATS,Normal
1790947199.785,dllhost.exe,svchost.exe,0.0,11.0,,STATS,Normal
1790947199.785,msedgewebview2.exe,msedgewebview2.exe,0.0,82.8,,STATS,Normal
1790947199.785,msedgewebview2.exe,msedgewebview2.exe,0.0,40.3,,STATS,Normal
1790947199.785,Code.exe,Code.exe,0.0,248.4,,STATS,Normal
1790947199.785,conhost.exe,copilot-runtime.exe,0.0,6.9,,STATS,Normal
1790947199.785,brave.exe,brave.exe,0.0,23.0,,STATS,Normal
1790947199.785,brave.exe,brave.exe,0.0,73.3,,STATS,Normal
1790947199.785,Code.exe,Code.exe,0.0,565.2,,STATS,Normal
1790947199.785,conhost.exe,powershell.exe,0.0,21.9,,STATS,Normal
1790947199.785,powershell.exe,explorer.exe,0.0,78.4,,STATS,Normal
1790947199.785,python.exe,powershell.exe,0.0,24.0,,STATS,Normal
1790947199.785,ShellHost.exe,sihost.exe,0.0,55.2,,STATS,Normal
1790947199.785,svchost.exe,services.exe,0.0,9.8,,STATS,Normal
1790947199.785,brave.exe,brave.exe,0.0,73.2,,STATS,Normal
1790947199.785,audiodg.exe,svchost.exe,0.0,22.6,,STATS,Normal
1790947199.785,brave.exe,brave.exe,0.0,58.9,,STATS,Normal
1790947199.785,brave.exe,brave.exe,0.0,31.9,,STATS,Normal
1790947199.785,smartscreen.exe,svchost.exe,0.1,13.1,,STATS,Normal
1790947199.785,svchost.exe,services.exe,0.0,23.4,,STATS,Normal
1790947199.785,svchost.exe,services.exe,0.0,11.0,,STATS,Normal
1790947199.785,msedge.exe,msedge.exe,0.0,40.7,,STATS,Normal
1790947199.785,msedge.exe,,0.2,147.1,,STATS,Normal
1790947199.785,msedge.exe,msedge.exe,0.0,17.2,,STATS,Normal
1790947199.785,msedge.exe,msedge.exe,0.0,10.1,,STATS,Normal
1790947199.785,msedge.exe,msedge.exe,0.0,49.2,,STATS,Normal
1790947199.785,msedge.exe,msedge.exe,0.0,18.7,,STATS,Normal
1790947199.785,powershell.exe,python.exe,,67.3,,STATS,Normal
1790947201.774,powershell.exe,python.exe,,,,EXIT,Normal
1790947219.774,msedge.exe,msedge.exe,,,,EXIT,Normal
1790947223.785,powershell.exe,python.exe,,67.3,,START,Normal
1790947225.774,powershell.exe,python.exe,,,,EXIT,Normal
1790947231.774,System Idle Process,,96.89,0.0,,STATS,Normal
1790947231.774,System,System Idle Process,0.2,9.3,,STATS,Normal
1790947231.774,,,0.0,0.1,,STATS,Normal
1790947231.774,Registry,,0.0,46.9,,STATS,Normal
1790947231.774,Code.exe,Code.exe,0.0,120.9,,STATS,Normal
1790947231.774,smss.exe,System,0.0,1.5,,STATS,Normal
1790947231.774,csrss.exe,,0.0,6.8,,STATS,Normal
1790947231.774,svchost.exe,services.exe,0.0,12.7,,STATS,Normal
1790947231.774,wininit.exe,,0.0,9.6,,STATS,Normal
1790947231.774,services.exe,wininit.exe,0.0,10.7,,STATS,Normal
1790947231.774,svchost.exe,services.exe,0.0,12.2,,STATS,Normal
1790947231.774,LsaIso.exe,wininit.exe,0.0,3.6,,STATS,Normal
1790947231.774,lsass.exe,wininit.exe,0.0,32.5,,STATS,Normal
1790947231.774,IntelCpHDCPSvc.exe,services.exe,0.0,9.2,,STATS,Normal
1790947231.774,svchost.exe,services.exe,0.0,7.6,,STATS,Normal
1790947231.774,svchost.exe,services.exe,0.0,44.6,,STATS,Normal
1790947231.774,fontdrvhost.exe,wininit.exe,0.0,4.3,,STATS,Normal
1790947231.774,WUDFHost.exe,services.exe,0.0,21.7,,STATS,Normal
1790947231.774,svchost.exe,services.exe,0.0,20.1,,STATS,Normal
1790947231.774,svchost.exe,services.exe,0.0,12.7,,STATS,Normal
1790947231.774,svchost.exe,services.exe,0.0,6.8,,STATS,Normal
1790947231.774,svchost.exe,services.exe,0.0,12.2,,STATS,Normal
1790947231.774,svchost.exe,services.exe,0.0,22.9,,STATS,Normal
1790947231.774,svchost.exe,services.exe,0.0,17.7,,STATS,Normal
1790947231.774,igfxEM.exe,igfxCUIService.exe,0.0,17.2,,STATS,Normal
1790947231.774,svchost.exe,services.exe,0.0,16.5,,STATS,Normal
1790947231.774,svchost.exe,services.exe,0.0,13.5,,STATS,Normal
1790947231.774,svchost.exe,services.exe,0.0,14.9,,STATS,Normal
1790947231.774,svchost.exe,services.exe,0.0,30.6,,STATS,Normal
1790947231.774,svchost.exe,services.exe,0.0,12.8,,STATS,Normal
1790947231.774,svchost.exe,services.exe,0.0,13.9,,STATS,Normal
1790947231.774,IntelCpHeciSvc.exe,services.exe,0.0,9.3,,STATS,Normal
1790947231.774,svchost.exe,services.exe,0.0,23.7,,STATS,Normal
1790947231.774,brave.exe,brave.exe,0.0,370.5,,STATS,Normal
1790947231.774,svchost.exe,services.exe,0.0,8.0,,STATS,Normal
1790947231.774,svchost.exe,services.exe,0.0,22.6,,STATS,Normal
1790947231.774,svchost.exe,services.exe,0.0,10.2,,STATS,Normal
1790947231.774,NVDisplay.Container.exe,services.exe,0.0,36.6,,STATS,Normal
1790947231.774,NVIDIA Overlay.exe,NVIDIA Overlay.exe,0.0,93.7,,STATS,Normal
1790947231.774,svchost.exe,services.exe,0.0,12.0,,STATS,Normal
1790947231.774,PresentationFontCache.exe,services.exe,0.0,19.6,,STATS,Normal
1790947231.774,dllhost.exe,svchost.exe,0.0,21.2,,STATS,Normal
1790947231.774,svchost.exe,services.exe,0.79,20.0,,STATS,Normal
1790947231.774,svchost.exe,services.exe,0.0,28.7,,STATS,Normal
1790947231.774,svchost.exe,services.exe,0.0,10.1,,STATS,Normal
1790947231.774,svchost.exe,services.exe,0.0,7.3,,STATS,Normal
1790947231.774,svchost.exe,services.exe,0.0,18.4,,STATS,Normal
1790947231.774,MemCompression,System,0.0,551.3,,STATS,Normal
1790947231.774,svchost.exe,services.exe,0.0,11.6,,STATS,Normal
1790947231.774,svchost.exe,services.exe,0.0,19.7,,STATS,Normal
1790947231.774,igfxCUIService.exe,services.exe,0.0,12.0,,STATS,Normal
1790947231.774,svchost.exe,services.exe,0.0,9.0,,STATS,Normal
1790947231.774,svchost.exe,services.exe,0.0,12.4,,STATS,Normal
1790947231.774,svchost.exe,services.exe,0.0,9.4,,STATS,Normal
1790947231.774,svchost.exe,services.exe,0.0,24.9,,STATS,Normal
1790947231.774,MicrosoftStartFeedProvider.exe,svchost.exe,0.0,42.3,,STATS,Normal
1790947231.774,SystemSettings.exe,svchost.exe,0.0,3.6,,STATS,Normal
1790947231.774,svchost.exe,services.exe,0.0,57.7,,STATS,Normal
1790947231.774,svchost.exe,services.exe,0.0,11.2,,STATS,Normal
1790947231.774,svchost.exe,services.exe,0.0,14.7,,STATS,Normal
1790947231.774,Code.exe,Code.exe,0.0,52.0,,STATS,Normal
1790947231.774,svchost.exe,services.exe,0.0,10.6,,STATS,Normal
1790947231.774,svchost.exe,services.exe,0.0,25.0,,STATS,Normal
1790947231.774,svchost.exe,services.exe,0.0,13.1,,STATS,Normal
1790947231.774,svchost.exe,services.exe,0.0,22.5,,STATS,Normal
1790947231.774,svchost.exe,services.exe,0.0,10.9,,STATS,Normal
1790947231.774,svchost.exe,services.exe,0.0,13.3,,STATS,Normal
1790947231.774,svchost.exe,services.exe,0.0,30.8,,STATS,Normal
1790947231.774,powershell.exe,Code.exe,0.0,71.1,,STATS,Normal
1790947231.774,brave.exe,brave.exe,0.1,53.6,,STATS,Normal
1790947231.774,svchost.exe,services.exe,0.0,9.0,,STATS,Normal
1790947231.774,svchost.exe,services.exe,0.0,29.4,,STATS,Normal
1790947231.774,svchost.exe,services.exe,0.0,11.3,,STATS,Normal
1790947231.774,AsusOptimization.exe,services.exe,0.0,10.1,,STATS,Normal
1790947231.774,svchost.exe,services.exe,0.0,20.5,,STATS,Normal
1790947231.774,svchost.exe,services.exe,0.0,12.8,,STATS,Normal
1790947231.774,spoolsv.exe,services.exe,0.0,26.7,,STATS,Normal
1790947231.774,svchost.exe,services.exe,0.0,10.0,,STATS,Normal
1790947231.774,backgroundTaskHost.exe,svchost.exe,0.0,62.6,,STATS,Normal
1790947231.774,ArmouryCrateControlInterface.exe,services.exe,0.0,11.7,,STATS,Normal
1790947231.774,AsusSoftwareManager.exe,services.exe,0.0,21.9,,STATS,Normal
1790947231.774,AsusSwitch.exe,services.exe,0.0,9.5,,STATS,Normal
1790947231.774,AsusSystemAnalysis.exe,services.exe,0.0,17.2,,STATS,Normal
1790947231.774,svchost.exe,services.exe,0.0,44.1,,STATS,Normal
1790947231.774,AsusAppService.exe,services.exe,0.0,25.2,,STATS,Normal
1790947231.774,AsusSystemDiagnosis.exe,services.exe,0.0,12.2,,STATS,Normal
1790947231.774,DtsApo4Service.exe,services.exe,0.0,20.4,,STATS,Normal
1790947231.774,svchost.exe,services.exe,0.0,16.8,,STATS,Normal
1790947231.774,cmw_srv.exe,services.exe,0.0,90.1,,STATS,Normal
1790947231.774,esif_uf.exe,services.exe,0.0,7.3,,STATS,Normal
1790947231.774,OneApp.IGCC.WinService.exe,services.exe,0.0,48.5,,STATS,Normal
1790947231.774,svchost.exe,services.exe,0.0,29.2,,STATS,Normal
1790947231.774,svchost.exe,services.exe,0.0,15.3,,STATS,Normal
1790947231.774,MpDefenderCoreService.exe,services.exe,0.0,24.2,,STATS,Normal
1790947231.774,nvcontainer.exe,services.exe,0.0,40.0,,STATS,Normal
1790947231.774,svchost.exe,services.exe,0.0,12.8,,STATS,Normal
1790947231.774,RstMwService.exe,services.exe,0.0,8.4,,STATS,Normal
1790947231.774,svchost.exe,services.exe,0.0,7.1,,STATS,Normal
1790947231.774,svchost.exe,services.exe,0.0,21.8,,STATS,Normal
1790947231.774,MsMpEng.exe,services.exe,0.29,313.6,,STATS,Normal
1790947231.774,WMIRegistrationService.exe,services.exe,0.0,13.1,,STATS,Normal
1790947231.774,RtkAudUService64.exe,services.exe,0.0,14.9,,STATS,Normal
1790947231.774,svchost.exe,services.exe,0.0,16.1,,STATS,Normal
1790947231.774,brave.exe,brave.exe,0.0,69.4,,STATS,Normal
1790947231.774,msedgewebview2.exe,msedgewebview2.exe,0.0,12.2,,STATS,Normal
1790947231.774,svchost.exe,services.exe,0.0,14.1,,STATS,Normal
1790947231.774,jhi_service.exe,services.exe,0.0,7.9,,STATS,Normal
1790947231.774,brave.exe,brave.exe,0.0,126.4,,STATS,Normal
1790947231.774,svchost.exe,services.exe,0.0,15.4,,STATS,Normal
1790947231.774,msedgewebview2.exe,msedgewebview2.exe,0.0,18.3,,STATS,Normal
1790947231.774,csrss.exe,,0.0,8.6,,STATS,Normal
1790947231.774,svchost.exe,services.exe,0.0,34.2,,STATS,Normal
1790947231.774,Code.exe,Code.exe,0.0,150.6,,STATS,Normal
1790947231.774,dwm.exe,winlogon.exe,0.1,249.7,,STATS,Normal
1790947231.774,NgcIso.exe,svchost.exe,0.0,4.1,,STATS,Normal
1790947231.774,winlogon.exe,,0.0,23.6,,STATS,Normal
1790947231.774,brave.exe,explorer.exe,0.0,284.5,,STATS,Normal
1790947231.774,fontdrvhost.exe,winlogon.exe,0.0,8.7,,STATS,Normal
1790947231.774,IGCC.exe,svchost.exe,0.0,29.0,,STATS,Normal
1790947231.774,brave.exe,brave.exe,0.2,257.2,,STATS,Normal
1790947231.774,brave.exe,brave.exe,0.0,175.3,,STATS,Normal
1790947231.774,svchost.exe,services.exe,0.0,10.9,,STATS,Normal
1790947231.774,brave.exe,brave.exe,0.0,8.8,,STATS,Normal
1790947231.774,brave.exe,brave.exe,0.0,73.2,,STATS,Normal
1790947231.774,NVIDIA Overlay.exe,NVIDIA Overlay.exe,0.0,72.5,,STATS,Normal
1790947231.774,WmiPrvSE.exe,svchost.exe,0.0,17.4,,STATS,Normal
1790947231.774,nvcontainer.exe,nvcontainer.exe,0.0,33.2,,STATS,Normal
1790947231.774,unsecapp.exe,svchost.exe,0.0,10.1,,STATS,Normal
1790947231.774,svchost.exe,services.exe,0.0,9.6,,STATS,Normal
1790947231.774,NVIDIA Overlay.exe,nvcontainer.exe,0.0,149.0,,STATS,Normal
1790947231.774,AsusOptimizationStartupTask.exe,AsusOptimization.exe,0.0,19.6,,STATS,Normal
1790947231.774,SecurityHealthSystray.exe,explorer.exe,0.0,13.2,,STATS,Normal
1790947231.774,svchost.exe,services.exe,0.0,27.8,,STATS,Normal
1790947231.774,brave.exe,brave.exe,0.0,130.2,,STATS,Normal
1790947231.774,svchost.exe,services.exe,0.0,10.3,,STATS,Normal
1790947231.774,sihost.exe,svchost.exe,0.0,48.3,,STATS,Normal
1790947231.774,AppVShNotify.exe,OfficeClickToRun.exe,0.0,9.8,,STATS,Normal
1790947231.774,msedgewebview2.exe,SearchHost.exe,0.0,112.9,,STATS,Normal
1790947231.774,AsusOSD.exe,,0.0,16.5,,STATS,Normal
1790947231.774,ApplicationFrameHost.exe,svchost.exe,0.0,49.6,,STATS,Normal
1790947231.774,Code.exe,Code.exe,0.0,124.5,,STATS,Normal
1790947231.774,brave.exe,brave.exe,0.0,100.5,,STATS,Normal
1790947231.774,NVIDIA Overlay.exe,NVIDIA Overlay.exe,0.0,22.3,,STATS,Normal
1790947231.774,svchost.exe,services.exe,0.0,22.9,,STATS,Normal
1790947231.774,nvcontainer.exe,nvcontainer.exe,0.0,39.6,,STATS,Normal
1790947231.774,svchost.exe,services.exe,0.0,29.7,,STATS,Normal
1790947231.774,NisSrv.exe,services.exe,0.0,14.1,,STATS,Normal
1790947231.774,NVDisplay.Container.exe,NVDisplay.Container.exe,0.0,44.5,,STATS,Normal
1790947231.774,ctfmon.exe,svchost.exe,0.0,31.3,,STATS,Normal
1790947231.774,taskhostw.exe,svchost.exe,0.0,21.2,,STATS,Normal
1790947231.774,explorer.exe,,0.1,351.9,,STATS,Normal
1790947231.774,StartMenuExperienceHost.exe,svchost.exe,0.0,150.0,,STATS,Normal
1790947231.774,RuntimeBroker.exe,svchost.exe,0.0,80.2,,STATS,Normal
1790947231.774,brave.exe,brave.exe,0.0,466.0,,STATS,Normal
1790947231.774,svchost.exe,services.exe,0.0,12.6,,STATS,Normal
1790947231.774,svchost.exe,services.exe,0.0,24.3,,STATS,Normal
1790947231.774,svchost.exe,services.exe,0.0,42.9,,STATS,Normal
1790947231.774,SpotifyXboxGamebarWebView.exe,svchost.exe,0.0,69.8,,STATS,Normal
1790947231.774,SearchIndexer.exe,services.exe,0.1,44.9,,STATS,Normal
1790947231.774,Code.exe,explorer.exe,0.0,152.4,,STATS,Normal
1790947231.774,svchost.exe,services.exe,0.0,44.6,,STATS,Normal
1790947231.774,svchost.exe,services.exe,0.0,11.2,,STATS,Normal
1790947231.774,CrossDeviceResume.exe,sihost.exe,0.0,52.4,,STATS,Normal
1790947231.774,brave.exe,brave.exe,0.0,270.6,,STATS,Normal
1790947231.774,dllhost.exe,svchost.exe,0.0,20.4,,STATS,Normal
1790947231.774,Code.exe,Code.exe,0.0,259.3,,STATS,Normal
1790947231.774,brave.exe,brave.exe,0.0,23.6,,STATS,Normal
1790947231.774,WidgetService.exe,svchost.exe,0.0,24.9,,STATS,Normal
1790947231.774,nvcontainer.exe,nvcontainer.exe,0.0,90.5,,STATS,Normal
1790947231.774,svchost.exe,services.exe,0.0,24.3,,STATS,Normal
1790947231.774,DefenderSessionHelper.exe,MsMpEng.exe,0.0,6.4,,STATS,Normal
1790947231.774,svchost.exe,services.exe,0.0,70.7,,STATS,Normal
1790947231.774,UserOOBEBroker.exe,svchost.exe,0.0,11.1,,STATS,Normal
1790947231.774,nvsphelper64.exe,nvcontainer.exe,0.0,16.0,,STATS,Normal
1790947231.774,powershell.exe,explorer.exe,0.0,79.2,,STATS,Normal
1790947231.774,svchost.exe,services.exe,0.0,32.5,,STATS,Normal
1790947231.774,WidgetBoard.exe,svchost.exe,0.0,29.1,,STATS,Normal
1790947231.774,brave.exe,brave.exe,0.0,46.7,,STATS,Normal
1790947231.774,SecurityHealthService.exe,services.exe,0.2,23.2,,STATS,Normal
1790947231.774,svchost.exe,services.exe,0.0,14.8,,STATS,Normal
1790947231.774,dllhost.exe,svchost.exe,0.0,12.6,,STATS,Normal
1790947231.774,svchost.exe,services.exe,0.0,18.6,,STATS,Normal
1790947231.774,ArmouryCrateKeyControl.exe,ArmouryCrateControlInterface.exe,0.0,46.2,,STATS,Normal
1790947231.774,conhost.exe,powershell.exe,0.0,23.5,,STATS,Normal
1790947231.774,Code.exe,Code.exe,0.0,111.5,,STATS,Normal
1790947231.774,pet.exe,Code.exe,0.0,8.1,,STATS,Normal
1790947231.774,svchost.exe,services.exe,0.0,10.2,,STATS,Normal
1790947231.774,SDXHelper.exe,svchost.exe,0.0,31.1,,STATS,Normal
1790947231.774,NVIDIA Overlay.exe,NVIDIA Overlay.exe,0.1,37.1,,STATS,Normal
1790947231.774,svchost.exe,services.exe,0.0,16.0,,STATS,Normal
1790947231.774,OfficeClickToRun.exe,services.exe,0.0,58.8,,STATS,Normal
1790947231.774,conhost.exe,pet.exe,0.0,6.8,,STATS,Normal
1790947231.774,RuntimeBroker.exe,svchost.exe,0.0,19.2,,STATS,Normal
1790947231.774,TextInputHost.exe,svchost.exe,0.0,128.5,,STATS,Normal
1790947231.774,svchost.exe,services.exe,0.0,7.6,,STATS,Normal
1790947231.774,AsusSoftwareManagerAgent.exe,AsusSoftwareManager.exe,0.0,43.7,,STATS,Normal
1790947231.774,wlanext.exe,svchost.exe,0.0,11.2,,STATS,Normal
1790947231.774,copilot-runtime.exe,Code.exe,0.0,15.9,,STATS,Normal
1790947231.774,AppActions.exe,svchost.exe,0.0,39.7,,STATS,Normal
1790947231.774,brave.exe,brave.exe,0.0,64.6,,STATS,Normal
1790947231.774,SearchHost.exe,svchost.exe,0.0,138.0,,STATS,Normal
1790947231.774,svchost.exe,services.exe,0.0,25.5,,STATS,Normal
1790947231.774,brave.exe,brave.exe,0.0,119.7,,STATS,Normal
1790947231.774,msedgewebview2.exe,msedgewebview2.exe,0.0,122.3,,STATS,Normal
1790947231.774,OpenConsole.exe,Code.exe,0.0,11.2,,STATS,Normal
1790947231.774,brave.exe,brave.exe,0.0,67.5,,STATS,Normal
1790947231.774,svchost.exe,services.exe,0.0,7.6,,STATS,Normal
1790947231.774,RuntimeBroker.exe,svchost.exe,0.0,29.2,,STATS,Normal
1790947231.774,Intel_PIE_Service.exe,services.exe,0.0,11.8,,STATS,Normal
1790947231.774,Code.exe,Code.exe,0.0,102.7,,STATS,Normal
1790947231.774,Code.exe,Code.exe,0.0,33.0,,STATS,Normal
1790947231.774,brave.exe,brave.exe,0.0,155.2,,STATS,Normal
1790947231.774,dllhost.exe,svchost.exe,0.0,11.0,,STATS,Normal
1790947231.774,msedgewebview2.exe,msedgewebview2.exe,0.0,82.8,,STATS,Normal
1790947231.774,msedgewebview2.exe,msedgewebview2.exe,0.0,40.3,,STATS,Normal
1790947231.774,Code.exe,Code.exe,0.0,248.4,,STATS,Normal
1790947231.774,conhost.exe,copilot-runtime.exe,0.0,6.9,,STATS,Normal
1790947231.774,brave.exe,brave.exe,0.0,23.0,,STATS,Normal
1790947231.774,brave.exe,brave.exe,0.0,73.3,,STATS,Normal
1790947231.774,Code.exe,Code.exe,0.0,565.2,,STATS,Normal
1790947231.774,conhost.exe,powershell.exe,0.0,21.9,,STATS,Normal
1790947231.774,powershell.exe,explorer.exe,0.0,78.4,,STATS,Normal
1790947231.774,python.exe,powershell.exe,0.0,23.9,,STATS,Normal
1790947231.774,ShellHost.exe,sihost.exe,0.0,55.2,,STATS,Normal
1790947231.774,svchost.exe,services.exe,0.0,9.8,,STATS,Normal
1790947231.774,brave.exe,brave.exe,0.0,74.0,,STATS,Normal
1790947231.774,audiodg.exe,svchost.exe,0.0,22.6,,STATS,Normal
1790947231.774,brave.exe,brave.exe,0.0,58.9,,STATS,Normal
1790947231.774,brave.exe,brave.exe,0.0,31.9,,STATS,Normal
1790947231.774,smartscreen.exe,svchost.exe,0.0,13.0,,STATS,Normal
1790947231.774,svchost.exe,services.exe,0.0,23.2,,STATS,Normal
1790947231.774,svchost.exe,services.exe,0.0,10.9,,STATS,Normal
1790947231.774,msedge.exe,msedge.exe,0.0,40.9,,STATS,Normal
1790947231.774,msedge.exe,,0.0,148.9,,STATS,Normal
1790947231.774,msedge.exe,msedge.exe,0.0,18.5,,STATS,Normal
1790947231.774,msedge.exe,msedge.exe,0.0,49.3,,STATS,Normal
1790947231.774,msedge.exe,msedge.exe,0.0,18.7,,STATS,Normal
1790947243.774,python.exe,powershell.exe,,,,EXIT,Normal
1790947249.787,msedge.exe,msedge.exe,,19.0,,START,Normal
1790947251.781,msedge.exe,msedge.exe,,,,EXIT,Normal
1790947261.774,System Idle Process,,90.4,0.0,,STATS,Normal
1790947261.774,System,System Idle Process,0.1,9.3,,STATS,Normal
1790947261.774,,,0.0,0.1,,STATS,Normal
1790947261.774,Registry,,0.0,46.9,,STATS,Normal
1790947261.774,Code.exe,Code.exe,0.0,120.9,,STATS,Normal
1790947261.774,smss.exe,System,0.0,1.5,,STATS,Normal
1790947261.774,csrss.exe,,0.0,6.8,,STATS,Normal
1790947261.774,svchost.exe,services.exe,0.0,12.7,,STATS,Normal
1790947261.774,wininit.exe,,0.0,9.6,,STATS,Normal
1790947261.774,services.exe,wininit.exe,0.0,10.8,,STATS,Normal
1790947261.774,svchost.exe,services.exe,0.0,12.2,,STATS,Normal
1790947261.774,LsaIso.exe,wininit.exe,0.0,3.6,,STATS,Normal
1790947261.774,lsass.exe,wininit.exe,0.0,32.5,,STATS,Normal
1790947261.774,IntelCpHDCPSvc.exe,services.exe,0.0,9.2,,STATS,Normal
1790947261.774,svchost.exe,services.exe,0.0,7.6,,STATS,Normal
1790947261.774,svchost.exe,services.exe,0.1,44.5,,STATS,Normal
1790947261.774,fontdrvhost.exe,wininit.exe,0.0,4.3,,STATS,Normal
1790947261.774,WUDFHost.exe,services.exe,0.0,21.7,,STATS,Normal
1790947261.774,svchost.exe,services.exe,0.0,20.0,,STATS,Normal
1790947261.774,svchost.exe,services.exe,0.0,12.7,,STATS,Normal
1790947261.774,svchost.exe,services.exe,0.0,6.8,,STATS,Normal
1790947261.774,svchost.exe,services.exe,0.0,12.2,,STATS,Normal
1790947261.774,svchost.exe,services.exe,0.0,22.8,,STATS,Normal
1790947261.774,svchost.exe,services.exe,0.0,17.7,,STATS,Normal
1790947261.774,igfxEM.exe,igfxCUIService.exe,0.0,17.2,,STATS,Normal
1790947261.774,svchost.exe,services.exe,0.0,16.5,,STATS,Normal
1790947261.774,svchost.exe,services.exe,0.0,13.5,,STATS,Normal
1790947261.774,svchost.exe,services.exe,0.0,14.9,,STATS,Normal
1790947261.774,svchost.exe,services.exe,0.0,30.6,,STATS,Normal
1790947261.774,svchost.exe,services.exe,0.0,12.8,,STATS,Normal
1790947261.774,svchost.exe,services.exe,0.0,13.9,,STATS,Normal
1790947261.774,IntelCpHeciSvc.exe,services.exe,0.0,9.3,,STATS,Normal
1790947261.774,svchost.exe,services.exe,0.0,23.8,,STATS,Normal
1790947261.774,brave.exe,brave.exe,0.0,371.1,,STATS,Normal
1790947261.774,svchost.exe,services.exe,0.0,8.0,,STATS,Normal
1790947261.774,svchost.exe,services.exe,0.0,22.6,,STATS,Normal
1790947261.774,svchost.exe,services.exe,0.0,10.2,,STATS,Normal
1790947261.774,NVDisplay.Container.exe,services.exe,0.0,36.6,,STATS,Normal
1790947261.774,NVIDIA Overlay.exe,NVIDIA Overlay.exe,0.0,93.7,,STATS,Normal
1790947261.774,svchost.exe,services.exe,0.0,12.1,,STATS,Normal
1790947261.774,PresentationFontCache.exe,services.exe,0.0,19.6,,STATS,Normal
1790947261.774,dllhost.exe,svchost.exe,0.0,21.2,,STATS,Normal
1790947261.774,svchost.exe,services.exe,0.0,19.9,,STATS,Normal
1790947261.774,svchost.exe,services.exe,0.0,28.7,,STATS,Normal
1790947261.774,svchost.exe,services.exe,0.0,10.1,,STATS,Normal
1790947261.774,svchost.exe,services.exe,0.0,7.3,,STATS,Normal
1790947261.774,svchost.exe,services.exe,0.0,18.4,,STATS,Normal
1790947261.774,MemCompression,System,0.0,551.2,,STATS,Normal
1790947261.774,svchost.exe,services.exe,0.0,11.6,,STATS,Normal
1790947261.774,svchost.exe,services.exe,0.0,19.7,,STATS,Normal
1790947261.774,igfxCUIService.exe,services.exe,0.0,12.0,,STATS,Normal
1790947261.774,svchost.exe,services.exe,0.0,9.0,,STATS,Normal
1790947261.774,svchost.exe,services.exe,0.0,12.4,,STATS,Normal
1790947261.774,svchost.exe,services.exe,0.0,9.4,,STATS,Normal
1790947261.774,svchost.exe,services.exe,0.0,25.0,,STATS,Normal
1790947261.774,MicrosoftStartFeedProvider.exe,svchost.exe,0.0,42.3,,STATS,Normal
1790947261.774,SystemSettings.exe,svchost.exe,0.0,3.6,,STATS,Normal
1790947261.774,svchost.exe,services.exe,0.0,57.6,,STATS,Normal
1790947261.774,svchost.exe,services.exe,0.0,11.2,,STATS,Normal
1790947261.774,svchost.exe,services.exe,0.0,14.7,,STATS,Normal
1790947261.774,Code.exe,Code.exe,0.0,52.0,,STATS,Normal
1790947261.774,svchost.exe,services.exe,0.0,10.6,,STATS,Normal
1790947261.774,svchost.exe,services.exe,0.0,25.0,,STATS,Normal
1790947261.774,svchost.exe,services.exe,0.0,13.1,,STATS,Normal
1790947261.774,svchost.exe,services.exe,0.0,22.4,,STATS,Normal
1790947261.774,svchost.exe,services.exe,0.0,10.9,,STATS,Normal
1790947261.774,svchost.exe,services.exe,0.0,13.3,,STATS,Normal
1790947261.774,svchost.exe,services.exe,0.0,30.8,,STATS,Normal
1790947261.774,powershell.exe,Code.exe,0.0,71.1,,STATS,Normal
1790947261.774,brave.exe,brave.exe,0.1,54.0,,STATS,Normal
1790947261.774,svchost.exe,services.exe,0.0,9.0,,STATS,Normal
1790947261.774,svchost.exe,services.exe,0.0,29.4,,STATS,Normal
1790947261.774,svchost.exe,services.exe,0.0,11.3,,STATS,Normal
1790947261.774,AsusOptimization.exe,services.exe,0.0,10.1,,STATS,Normal
1790947261.774,svchost.exe,services.exe,0.0,20.5,,STATS,Normal
1790947261.774,svchost.exe,services.exe,0.0,12.8,,STATS,Normal
1790947261.774,spoolsv.exe,services.exe,0.0,26.7,,STATS,Normal
1790947261.774,svchost.exe,services.exe,0.0,10.0,,STATS,Normal
1790947261.774,backgroundTaskHost.exe,svchost.exe,0.0,62.6,,STATS,Normal
1790947261.774,ArmouryCrateControlInterface.exe,services.exe,0.0,11.7,,STATS,Normal
1790947261.774,AsusSoftwareManager.exe,services.exe,0.0,21.8,,STATS,Normal
1790947261.774,AsusSwitch.exe,services.exe,0.0,9.5,,STATS,Normal
1790947261.774,AsusSystemAnalysis.exe,services.exe,0.0,17.2,,STATS,Normal
1790947261.774,svchost.exe,services.exe,0.1,45.0,,STATS,Normal
1790947261.774,AsusAppService.exe,services.exe,0.0,25.2,,STATS,Normal
1790947261.774,AsusSystemDiagnosis.exe,services.exe,0.0,12.2,,STATS,Normal
1790947261.774,DtsApo4Service.exe,services.exe,0.0,20.4,,STATS,Normal
1790947261.774,svchost.exe,services.exe,0.0,16.7,,STATS,Normal
1790947261.774,cmw_srv.exe,services.exe,0.0,90.2,,STATS,Normal
1790947261.774,esif_uf.exe,services.exe,0.0,7.3,,STATS,Normal
1790947261.774,OneApp.IGCC.WinService.exe,services.exe,0.0,48.5,,STATS,Normal
1790947261.774,svchost.exe,services.exe,0.0,29.2,,STATS,Normal
1790947261.774,svchost.exe,services.exe,0.0,15.3,,STATS,Normal
1790947261.774,MpDefenderCoreService.exe,services.exe,0.0,24.2,,STATS,Normal
1790947261.774,nvcontainer.exe,services.exe,0.0,40.0,,STATS,Normal
1790947261.774,svchost.exe,services.exe,0.0,12.8,,STATS,Normal
1790947261.774,RstMwService.exe,services.exe,0.0,8.4,,STATS,Normal
1790947261.774,svchost.exe,services.exe,0.0,7.1,,STATS,Normal
1790947261.774,svchost.exe,services.exe,0.0,21.8,,STATS,Normal
1790947261.774,MsMpEng.exe,services.exe,0.0,321.4,,STATS,Normal
1790947261.774,WMIRegistrationService.exe,services.exe,0.0,13.1,,STATS,Normal
1790947261.774,RtkAudUService64.exe,services.exe,0.0,14.9,,STATS,Normal
1790947261.774,svchost.exe,services.exe,0.0,16.1,,STATS,Normal
1790947261.774,brave.exe,brave.exe,0.0,69.4,,STATS,Normal
1790947261.774,msedgewebview2.exe,msedgewebview2.exe,0.0,12.2,,STATS,Normal
1790947261.774,svchost.exe,services.exe,0.0,14.1,,STATS,Normal
1790947261.774,jhi_service.exe,services.exe,0.0,7.9,,STATS,Normal
1790947261.774,brave.exe,brave.exe,0.0,126.4,,STATS,Normal
1790947261.774,svchost.exe,services.exe,0.0,15.4,,STATS,Normal
1790947261.774,msedgewebview2.exe,msedgewebview2.exe,0.0,18.3,,STATS,Normal
1790947261.774,csrss.exe,,0.0,8.6,,STATS,Normal
1790947261.774,svchost.exe,services.exe,0.0,34.2,,STATS,Normal
1790947261.774,Code.exe,Code.exe,0.0,151.1,,STATS,Normal
1790947261.774,dwm.exe,winlogon.exe,0.2,252.5,,STATS,Normal
1790947261.774,NgcIso.exe,svchost.exe,0.0,4.1,,STATS,Normal
1790947261.774,winlogon.exe,,0.0,23.6,,STATS,Normal
1790947261.774,brave.exe,explorer.exe,0.59,284.6,,STATS,Normal
1790947261.774,fontdrvhost.exe,winlogon.exe,0.0,8.7,,STATS,Normal
1790947261.774,IGCC.exe,svchost.exe,0.0,29.0,,STATS,Normal
1790947261.774,brave.exe,brave.exe,0.69,258.4,,STATS,Normal
1790947261.774,brave.exe,brave.exe,0.0,175.3,,STATS,Normal
1790947261.774,svchost.exe,services.exe,0.0,10.9,,STATS,Normal
1790947261.774,brave.exe,brave.exe,0.0,8.8,,STATS,Normal
1790947261.774,brave.exe,brave.exe,0.0,73.2,,STATS,Normal
1790947261.774,NVIDIA Overlay.exe,NVIDIA Overlay.exe,0.0,72.4,,STATS,Normal
1790947261.774,WmiPrvSE.exe,svchost.exe,0.0,17.4,,STATS,Normal
1790947261.774,nvcontainer.exe,nvcontainer.exe,0.0,33.2,,STATS,Normal
1790947261.774,unsecapp.exe,svchost.exe,0.0,10.1,,STATS,Normal
1790947261.774,svchost.exe,services.exe,0.0,9.6,,STATS,Normal
1790947261.774,NVIDIA Overlay.exe,nvcontainer.exe,0.0,149.0,,STATS,Normal
1790947261.774,AsusOptimizationStartupTask.exe,AsusOptimization.exe,0.0,19.6,,STATS,Normal
1790947261.774,SecurityHealthSystray.exe,explorer.exe,0.0,13.2,,STATS,Normal
1790947261.774,svchost.exe,services.exe,0.0,27.8,,STATS,Normal
1790947261.774,brave.exe,brave.exe,0.0,130.2,,STATS,Normal
1790947261.774,svchost.exe,services.exe,0.0,10.3,,STATS,Normal
1790947261.774,sihost.exe,svchost.exe,0.0,48.3,,STATS,Normal
1790947261.774,AppVShNotify.exe,OfficeClickToRun.exe,0.0,9.8,,STATS,Normal
1790947261.774,msedgewebview2.exe,SearchHost.exe,0.0,113.0,,STATS,Normal
1790947261.774,AsusOSD.exe,,0.0,16.5,,STATS,Normal
1790947261.774,ApplicationFrameHost.exe,svchost.exe,0.0,49.6,,STATS,Normal
1790947261.774,Code.exe,Code.exe,0.0,124.5,,STATS,Normal
1790947261.774,brave.exe,brave.exe,0.0,100.5,,STATS,Normal
1790947261.774,NVIDIA Overlay.exe,NVIDIA Overlay.exe,0.0,22.3,,STATS,Normal
1790947261.774,svchost.exe,services.exe,0.0,22.9,,STATS,Normal
1790947261.774,nvcontainer.exe,nvcontainer.exe,0.0,39.6,,STATS,Normal
1790947261.774,svchost.exe,services.exe,0.0,29.7,,STATS,Normal
1790947261.774,NisSrv.exe,services.exe,0.0,14.1,,STATS,Normal
1790947261.774,NVDisplay.Container.exe,NVDisplay.Container.exe,0.0,44.5,,STATS,Normal
1790947261.774,ctfmon.exe,svchost.exe,0.0,31.3,,STATS,Normal
1790947261.774,taskhostw.exe,svchost.exe,0.0,21.2,,STATS,Normal
1790947261.774,explorer.exe,,0.0,351.8,,STATS,Normal
1790947261.774,StartMenuExperienceHost.exe,svchost.exe,0.0,150.0,,STATS,Normal
1790947261.774,RuntimeBroker.exe,svchost.exe,0.0,80.3,,STATS,Normal
1790947261.774,brave.exe,brave.exe,6.45,468.3,,STATS,Normal
1790947261.774,svchost.exe,services.exe,0.0,12.6,,STATS,Normal
1790947261.774,svchost.exe,services.exe,0.0,24.3,,STATS,Normal
1790947261.774,svchost.exe,services.exe,0.0,42.9,,STATS,Normal
1790947261.774,SpotifyXboxGamebarWebView.exe,svchost.exe,0.0,69.8,,STATS,Normal
1790947261.774,SearchIndexer.exe,services.exe,0.0,44.9,,STATS,Normal
1790947261.774,Code.exe,explorer.exe,0.0,152.8,,STATS,Normal
1790947261.774,svchost.exe,services.exe,0.0,44.6,,STATS,Normal
1790947261.774,svchost.exe,services.exe,0.0,11.2,,STATS,Normal
1790947261.774,CrossDeviceResume.exe,sihost.exe,0.0,52.4,,STATS,Normal
1790947261.774,brave.exe,brave.exe,0.0,270.6,,STATS,Normal
1790947261.774,dllhost.exe,svchost.exe,0.0,20.4,,STATS,Normal
1790947261.774,Code.exe,Code.exe,0.0,263.3,,STATS,Normal
1790947261.774,brave.exe,brave.exe,0.0,23.6,,STATS,Normal
1790947261.774,WidgetService.exe,svchost.exe,0.0,24.9,,STATS,Normal
1790947261.774,nvcontainer.exe,nvcontainer.exe,0.0,90.6,,STATS,Normal
1790947261.774,svchost.exe,services.exe,0.0,24.3,,STATS,Normal
1790947261.774,DefenderSessionHelper.exe,MsMpEng.exe,0.0,6.4,,STATS,Normal
1790947261.774,svchost.exe,services.exe,0.0,70.7,,STATS,Normal
1790947261.774,UserOOBEBroker.exe,svchost.exe,0.0,11.1,,STATS,Normal
1790947261.774,nvsphelper64.exe,nvcontainer.exe,0.1,16.0,,STATS,Normal
1790947261.774,powershell.exe,explorer.exe,0.0,79.2,,STATS,Normal
1790947261.774,svchost.exe,services.exe,0.0,32.5,,STATS,Normal
1790947261.774,WidgetBoard.exe,svchost.exe,0.0,29.1,,STATS,Normal
1790947261.774,brave.exe,brave.exe,0.0,46.7,,STATS,Normal
1790947261.774,SecurityHealthService.exe,services.exe,0.0,23.2,,STATS,Normal
1790947261.774,svchost.exe,services.exe,0.0,14.8,,STATS,Normal
1790947261.774,dllhost.exe,svchost.exe,0.0,12.6,,STATS,Normal
1790947261.774,svchost.exe,services.exe,0.0,18.6,,STATS,Normal
1790947261.774,ArmouryCrateKeyControl.exe,ArmouryCrateControlInterface.exe,0.0,46.2,,STATS,Normal
1790947261.774,conhost.exe,powershell.exe,0.0,23.5,,STATS,Normal
1790947261.774,Code.exe,Code.exe,0.0,111.5,,STATS,Normal
1790947261.774,pet.exe,Code.exe,0.0,8.1,,STATS,Normal
1790947261.774,svchost.exe,services.exe,0.0,10.2,,STATS,Normal
1790947261.774,SDXHelper.exe,svchost.exe,0.0,31.3,,STATS,Normal
1790947261.774,NVIDIA Overlay.exe,NVIDIA Overlay.exe,0.0,37.1,,STATS,Normal
1790947261.774,svchost.exe,services.exe,0.0,16.0,,STATS,Normal
1790947261.774,OfficeClickToRun.exe,services.exe,0.0,58.8,,STATS,Normal
1790947261.774,conhost.exe,pet.exe,0.0,6.8,,STATS,Normal
1790947261.774,RuntimeBroker.exe,svchost.exe,0.0,19.2,,STATS,Normal
1790947261.774,TextInputHost.exe,svchost.exe,0.0,128.4,,STATS,Normal
1790947261.774,svchost.exe,services.exe,0.0,7.6,,STATS,Normal
1790947261.774,AsusSoftwareManagerAgent.exe,AsusSoftwareManager.exe,0.0,43.7,,STATS,Normal
1790947261.774,wlanext.exe,svchost.exe,0.0,11.2,,STATS,Normal
1790947261.774,copilot-runtime.exe,Code.exe,0.0,15.9,,STATS,Normal
1790947261.774,AppActions.exe,svchost.exe,0.0,39.7,,STATS,Normal
1790947261.774,brave.exe,brave.exe,0.0,64.6,,STATS,Normal
1790947261.774,SearchHost.exe,svchost.exe,0.0,138.0,,STATS,Normal
1790947261.774,svchost.exe,services.exe,0.0,25.3,,STATS,Normal
1790947261.774,brave.exe,brave.exe,0.0,119.7,,STATS,Normal
1790947261.774,msedgewebview2.exe,msedgewebview2.exe,0.0,122.3,,STATS,Normal
1790947261.774,OpenConsole.exe,Code.exe,0.0,11.2,,STATS,Normal
1790947261.774,brave.exe,brave.exe,0.0,67.5,,STATS,Normal
1790947261.774,svchost.exe,services.exe,0.0,7.6,,STATS,Normal
1790947261.774,RuntimeBroker.exe,svchost.exe,0.0,29.2,,STATS,Normal
1790947261.774,Intel_PIE_Service.exe,services.exe,0.0,11.8,,STATS,Normal
1790947261.774,Code.exe,Code.exe,0.0,102.7,,STATS,Normal
1790947261.774,Code.exe,Code.exe,0.0,33.0,,STATS,Normal
1790947261.774,brave.exe,brave.exe,0.0,155.2,,STATS,Normal
1790947261.774,dllhost.exe,svchost.exe,0.0,11.0,,STATS,Normal
1790947261.774,msedgewebview2.exe,msedgewebview2.exe,0.0,82.8,,STATS,Normal
1790947261.774,msedgewebview2.exe,msedgewebview2.exe,0.0,40.3,,STATS,Normal
1790947261.774,Code.exe,Code.exe,0.0,248.4,,STATS,Normal
1790947261.774,conhost.exe,copilot-runtime.exe,0.0,6.9,,STATS,Normal
1790947261.774,brave.exe,brave.exe,0.0,23.0,,STATS,Normal
1790947261.774,brave.exe,brave.exe,0.0,73.3,,STATS,Normal
1790947261.774,Code.exe,Code.exe,0.0,565.5,,STATS,Normal
1790947261.774,conhost.exe,powershell.exe,0.0,21.9,,STATS,Normal
1790947261.774,powershell.exe,explorer.exe,0.0,79.1,,STATS,Normal
1790947261.774,ShellHost.exe,sihost.exe,0.0,55.2,,STATS,Normal
1790947261.774,svchost.exe,services.exe,0.0,9.8,,STATS,Normal
1790947261.774,brave.exe,brave.exe,0.0,74.3,,STATS,Normal
1790947261.774,audiodg.exe,svchost.exe,0.0,22.6,,STATS,Normal
1790947261.774,brave.exe,brave.exe,0.0,59.1,,STATS,Normal
1790947261.774,brave.exe,brave.exe,0.0,31.9,,STATS,Normal
1790947261.774,smartscreen.exe,svchost.exe,0.0,13.0,,STATS,Normal
1790947261.774,svchost.exe,services.exe,0.0,23.2,,STATS,Normal
1790947261.774,svchost.exe,services.exe,0.0,10.9,,STATS,Normal
1790947261.774,msedge.exe,msedge.exe,0.0,41.0,,STATS,Normal
1790947261.774,msedge.exe,,0.0,150.7,,STATS,Normal
1790947261.774,msedge.exe,msedge.exe,0.0,12.9,,STATS,Normal
1790947261.774,msedge.exe,msedge.exe,0.0,49.2,,STATS,Normal
1790947261.774,msedge.exe,msedge.exe,0.0,19.0,,STATS,Normal
1790947288.709,System Idle Process,,,,,END,Normal
1790947288.709,System,System Idle Process,,,,END,Normal
1790947288.709,,,,,,END,Normal
1790947288.709,Registry,,,,,END,Normal
1790947288.709,Code.exe,Code.exe,,,,END,Normal
1790947288.709,smss.exe,System,,,,END,Normal
1790947288.709,csrss.exe,,,,,END,Normal
1790947288.709,svchost.exe,services.exe,,,,END,Normal
1790947288.709,wininit.exe,,,,,END,Normal
1790947288.709,services.exe,wininit.exe,,,,END,Normal
1790947288.709,svchost.exe,services.exe,,,,END,Normal
1790947288.709,LsaIso.exe,wininit.exe,,,,END,Normal
1790947288.709,lsass.exe,wininit.exe,,,,END,Normal
1790947288.709,IntelCpHDCPSvc.exe,services.exe,,,,END,Normal
1790947288.709,svchost.exe,services.exe,,,,END,Normal
1790947288.709,svchost.exe,services.exe,,,,END,Normal
1790947288.709,fontdrvhost.exe,wininit.exe,,,,END,Normal
1790947288.709,WUDFHost.exe,services.exe,,,,END,Normal
1790947288.709,svchost.exe,services.exe,,,,END,Normal
1790947288.709,svchost.exe,services.exe,,,,END,Normal
1790947288.709,svchost.exe,services.exe,,,,END,Normal
1790947288.709,svchost.exe,services.exe,,,,END,Normal
1790947288.709,svchost.exe,services.exe,,,,END,Normal
1790947288.709,svchost.exe,services.exe,,,,END,Normal
1790947288.709,igfxEM.exe,igfxCUIService.exe,,,,END,Normal
1790947288.709,svchost.exe,services.exe,,,,END,Normal
1790947288.709,svchost.exe,services.exe,,,,END,Normal
1790947288.709,svchost.exe,services.exe,,,,END,Normal
1790947288.709,svchost.exe,services.exe,,,,END,Normal
1790947288.709,svchost.exe,services.exe,,,,END,Normal
1790947288.709,svchost.exe,services.exe,,,,END,Normal
1790947288.709,IntelCpHeciSvc.exe,services.exe,,,,END,Normal
1790947288.709,svchost.exe,services.exe,,,,END,Normal
1790947288.709,brave.exe,brave.exe,,,,END,Normal
1790947288.709,svchost.exe,services.exe,,,,END,Normal
1790947288.709,svchost.exe,services.exe,,,,END,Normal
1790947288.709,svchost.exe,services.exe,,,,END,Normal
1790947288.709,NVDisplay.Container.exe,services.exe,,,,END,Normal
1790947288.709,NVIDIA Overlay.exe,NVIDIA Overlay.exe,,,,END,Normal
1790947288.709,svchost.exe,services.exe,,,,END,Normal
1790947288.709,PresentationFontCache.exe,services.exe,,,,END,Normal
1790947288.709,dllhost.exe,svchost.exe,,,,END,Normal
1790947288.709,svchost.exe,services.exe,,,,END,Normal
1790947288.709,svchost.exe,services.exe,,,,END,Normal
1790947288.709,svchost.exe,services.exe,,,,END,Normal
1790947288.709,svchost.exe,services.exe,,,,END,Normal
1790947288.709,svchost.exe,services.exe,,,,END,Normal
1790947288.709,MemCompression,System,,,,END,Normal
1790947288.709,svchost.exe,services.exe,,,,END,Normal
1790947288.709,svchost.exe,services.exe,,,,END,Normal
1790947288.709,igfxCUIService.exe,services.exe,,,,END,Normal
1790947288.709,svchost.exe,services.exe,,,,END,Normal
1790947288.709,svchost.exe,services.exe,,,,END,Normal
1790947288.709,svchost.exe,services.exe,,,,END,Normal
1790947288.709,svchost.exe,services.exe,,,,END,Normal
1790947288.709,MicrosoftStartFeedProvider.exe,svchost.exe,,,,END,Normal
1790947288.709,SystemSettings.exe,svchost.exe,,,,END,Normal
1790947288.709,svchost.exe,services.exe,,,,END,Normal
1790947288.709,svchost.exe,services.exe,,,,END,Normal
1790947288.709,svchost.exe,services.exe,,,,END,Normal
1790947288.709,Code.exe,Code.exe,,,,END,Normal
1790947288.709,svchost.exe,services.exe,,,,END,Normal
1790947288.709,svchost.exe,services.exe,,,,END,Normal
1790947288.709,svchost.exe,services.exe,,,,END,Normal
1790947288.709,svchost.exe,services.exe,,,,END,Normal
1790947288.709,svchost.exe,services.exe,,,,END,Normal
1790947288.709,svchost.exe,services.exe,,,,END,Normal
1790947288.709,svchost.exe,services.exe,,,,END,Normal
1790947288.709,powershell.exe,Code.exe,,,,END,Normal
1790947288.709,brave.exe,brave.exe,,,,END,Normal
1790947288.709,svchost.exe,services.exe,,,,END,Normal
1790947288.709,svchost.exe,services.exe,,,,END,Normal
1790947288.709,svchost.exe,services.exe,,,,END,Normal
1790947288.709,AsusOptimization.exe,services.exe,,,,END,Normal
1790947288.709,svchost.exe,services.exe,,,,END,Normal
1790947288.709,svchost.exe,services.exe,,,,END,Normal
1790947288.709,spoolsv.exe,services.exe,,,,END,Normal
1790947288.709,svchost.exe,services.exe,,,,END,Normal
1790947288.709,backgroundTaskHost.exe,svchost.exe,,,,END,Normal
1790947288.709,ArmouryCrateControlInterface.exe,services.exe,,,,END,Normal
1790947288.709,AsusSoftwareManager.exe,services.exe,,,,END,Normal
1790947288.709,AsusSwitch.exe,services.exe,,,,END,Normal
1790947288.709,AsusSystemAnalysis.exe,services.exe,,,,END,Normal
1790947288.709,svchost.exe,services.exe,,,,END,Normal
1790947288.709,AsusAppService.exe,services.exe,,,,END,Normal
1790947288.709,AsusSystemDiagnosis.exe,services.exe,,,,END,Normal
1790947288.709,DtsApo4Service.exe,services.exe,,,,END,Normal
1790947288.709,svchost.exe,services.exe,,,,END,Normal
1790947288.709,cmw_srv.exe,services.exe,,,,END,Normal
1790947288.709,esif_uf.exe,services.exe,,,,END,Normal
1790947288.709,OneApp.IGCC.WinService.exe,services.exe,,,,END,Normal
1790947288.709,svchost.exe,services.exe,,,,END,Normal
1790947288.709,svchost.exe,services.exe,,,,END,Normal
1790947288.709,MpDefenderCoreService.exe,services.exe,,,,END,Normal
1790947288.709,nvcontainer.exe,services.exe,,,,END,Normal
1790947288.709,svchost.exe,services.exe,,,,END,Normal
1790947288.709,RstMwService.exe,services.exe,,,,END,Normal
1790947288.709,svchost.exe,services.exe,,,,END,Normal
1790947288.709,svchost.exe,services.exe,,,,END,Normal
1790947288.709,MsMpEng.exe,services.exe,,,,END,Normal
1790947288.709,WMIRegistrationService.exe,services.exe,,,,END,Normal
1790947288.709,RtkAudUService64.exe,services.exe,,,,END,Normal
1790947288.709,svchost.exe,services.exe,,,,END,Normal
1790947288.709,brave.exe,brave.exe,,,,END,Normal
1790947288.709,msedgewebview2.exe,msedgewebview2.exe,,,,END,Normal
1790947288.709,svchost.exe,services.exe,,,,END,Normal
1790947288.709,jhi_service.exe,services.exe,,,,END,Normal
1790947288.709,brave.exe,brave.exe,,,,END,Normal
1790947288.709,svchost.exe,services.exe,,,,END,Normal
1790947288.709,msedgewebview2.exe,msedgewebview2.exe,,,,END,Normal
1790947288.709,csrss.exe,,,,,END,Normal
1790947288.709,svchost.exe,services.exe,,,,END,Normal
1790947288.709,Code.exe,Code.exe,,,,END,Normal
1790947288.709,dwm.exe,winlogon.exe,,,,END,Normal
1790947288.709,NgcIso.exe,svchost.exe,,,,END,Normal
1790947288.709,winlogon.exe,,,,,END,Normal
1790947288.709,brave.exe,explorer.exe,,,,END,Normal
1790947288.709,fontdrvhost.exe,winlogon.exe,,,,END,Normal
1790947288.709,IGCC.exe,svchost.exe,,,,END,Normal
1790947288.709,brave.exe,brave.exe,,,,END,Normal
1790947288.709,brave.exe,brave.exe,,,,END,Normal
1790947288.709,svchost.exe,services.exe,,,,END,Normal
1790947288.709,brave.exe,brave.exe,,,,END,Normal
1790947288.709,brave.exe,brave.exe,,,,END,Normal
1790947288.709,NVIDIA Overlay.exe,NVIDIA Overlay.exe,,,,END,Normal
1790947288.709,WmiPrvSE.exe,svchost.exe,,,,END,Normal
1790947288.709,nvcontainer.exe,nvcontainer.exe,,,,END,Normal
1790947288.709,unsecapp.exe,svchost.exe,,,,END,Normal
1790947288.709,svchost.exe,services.exe,,,,END,Normal
1790947288.709,NVIDIA Overlay.exe,nvcontainer.exe,,,,END,Normal
1790947288.709,AsusOptimizationStartupTask.exe,AsusOptimization.exe,,,,END,Normal
1790947288.709,SecurityHealthSystray.exe,explorer.exe,,,,END,Normal
1790947288.709,svchost.exe,services.exe,,,,END,Normal
1790947288.709,brave.exe,brave.exe,,,,END,Normal
1790947288.709,svchost.exe,services.exe,,,,END,Normal
1790947288.709,sihost.exe,svchost.exe,,,,END,Normal
1790947288.709,AppVShNotify.exe,OfficeClickToRun.exe,,,,END,Normal
1790947288.709,msedgewebview2.exe,SearchHost.exe,,,,END,Normal
1790947288.709,AsusOSD.exe,,,,,END,Normal
1790947288.709,ApplicationFrameHost.exe,svchost.exe,,,,END,Normal
1790947288.709,Code.exe,Code.exe,,,,END,Normal
1790947288.709,brave.exe,brave.exe,,,,END,Normal
1790947288.709,NVIDIA Overlay.exe,NVIDIA Overlay.exe,,,,END,Normal
1790947288.709,svchost.exe,services.exe,,,,END,Normal
1790947288.709,nvcontainer.exe,nvcontainer.exe,,,,END,Normal
1790947288.709,svchost.exe,services.exe,,,,END,Normal
1790947288.709,NisSrv.exe,services.exe,,,,END,Normal
1790947288.709,NVDisplay.Container.exe,NVDisplay.Container.exe,,,,END,Normal
1790947288.709,ctfmon.exe,svchost.exe,,,,END,Normal
1790947288.709,taskhostw.exe,svchost.exe,,,,END,Normal
1790947288.709,explorer.exe,,,,,END,Normal
1790947288.709,StartMenuExperienceHost.exe,svchost.exe,,,,END,Normal
1790947288.709,RuntimeBroker.exe,svchost.exe,,,,END,Normal
1790947288.709,brave.exe,brave.exe,,,,END,Normal
1790947288.709,svchost.exe,services.exe,,,,END,Normal
1790947288.709,svchost.exe,services.exe,,,,END,Normal
1790947288.709,svchost.exe,services.exe,,,,END,Normal
1790947288.709,SpotifyXboxGamebarWebView.exe,svchost.exe,,,,END,Normal
1790947288.709,SearchIndexer.exe,services.exe,,,,END,Normal
1790947288.709,Code.exe,explorer.exe,,,,END,Normal
1790947288.709,svchost.exe,services.exe,,,,END,Normal
1790947288.709,svchost.exe,services.exe,,,,END,Normal
1790947288.709,CrossDeviceResume.exe,sihost.exe,,,,END,Normal
1790947288.709,brave.exe,brave.exe,,,,END,Normal
1790947288.709,dllhost.exe,svchost.exe,,,,END,Normal
1790947288.709,Code.exe,Code.exe,,,,END,Normal
1790947288.709,brave.exe,brave.exe,,,,END,Normal
1790947288.709,WidgetService.exe,svchost.exe,,,,END,Normal
1790947288.709,nvcontainer.exe,nvcontainer.exe,,,,END,Normal
1790947288.709,svchost.exe,services.exe,,,,END,Normal
1790947288.709,DefenderSessionHelper.exe,MsMpEng.exe,,,,END,Normal
1790947288.709,svchost.exe,services.exe,,,,END,Normal
1790947288.709,UserOOBEBroker.exe,svchost.exe,,,,END,Normal
1790947288.709,nvsphelper64.exe,nvcontainer.exe,,,,END,Normal
1790947288.709,powershell.exe,explorer.exe,,,,END,Normal
1790947288.709,svchost.exe,services.exe,,,,END,Normal
1790947288.709,WidgetBoard.exe,svchost.exe,,,,END,Normal
1790947288.709,brave.exe,brave.exe,,,,END,Normal
1790947288.709,SecurityHealthService.exe,services.exe,,,,END,Normal
1790947288.709,svchost.exe,services.exe,,,,END,Normal
1790947288.709,dllhost.exe,svchost.exe,,,,END,Normal
1790947288.709,svchost.exe,services.exe,,,,END,Normal
1790947288.709,ArmouryCrateKeyControl.exe,ArmouryCrateControlInterface.exe,,,,END,Normal
1790947288.709,conhost.exe,powershell.exe,,,,END,Normal
1790947288.709,Code.exe,Code.exe,,,,END,Normal
1790947288.709,pet.exe,Code.exe,,,,END,Normal
1790947288.709,svchost.exe,services.exe,,,,END,Normal
1790947288.709,SDXHelper.exe,svchost.exe,,,,END,Normal
1790947288.709,NVIDIA Overlay.exe,NVIDIA Overlay.exe,,,,END,Normal
1790947288.709,svchost.exe,services.exe,,,,END,Normal
1790947288.709,OfficeClickToRun.exe,services.exe,,,,END,Normal
1790947288.709,conhost.exe,pet.exe,,,,END,Normal
1790947288.709,RuntimeBroker.exe,svchost.exe,,,,END,Normal
1790947288.709,TextInputHost.exe,svchost.exe,,,,END,Normal
1790947288.709,svchost.exe,services.exe,,,,END,Normal
1790947288.709,AsusSoftwareManagerAgent.exe,AsusSoftwareManager.exe,,,,END,Normal
1790947288.709,wlanext.exe,svchost.exe,,,,END,Normal
1790947288.709,copilot-runtime.exe,Code.exe,,,,END,Normal
1790947288.709,AppActions.exe,svchost.exe,,,,END,Normal
1790947288.709,brave.exe,brave.exe,,,,END,Normal
1790947288.709,SearchHost.exe,svchost.exe,,,,END,Normal
1790947288.709,svchost.exe,services.exe,,,,END,Normal
1790947288.709,brave.exe,brave.exe,,,,END,Normal
1790947288.709,msedgewebview2.exe,msedgewebview2.exe,,,,END,Normal
1790947288.709,OpenConsole.exe,Code.exe,,,,END,Normal
1790947288.709,brave.exe,brave.exe,,,,END,Normal
1790947288.709,svchost.exe,services.exe,,,,END,Normal
1790947288.709,RuntimeBroker.exe,svchost.exe,,,,END,Normal
1790947288.709,Intel_PIE_Service.exe,services.exe,,,,END,Normal
1790947288.709,Code.exe,Code.exe,,,,END,Normal
1790947288.709,Code.exe,Code.exe,,,,END,Normal
1790947288.709,brave.exe,brave.exe,,,,END,Normal
1790947288.709,dllhost.exe,svchost.exe,,,,END,Normal
1790947288.709,msedgewebview2.exe,msedgewebview2.exe,,,,END,Normal
1790947288.709,msedgewebview2.exe,msedgewebview2.exe,,,,END,Normal
1790947288.709,Code.exe,Code.exe,,,,END,Normal
1790947288.709,conhost.exe,copilot-runtime.exe,,,,END,Normal
1790947288.709,brave.exe,brave.exe,,,,END,Normal
1790947288.709,brave.exe,brave.exe,,,,END,Normal
1790947288.709,Code.exe,Code.exe,,,,END,Normal
1790947288.709,conhost.exe,powershell.exe,,,,END,Normal
1790947288.709,powershell.exe,explorer.exe,,,,END,Normal
1790947288.709,ShellHost.exe,sihost.exe,,,,END,Normal
1790947288.709,svchost.exe,services.exe,,,,END,Normal
1790947288.709,brave.exe,brave.exe,,,,END,Normal
1790947288.709,audiodg.exe,svchost.exe,,,,END,Normal
1790947288.709,brave.exe,brave.exe,,,,END,Normal
1790947288.709,brave.exe,brave.exe,,,,END,Normal
1790947288.709,smartscreen.exe,svchost.exe,,,,END,Normal
1790947288.709,svchost.exe,services.exe,,,,END,Normal
1790947288.709,svchost.exe,services.exe,,,,END,Normal
1790947288.709,msedge.exe,msedge.exe,,,,END,Normal
1790947288.709,msedge.exe,,,,,END,Normal
1790947288.709,msedge.exe,msedge.exe,,,,END,Normal
1790947288.709,msedge.exe,msedge.exe,,,,END,Normal
1790947288.709,msedge.exe,msedge.exe,,,,END,Normal
1790946203.069,brave.exe,explorer.exe,,,LocalState (Master Key),MODIFY,Normal
1790946203.069,brave.exe,explorer.exe,,,LocalState (Master Key),DELETE,Normal
1790946233.057,brave.exe,explorer.exe,,,LocalState (Master Key),MODIFY,Normal
1790946233.057,brave.exe,explorer.exe,,,LocalState (Master Key),DELETE,Normal
1790946249.354,brave.exe,explorer.exe,,,LocalState (Master Key),MODIFY,Normal
1790946249.354,brave.exe,explorer.exe,,,LocalState (Master Key),DELETE,Normal
1790946263.087,brave.exe,explorer.exe,,,LocalState (Master Key),MODIFY,Normal
1790946263.087,brave.exe,explorer.exe,,,LocalState (Master Key),DELETE,Normal
1790946293.088,brave.exe,explorer.exe,,,LocalState (Master Key),MODIFY,Normal
1790946293.088,brave.exe,explorer.exe,,,LocalState (Master Key),DELETE,Normal
1790946322.772,brave.exe,explorer.exe,,,LocalState (Master Key),MODIFY,Normal
1790946322.772,brave.exe,explorer.exe,,,LocalState (Master Key),DELETE,Normal
1790946349.4,brave.exe,explorer.exe,,,LocalState (Master Key),MODIFY,Normal
1790946349.4,brave.exe,explorer.exe,,,LocalState (Master Key),DELETE,Normal
1790946369.397,brave.exe,explorer.exe,,,LocalState (Master Key),MODIFY,Normal
1790946369.397,brave.exe,explorer.exe,,,LocalState (Master Key),DELETE,Normal
1790946383.122,brave.exe,explorer.exe,,,LocalState (Master Key),MODIFY,Normal
1790946383.122,brave.exe,explorer.exe,,,LocalState (Master Key),DELETE,Normal
1790946409.432,brave.exe,explorer.exe,,,LocalState (Master Key),MODIFY,Normal
1790946409.432,brave.exe,explorer.exe,,,LocalState (Master Key),DELETE,Normal
1790946429.432,brave.exe,explorer.exe,,,LocalState (Master Key),MODIFY,Normal
1790946429.432,brave.exe,explorer.exe,,,LocalState (Master Key),DELETE,Normal
1790946443.128,brave.exe,explorer.exe,,,LocalState (Master Key),MODIFY,Normal
1790946443.128,brave.exe,explorer.exe,,,LocalState (Master Key),DELETE,Normal
1790946456.459,brave.exe,explorer.exe,,,LocalState (Master Key),MODIFY,Normal
1790946456.459,brave.exe,explorer.exe,,,LocalState (Master Key),DELETE,Normal
1790946473.138,brave.exe,explorer.exe,,,LocalState (Master Key),MODIFY,Normal
1790946473.138,brave.exe,explorer.exe,,,LocalState (Master Key),DELETE,Normal
1790946502.581,brave.exe,explorer.exe,,,LocalState (Master Key),MODIFY,Normal
1790946502.581,brave.exe,explorer.exe,,,LocalState (Master Key),DELETE,Normal
1790946529.494,brave.exe,explorer.exe,,,LocalState (Master Key),MODIFY,Normal
1790946529.494,brave.exe,explorer.exe,,,LocalState (Master Key),DELETE,Normal
1790946563.18,brave.exe,explorer.exe,,,LocalState (Master Key),MODIFY,Normal
1790946563.18,brave.exe,explorer.exe,,,LocalState (Master Key),DELETE,Normal
1790946593.178,brave.exe,explorer.exe,,,LocalState (Master Key),MODIFY,Normal
1790946593.179,brave.exe,explorer.exe,,,LocalState (Master Key),DELETE,Normal
1790946623.182,brave.exe,explorer.exe,,,LocalState (Master Key),MODIFY,Normal
1790946623.182,brave.exe,explorer.exe,,,LocalState (Master Key),DELETE,Normal
1790946653.196,brave.exe,explorer.exe,,,LocalState (Master Key),MODIFY,Normal
1790946653.196,brave.exe,explorer.exe,,,LocalState (Master Key),DELETE,Normal
1790946683.194,brave.exe,explorer.exe,,,LocalState (Master Key),MODIFY,Normal
1790946683.194,brave.exe,explorer.exe,,,LocalState (Master Key),DELETE,Normal
1790946713.206,brave.exe,explorer.exe,,,LocalState (Master Key),MODIFY,Normal
1790946713.206,brave.exe,explorer.exe,,,LocalState (Master Key),DELETE,Normal
1790946743.213,brave.exe,explorer.exe,,,LocalState (Master Key),MODIFY,Normal
1790946743.213,brave.exe,explorer.exe,,,LocalState (Master Key),DELETE,Normal
1790946773.22,brave.exe,explorer.exe,,,LocalState (Master Key),MODIFY,Normal
1790946773.22,brave.exe,explorer.exe,,,LocalState (Master Key),DELETE,Normal
1790946803.224,brave.exe,explorer.exe,,,LocalState (Master Key),MODIFY,Normal
1790946803.224,brave.exe,explorer.exe,,,LocalState (Master Key),DELETE,Normal
1790946821.991,brave.exe,explorer.exe,,,LocalState (Master Key),MODIFY,Normal
1790946821.991,brave.exe,explorer.exe,,,LocalState (Master Key),DELETE,Normal
1790946833.238,brave.exe,explorer.exe,,,LocalState (Master Key),MODIFY,Normal
1790946833.238,brave.exe,explorer.exe,,,LocalState (Master Key),DELETE,Normal
1790946855.454,brave.exe,explorer.exe,,,LocalState (Master Key),MODIFY,Normal
1790946855.454,brave.exe,explorer.exe,,,LocalState (Master Key),DELETE,Normal
1790946869.615,brave.exe,explorer.exe,,,LocalState (Master Key),MODIFY,Normal
1790946869.615,brave.exe,explorer.exe,,,LocalState (Master Key),DELETE,Normal
1790946893.241,brave.exe,explorer.exe,,,LocalState (Master Key),MODIFY,Normal
1790946893.241,brave.exe,explorer.exe,,,LocalState (Master Key),DELETE,Normal
1790946922.775,brave.exe,explorer.exe,,,LocalState (Master Key),MODIFY,Normal
1790946922.775,brave.exe,explorer.exe,,,LocalState (Master Key),DELETE,Normal
1790946953.262,brave.exe,explorer.exe,,,LocalState (Master Key),MODIFY,Normal
1790946953.262,brave.exe,explorer.exe,,,LocalState (Master Key),DELETE,Normal
1790946969.627,brave.exe,explorer.exe,,,LocalState (Master Key),MODIFY,Normal
1790946969.627,brave.exe,explorer.exe,,,LocalState (Master Key),DELETE,Normal
1790946983.263,brave.exe,explorer.exe,,,LocalState (Master Key),MODIFY,Normal
1790946983.263,brave.exe,explorer.exe,,,LocalState (Master Key),DELETE,Normal
1790947013.272,brave.exe,explorer.exe,,,LocalState (Master Key),MODIFY,Normal
1790947013.272,brave.exe,explorer.exe,,,LocalState (Master Key),DELETE,Normal
1790947043.277,brave.exe,explorer.exe,,,LocalState (Master Key),MODIFY,Normal
1790947043.277,brave.exe,explorer.exe,,,LocalState (Master Key),DELETE,Normal
1790947073.302,brave.exe,explorer.exe,,,LocalState (Master Key),MODIFY,Normal
1790947073.302,brave.exe,explorer.exe,,,LocalState (Master Key),DELETE,Normal
1790947103.307,brave.exe,explorer.exe,,,LocalState (Master Key),MODIFY,Normal
1790947103.307,brave.exe,explorer.exe,,,LocalState (Master Key),DELETE,Normal
1790947133.3,brave.exe,explorer.exe,,,LocalState (Master Key),MODIFY,Normal
1790947133.3,brave.exe,explorer.exe,,,LocalState (Master Key),DELETE,Normal
1790947149.689,brave.exe,explorer.exe,,,LocalState (Master Key),MODIFY,Normal
1790947149.689,brave.exe,explorer.exe,,,LocalState (Master Key),DELETE,Normal
1790947163.314,brave.exe,explorer.exe,,,LocalState (Master Key),MODIFY,Normal
1790947163.314,brave.exe,explorer.exe,,,LocalState (Master Key),DELETE,Normal
1790947179.896,msedge.exe,,,,LocalState (Master Key),READ,Normal
1790947179.976,msedge.exe,,,,Autofill & Credit Cards,MODIFY,Normal
1790947180.215,msedge.exe,,,,Saved Passwords DB,MODIFY,Normal
1790947182.728,msedge.exe,,,,LocalState (Master Key),MODIFY,Normal
1790947182.728,msedge.exe,,,,LocalState (Master Key),DELETE,Normal
1790947183.36,msedge.exe,,,,Saved Passwords DB,READ,Normal
1790947183.369,msedge.exe,msedge.exe,,,CookieDB,READ,Normal
1790947183.373,msedge.exe,,,,Autofill & Credit Cards,READ,Normal
1790947183.373,msedge.exe,,,,Saved Passwords DB,READ,Normal
1790947184.484,msedge.exe,,,,LocalState (Master Key),READ,Normal
1790947184.56,msedge.exe,,,,Autofill & Credit Cards,MODIFY,Normal
1790947184.781,msedge.exe,,,,Saved Passwords DB,MODIFY,Normal
1790947188.106,msedge.exe,,,,CookieDB,MODIFY,Normal
1790947188.181,msedge.exe,,,,LocalState (Master Key),MODIFY,Normal
1790947188.181,msedge.exe,,,,LocalState (Master Key),DELETE,Normal
1790947188.782,msedge.exe,,,,Autofill & Credit Cards,READ,Normal
1790947188.782,msedge.exe,,,,Saved Passwords DB,READ,Normal
1790947188.782,msedge.exe,,,,Saved Passwords DB,READ,Normal
1790947188.848,msedge.exe,msedge.exe,,,CookieDB,READ,Normal
1790947198.69,msedge.exe,,,,LocalState (Master Key),MODIFY,Normal
1790947198.69,msedge.exe,,,,LocalState (Master Key),DELETE,Normal
1790947219.203,msedge.exe,msedge.exe,,,CookieDB,MODIFY,Normal
1790947223.32,brave.exe,explorer.exe,,,LocalState (Master Key),MODIFY,Normal
1790947223.32,brave.exe,explorer.exe,,,LocalState (Master Key),DELETE,Normal
